id	card_type	domain	category	source	level	lesson	deck	front	back	front_label	back_label	front_lang	back_lang	typing_target	examples	related	opposites	details	custom_fields	tags	notes	order
ma2-lu-0001	de-vocabulary	German	verb	Menschen A2	A2			kuscheln	بغل کردن، در آغوش گرفتن	Deutsch	فارسی	de-DE	fa-IR	front-core	[{"text":"Wir haben zusammen gekuschelt.","lang":"de-DE","role":"example","label":"ma2-lu-0001-ex-001","order":1},{"text":"We cuddled together.","lang":"en-US","role":"example","label":"translation:ma2-lu-0001-ex-001","order":2}]	[]	[]	[{"title":"Formen","items":["Präsens (3. Sg.): kuschelt","Präteritum: kuschelte","Perfekt: hat gekuschelt","Hilfsverb: haben"]}]	{"entry_type":"verb","canonical_entry_type":"verb","learning_unit_id":"ma2-lu-0001","semantic_identity":"ma2-lu-0001","german_learning_contract":"gfp-german-learning-content@1.0.0","semantic_contract":"gfp-german-language-content@3.1.3","source_profile_id":"menschen-a2@2.1.0","german_definition":"","english":"","direction_policy":"language-pair","canonical_unit":{"id":"ma2-lu-0001","type":"verb","headword":"kuscheln","persian_meaning":"بغل کردن، در آغوش گرفتن","core":{"present_3sg":"kuschelt","preterite_3sg":"kuschelte","perfect":"hat gekuschelt","auxiliary":"haben","reflexive":false,"separability":"non_prefixed"},"examples":[{"id":"ma2-lu-0001-ex-001","lang":"de-DE","text":"Wir haben zusammen gekuschelt.","order":1,"translations":[{"lang":"fa-IR","text":"ما با هم بغل کردیم."},{"lang":"en-US","text":"We cuddled together."}]}],"metadata":{"dataset_id":"menschen-a2","unit_order":1,"tags":["menschen-a2","a2"]},"provenance":{"sources":[{"source_id":"menschen_a2_user_screenshots","source_kind":"course","what_was_verified":["orthography","persian_gloss","morphology","example_attestation"],"verification_status":"verified","locator":"screenshot-1:row-1;source-order=1","accessed_at":"2026-09-02","evidence_note":"Authoritative user-supplied source row. Raw German bundle: kuscheln, kuschelte, hat gekuschelt / schmusen"},{"source_id":"assistant_translation_review","source_kind":"other","what_was_verified":["persian_example_translation","english_example_translation"],"verification_status":"verified","accessed_at":"2026-09-02","evidence_note":"Production translation generated and sense-alignment reviewed against the German example and canonical Persian meaning; this is internal production evidence, not an external lexicon claim."}]}},"present":"kuschelt","preterite":"kuschelte","perfect":"hat gekuschelt","participle_ii":"","auxiliary":"haben","reflexive":false,"is_reflexive":false,"is_separable":false,"rection":"","typingCore":"kuscheln","typingStandard":"kuscheln","typingTargetLang":"de-DE","typingTargetDir":"ltr","typingTargetLabel":"Wort"}	menschen-a2; a2		1
ma2-lu-0002	de-vocabulary	German	phrase	Menschen A2	A2			sich an jdn. kuscheln	خود را به کسی چسباندن، به کسی پناه بردن	Deutsch	فارسی	de-DE	fa-IR	front-core	[{"text":"Die Katze hat sich an mich gekuschelt","lang":"de-DE","role":"example","label":"ma2-lu-0002-ex-001","order":1},{"text":"The cat cuddled up to me.","lang":"en-US","role":"example","label":"translation:ma2-lu-0002-ex-001","order":2}]	[]	[]	[]	{"entry_type":"phrase","canonical_entry_type":"phrase","learning_unit_id":"ma2-lu-0002","semantic_identity":"ma2-lu-0002","german_learning_contract":"gfp-german-learning-content@1.0.0","semantic_contract":"gfp-german-language-content@3.1.3","source_profile_id":"menschen-a2@2.1.0","german_definition":"","english":"","direction_policy":"language-pair","canonical_unit":{"id":"ma2-lu-0002","type":"phrase","headword":"sich an jdn. kuscheln","persian_meaning":"خود را به کسی چسباندن، به کسی پناه بردن","core":{"structure":"sich an jdn. kuscheln"},"examples":[{"id":"ma2-lu-0002-ex-001","lang":"de-DE","text":"Die Katze hat sich an mich gekuschelt","order":1,"translations":[{"lang":"fa-IR","text":"گربه خودش را به من چسباند."},{"lang":"en-US","text":"The cat cuddled up to me."}]}],"metadata":{"dataset_id":"menschen-a2","unit_order":2,"tags":["menschen-a2","a2"]},"provenance":{"sources":[{"source_id":"menschen_a2_user_screenshots","source_kind":"course","what_was_verified":["orthography","persian_gloss","example_attestation"],"verification_status":"verified","locator":"screenshot-1:row-2;source-order=2","accessed_at":"2026-09-02","evidence_note":"Authoritative user-supplied source row. Raw German bundle: sichAkk. an jdn. kuscheln / sich anschmiegen"},{"source_id":"assistant_translation_review","source_kind":"other","what_was_verified":["persian_example_translation","english_example_translation"],"verification_status":"verified","accessed_at":"2026-09-02","evidence_note":"Production translation generated and sense-alignment reviewed against the German example and canonical Persian meaning; this is internal production evidence, not an external lexicon claim."}]}}}	menschen-a2; a2		2
ma2-lu-0003	de-vocabulary	German	verb	Menschen A2	A2			klettern	بالا رفتن، صخره‌نوردی کردن	Deutsch	فارسی	de-DE	fa-IR	front-core	[{"text":"Auf einen Baum, über den Zaun klettern","lang":"de-DE","role":"example","label":"ma2-lu-0003-ex-001","order":1},{"text":"to climb a tree, to climb over the fence","lang":"en-US","role":"example","label":"translation:ma2-lu-0003-ex-001","order":2}]	[]	[]	[{"title":"Formen","items":["Präsens (3. Sg.): klettert","Präteritum: kletterte","Perfekt: ist geklettert","Hilfsverb: sein"]}]	{"entry_type":"verb","canonical_entry_type":"verb","learning_unit_id":"ma2-lu-0003","semantic_identity":"ma2-lu-0003","german_learning_contract":"gfp-german-learning-content@1.0.0","semantic_contract":"gfp-german-language-content@3.1.3","source_profile_id":"menschen-a2@2.1.0","german_definition":"","english":"","direction_policy":"language-pair","canonical_unit":{"id":"ma2-lu-0003","type":"verb","headword":"klettern","persian_meaning":"بالا رفتن، صخره‌نوردی کردن","core":{"present_3sg":"klettert","preterite_3sg":"kletterte","perfect":"ist geklettert","auxiliary":"sein","reflexive":false,"separability":"non_prefixed"},"examples":[{"id":"ma2-lu-0003-ex-001","lang":"de-DE","text":"Auf einen Baum, über den Zaun klettern","order":1,"translations":[{"lang":"fa-IR","text":"از یک درخت بالا رفتن، از روی حصار بالا رفتن"},{"lang":"en-US","text":"to climb a tree, to climb over the fence"}]}],"metadata":{"dataset_id":"menschen-a2","unit_order":3,"tags":["menschen-a2","a2"]},"provenance":{"sources":[{"source_id":"menschen_a2_user_screenshots","source_kind":"course","what_was_verified":["orthography","persian_gloss","morphology","example_attestation"],"verification_status":"verified","locator":"screenshot-1:row-3;source-order=3","accessed_at":"2026-09-02","evidence_note":"Authoritative user-supplied source row. Raw German bundle: klettern, klettert, kletterte, ist geklettert / steigen"},{"source_id":"assistant_translation_review","source_kind":"other","what_was_verified":["persian_example_translation","english_example_translation"],"verification_status":"verified","accessed_at":"2026-09-02","evidence_note":"Production translation generated and sense-alignment reviewed against the German example and canonical Persian meaning; this is internal production evidence, not an external lexicon claim."}]}},"present":"klettert","preterite":"kletterte","perfect":"ist geklettert","participle_ii":"","auxiliary":"sein","reflexive":false,"is_reflexive":false,"is_separable":false,"rection":"","typingCore":"klettern","typingStandard":"klettern","typingTargetLang":"de-DE","typingTargetDir":"ltr","typingTargetLabel":"Wort"}	menschen-a2; a2		3
ma2-lu-0004	de-vocabulary	German	verb	Menschen A2	A2			übergeben	تحویل دادن، واگذار کردن	Deutsch	فارسی	de-DE	fa-IR	front-core	[{"text":"Er übergab seinen gesamten Grundbesitz an seinen Sohn.","lang":"de-DE","role":"example","label":"ma2-lu-0004-ex-001","order":1},{"text":"He transferred all of his property to his son.","lang":"en-US","role":"example","label":"translation:ma2-lu-0004-ex-001","order":2}]	[]	[]	[{"title":"Formen","items":["Präsens (3. Sg.): übergibt","Präteritum: übergab","Perfekt: hat übergeben","Hilfsverb: haben"]},{"title":"Grammar Notes","items":["Akkusativobjekt (Quellennotation)"]}]	{"entry_type":"verb","canonical_entry_type":"verb","learning_unit_id":"ma2-lu-0004","semantic_identity":"ma2-lu-0004","german_learning_contract":"gfp-german-learning-content@1.0.0","semantic_contract":"gfp-german-language-content@3.1.3","source_profile_id":"menschen-a2@2.1.0","german_definition":"","english":"","direction_policy":"language-pair","canonical_unit":{"id":"ma2-lu-0004","type":"verb","headword":"übergeben","persian_meaning":"تحویل دادن، واگذار کردن","core":{"present_3sg":"übergibt","preterite_3sg":"übergab","perfect":"hat übergeben","auxiliary":"haben","reflexive":false,"separability":"inseparable"},"examples":[{"id":"ma2-lu-0004-ex-001","lang":"de-DE","text":"Er übergab seinen gesamten Grundbesitz an seinen Sohn.","order":1,"translations":[{"lang":"fa-IR","text":"او تمام املاک خود را به پسرش واگذار کرد."},{"lang":"en-US","text":"He transferred all of his property to his son."}]}],"metadata":{"dataset_id":"menschen-a2","unit_order":4,"tags":["menschen-a2","a2"]},"provenance":{"sources":[{"source_id":"menschen_a2_user_screenshots","source_kind":"course","what_was_verified":["orthography","persian_gloss","morphology","example_attestation"],"verification_status":"verified","locator":"screenshot-1:row-4;source-order=4","accessed_at":"2026-09-02","evidence_note":"Authoritative user-supplied source row. Raw German bundle: übergeben [+A], übergibt, übergab, hat übergeben / aushändigen"},{"source_id":"assistant_translation_review","source_kind":"other","what_was_verified":["persian_example_translation","english_example_translation"],"verification_status":"verified","accessed_at":"2026-09-02","evidence_note":"Production translation generated and sense-alignment reviewed against the German example and canonical Persian meaning; this is internal production evidence, not an external lexicon claim."}]},"details":{"grammar_notes":["Akkusativobjekt (Quellennotation)"]}},"present":"übergibt","preterite":"übergab","perfect":"hat übergeben","participle_ii":"","auxiliary":"haben","reflexive":false,"is_reflexive":false,"is_separable":false,"rection":"","typingCore":"übergeben","typingStandard":"übergeben","typingTargetLang":"de-DE","typingTargetDir":"ltr","typingTargetLabel":"Wort"}	menschen-a2; a2		4
ma2-lu-0005	de-vocabulary	German	phrase	Menschen A2	A2			etwas an jemanden übergeben	چیزی را به کسی تحویل دادن	Deutsch	فارسی	de-DE	fa-IR	front-core	[{"text":"Sie übergab das Telefongespräch an den zuständigen Kollegen","lang":"de-DE","role":"example","label":"ma2-lu-0005-ex-001","order":1},{"text":"She transferred the phone call to the responsible colleague.","lang":"en-US","role":"example","label":"translation:ma2-lu-0005-ex-001","order":2}]	[]	[]	[]	{"entry_type":"phrase","canonical_entry_type":"phrase","learning_unit_id":"ma2-lu-0005","semantic_identity":"ma2-lu-0005","german_learning_contract":"gfp-german-learning-content@1.0.0","semantic_contract":"gfp-german-language-content@3.1.3","source_profile_id":"menschen-a2@2.1.0","german_definition":"","english":"","direction_policy":"language-pair","canonical_unit":{"id":"ma2-lu-0005","type":"phrase","headword":"etwas an jemanden übergeben","persian_meaning":"چیزی را به کسی تحویل دادن","core":{"structure":"etwas an jemanden übergeben"},"examples":[{"id":"ma2-lu-0005-ex-001","lang":"de-DE","text":"Sie übergab das Telefongespräch an den zuständigen Kollegen","order":1,"translations":[{"lang":"fa-IR","text":"او تماس تلفنی را به همکار مسئول منتقل کرد."},{"lang":"en-US","text":"She transferred the phone call to the responsible colleague."}]}],"metadata":{"dataset_id":"menschen-a2","unit_order":5,"tags":["menschen-a2","a2"]},"provenance":{"sources":[{"source_id":"menschen_a2_user_screenshots","source_kind":"course","what_was_verified":["orthography","persian_gloss","example_attestation"],"verification_status":"verified","locator":"screenshot-1:row-5;source-order=5","accessed_at":"2026-09-02","evidence_note":"Authoritative user-supplied source row. Raw German bundle: etwas an jemanden übergeben"},{"source_id":"assistant_translation_review","source_kind":"other","what_was_verified":["persian_example_translation","english_example_translation"],"verification_status":"verified","accessed_at":"2026-09-02","evidence_note":"Production translation generated and sense-alignment reviewed against the German example and canonical Persian meaning; this is internal production evidence, not an external lexicon claim."}]}}}	menschen-a2; a2		5
ma2-lu-0006	de-vocabulary	German	verb	Menschen A2	A2			übernachten	شب را جایی ماندن، شب را اقامت کردن	Deutsch	فارسی	de-DE	fa-IR	front-core	[{"text":"Wo wollen wir übernachten? in einem Hotel","lang":"de-DE","role":"example","label":"ma2-lu-0006-ex-001","order":1},{"text":"Where do we want to stay overnight? In a hotel.","lang":"en-US","role":"example","label":"translation:ma2-lu-0006-ex-001","order":2}]	[]	[]	[{"title":"Formen","items":["Präsens (3. Sg.): übernachtet","Präteritum: übernachtete","Perfekt: hat übernachtet","Hilfsverb: haben"]}]	{"entry_type":"verb","canonical_entry_type":"verb","learning_unit_id":"ma2-lu-0006","semantic_identity":"ma2-lu-0006","german_learning_contract":"gfp-german-learning-content@1.0.0","semantic_contract":"gfp-german-language-content@3.1.3","source_profile_id":"menschen-a2@2.1.0","german_definition":"","english":"","direction_policy":"language-pair","canonical_unit":{"id":"ma2-lu-0006","type":"verb","headword":"übernachten","persian_meaning":"شب را جایی ماندن، شب را اقامت کردن","core":{"present_3sg":"übernachtet","preterite_3sg":"übernachtete","perfect":"hat übernachtet","auxiliary":"haben","reflexive":false,"separability":"inseparable"},"examples":[{"id":"ma2-lu-0006-ex-001","lang":"de-DE","text":"Wo wollen wir übernachten? in einem Hotel","order":1,"translations":[{"lang":"fa-IR","text":"کجا می‌خواهیم شب بمانیم؟ در یک هتل."},{"lang":"en-US","text":"Where do we want to stay overnight? In a hotel."}]}],"metadata":{"dataset_id":"menschen-a2","unit_order":6,"tags":["menschen-a2","a2"]},"provenance":{"sources":[{"source_id":"menschen_a2_user_screenshots","source_kind":"course","what_was_verified":["orthography","persian_gloss","morphology","example_attestation"],"verification_status":"verified","locator":"screenshot-1:row-6;source-order=6","accessed_at":"2026-09-02","evidence_note":"Authoritative user-supplied source row. Raw German bundle: übernachten, übernachtet, übernachtete, hat übernachtet / nächtigen"},{"source_id":"assistant_translation_review","source_kind":"other","what_was_verified":["persian_example_translation","english_example_translation"],"verification_status":"verified","accessed_at":"2026-09-02","evidence_note":"Production translation generated and sense-alignment reviewed against the German example and canonical Persian meaning; this is internal production evidence, not an external lexicon claim."}]}},"present":"übernachtet","preterite":"übernachtete","perfect":"hat übernachtet","participle_ii":"","auxiliary":"haben","reflexive":false,"is_reflexive":false,"is_separable":false,"rection":"","typingCore":"übernachten","typingStandard":"übernachten","typingTargetLang":"de-DE","typingTargetDir":"ltr","typingTargetLabel":"Wort"}	menschen-a2; a2		6
ma2-lu-0007	de-vocabulary	German	verb	Menschen A2	A2			bestehen	وجود داشتن؛ از چیزی تشکیل شدن	Deutsch	فارسی	de-DE	fa-IR	front-core	[{"text":"Das Werk besteht aus drei Teilen.","lang":"de-DE","role":"example","label":"ma2-lu-0007-ex-001","order":1},{"text":"The work consists of three parts.","lang":"en-US","role":"example","label":"translation:ma2-lu-0007-ex-001","order":2}]	[]	[]	[{"title":"Formen","items":["Präsens (3. Sg.): besteht","Präteritum: bestand","Perfekt: hat bestanden","Hilfsverb: haben"]}]	{"entry_type":"verb","canonical_entry_type":"verb","learning_unit_id":"ma2-lu-0007","semantic_identity":"ma2-lu-0007","german_learning_contract":"gfp-german-learning-content@1.0.0","semantic_contract":"gfp-german-language-content@3.1.3","source_profile_id":"menschen-a2@2.1.0","german_definition":"","english":"","direction_policy":"language-pair","canonical_unit":{"id":"ma2-lu-0007","type":"verb","headword":"bestehen","persian_meaning":"وجود داشتن؛ از چیزی تشکیل شدن","core":{"present_3sg":"besteht","preterite_3sg":"bestand","perfect":"hat bestanden","auxiliary":"haben","reflexive":false,"separability":"inseparable"},"examples":[{"id":"ma2-lu-0007-ex-001","lang":"de-DE","text":"Das Werk besteht aus drei Teilen.","order":1,"translations":[{"lang":"fa-IR","text":"این مجموعه از سه بخش تشکیل شده است."},{"lang":"en-US","text":"The work consists of three parts."}]}],"metadata":{"dataset_id":"menschen-a2","unit_order":7,"tags":["menschen-a2","a2"]},"provenance":{"sources":[{"source_id":"menschen_a2_user_screenshots","source_kind":"course","what_was_verified":["orthography","persian_gloss","morphology","example_attestation"],"verification_status":"verified","locator":"screenshot-1:row-7;source-order=7","accessed_at":"2026-09-02","evidence_note":"Authoritative user-supplied source row. Raw German bundle: bestehen, besteht, bestand, hat bestanden / existieren"},{"source_id":"assistant_translation_review","source_kind":"other","what_was_verified":["persian_example_translation","english_example_translation"],"verification_status":"verified","accessed_at":"2026-09-02","evidence_note":"Production translation generated and sense-alignment reviewed against the German example and canonical Persian meaning; this is internal production evidence, not an external lexicon claim."}]}},"present":"besteht","preterite":"bestand","perfect":"hat bestanden","participle_ii":"","auxiliary":"haben","reflexive":false,"is_reflexive":false,"is_separable":false,"rection":"","typingCore":"bestehen","typingStandard":"bestehen","typingTargetLang":"de-DE","typingTargetDir":"ltr","typingTargetLabel":"Wort"}	menschen-a2; a2		7
ma2-lu-0008	de-vocabulary	German	phrase	Menschen A2	A2			auf etw. (Dat.) bestehen	بر چیزی اصرار کردن، پافشاری کردن	Deutsch	فارسی	de-DE	fa-IR	front-core	[{"text":"Ich bestehe auf meiner Meinung","lang":"de-DE","role":"example","label":"ma2-lu-0008-ex-001","order":1},{"text":"I insist on my opinion.","lang":"en-US","role":"example","label":"translation:ma2-lu-0008-ex-001","order":2}]	[]	[]	[]	{"entry_type":"phrase","canonical_entry_type":"phrase","learning_unit_id":"ma2-lu-0008","semantic_identity":"ma2-lu-0008","german_learning_contract":"gfp-german-learning-content@1.0.0","semantic_contract":"gfp-german-language-content@3.1.3","source_profile_id":"menschen-a2@2.1.0","german_definition":"","english":"","direction_policy":"language-pair","canonical_unit":{"id":"ma2-lu-0008","type":"phrase","headword":"auf etw. (Dat.) bestehen","persian_meaning":"بر چیزی اصرار کردن، پافشاری کردن","core":{"structure":"auf etw. (Dat.) bestehen"},"examples":[{"id":"ma2-lu-0008-ex-001","lang":"de-DE","text":"Ich bestehe auf meiner Meinung","order":1,"translations":[{"lang":"fa-IR","text":"من بر نظر خودم اصرار دارم."},{"lang":"en-US","text":"I insist on my opinion."}]}],"metadata":{"dataset_id":"menschen-a2","unit_order":8,"tags":["menschen-a2","a2"]},"provenance":{"sources":[{"source_id":"menschen_a2_user_screenshots","source_kind":"course","what_was_verified":["orthography","persian_gloss","example_attestation"],"verification_status":"verified","locator":"screenshot-1:row-8;source-order=8","accessed_at":"2026-09-02","evidence_note":"Authoritative user-supplied source row. Raw German bundle: auf etw. [+D] bestehen / beharren auf"},{"source_id":"assistant_translation_review","source_kind":"other","what_was_verified":["persian_example_translation","english_example_translation"],"verification_status":"verified","accessed_at":"2026-09-02","evidence_note":"Production translation generated and sense-alignment reviewed against the German example and canonical Persian meaning; this is internal production evidence, not an external lexicon claim."}]}}}	menschen-a2; a2		8
ma2-lu-0009	de-vocabulary	German	phrase	Menschen A2	A2			bestehen aus (Dat.)	از چیزی تشکیل شدن	Deutsch	فارسی	de-DE	fa-IR	front-core	[{"text":"Das Werk besteht aus drei Teilen","lang":"de-DE","role":"example","label":"ma2-lu-0009-ex-001","order":1},{"text":"The work consists of three parts.","lang":"en-US","role":"example","label":"translation:ma2-lu-0009-ex-001","order":2}]	[]	[]	[]	{"entry_type":"phrase","canonical_entry_type":"phrase","learning_unit_id":"ma2-lu-0009","semantic_identity":"ma2-lu-0009","german_learning_contract":"gfp-german-learning-content@1.0.0","semantic_contract":"gfp-german-language-content@3.1.3","source_profile_id":"menschen-a2@2.1.0","german_definition":"","english":"","direction_policy":"language-pair","canonical_unit":{"id":"ma2-lu-0009","type":"phrase","headword":"bestehen aus (Dat.)","persian_meaning":"از چیزی تشکیل شدن","core":{"structure":"bestehen aus (Dat.)"},"examples":[{"id":"ma2-lu-0009-ex-001","lang":"de-DE","text":"Das Werk besteht aus drei Teilen","order":1,"translations":[{"lang":"fa-IR","text":"این مجموعه از سه بخش تشکیل شده است."},{"lang":"en-US","text":"The work consists of three parts."}]}],"metadata":{"dataset_id":"menschen-a2","unit_order":9,"tags":["menschen-a2","a2"]},"provenance":{"sources":[{"source_id":"menschen_a2_user_screenshots","source_kind":"course","what_was_verified":["orthography","persian_gloss","example_attestation"],"verification_status":"verified","locator":"screenshot-1:row-9;source-order=9","accessed_at":"2026-09-02","evidence_note":"Authoritative user-supplied source row. Raw German bundle: bestehen aus [+D] / zusammengesetzt sein aus"},{"source_id":"assistant_translation_review","source_kind":"other","what_was_verified":["persian_example_translation","english_example_translation"],"verification_status":"verified","accessed_at":"2026-09-02","evidence_note":"Production translation generated and sense-alignment reviewed against the German example and canonical Persian meaning; this is internal production evidence, not an external lexicon claim."}]}}}	menschen-a2; a2		9
ma2-lu-0010	de-vocabulary	German	verb	Menschen A2	A2			verkaufen	فروختن، به فروش رساندن	Deutsch	فارسی	de-DE	fa-IR	front-core	[{"text":"Endlich habe ich mein altes Auto verkauft.","lang":"de-DE","role":"example","label":"ma2-lu-0010-ex-001","order":1},{"text":"I finally sold my old car.","lang":"en-US","role":"example","label":"translation:ma2-lu-0010-ex-001","order":2}]	[]	[]	[{"title":"Formen","items":["Präsens (3. Sg.): verkauft","Präteritum: verkaufte","Perfekt: hat verkauft","Hilfsverb: haben"]},{"title":"Grammar Notes","items":["Akkusativobjekt; optionales Dativobjekt (Quellennotation)"]}]	{"entry_type":"verb","canonical_entry_type":"verb","learning_unit_id":"ma2-lu-0010","semantic_identity":"ma2-lu-0010","german_learning_contract":"gfp-german-learning-content@1.0.0","semantic_contract":"gfp-german-language-content@3.1.3","source_profile_id":"menschen-a2@2.1.0","german_definition":"","english":"","direction_policy":"language-pair","canonical_unit":{"id":"ma2-lu-0010","type":"verb","headword":"verkaufen","persian_meaning":"فروختن، به فروش رساندن","core":{"present_3sg":"verkauft","preterite_3sg":"verkaufte","perfect":"hat verkauft","auxiliary":"haben","reflexive":false,"separability":"inseparable"},"examples":[{"id":"ma2-lu-0010-ex-001","lang":"de-DE","text":"Endlich habe ich mein altes Auto verkauft.","order":1,"translations":[{"lang":"fa-IR","text":"بالاخره ماشین قدیمی‌ام را فروختم."},{"lang":"en-US","text":"I finally sold my old car."}]}],"metadata":{"dataset_id":"menschen-a2","unit_order":10,"tags":["menschen-a2","a2"]},"provenance":{"sources":[{"source_id":"menschen_a2_user_screenshots","source_kind":"course","what_was_verified":["orthography","persian_gloss","morphology","example_attestation"],"verification_status":"verified","locator":"screenshot-1:row-10;source-order=10","accessed_at":"2026-09-02","evidence_note":"Authoritative user-supplied source row. Raw German bundle: verkaufen [(+D)+A], verkauft, verkaufte, hat verkauft / veräußern"},{"source_id":"assistant_translation_review","source_kind":"other","what_was_verified":["persian_example_translation","english_example_translation"],"verification_status":"verified","accessed_at":"2026-09-02","evidence_note":"Production translation generated and sense-alignment reviewed against the German example and canonical Persian meaning; this is internal production evidence, not an external lexicon claim."}]},"details":{"grammar_notes":["Akkusativobjekt; optionales Dativobjekt (Quellennotation)"]}},"present":"verkauft","preterite":"verkaufte","perfect":"hat verkauft","participle_ii":"","auxiliary":"haben","reflexive":false,"is_reflexive":false,"is_separable":false,"rection":"","typingCore":"verkaufen","typingStandard":"verkaufen","typingTargetLang":"de-DE","typingTargetDir":"ltr","typingTargetLabel":"Wort"}	menschen-a2; a2		10
ma2-lu-0011	de-vocabulary	German	phrase	Menschen A2	A2			zu verkaufen	برای فروش بودن	Deutsch	فارسی	de-DE	fa-IR	front-core	[{"text":"Das Auto ist zu verkaufen.","lang":"de-DE","role":"example","label":"ma2-lu-0011-ex-001","order":1},{"text":"The car is for sale.","lang":"en-US","role":"example","label":"translation:ma2-lu-0011-ex-001","order":2}]	[]	[]	[]	{"entry_type":"phrase","canonical_entry_type":"phrase","learning_unit_id":"ma2-lu-0011","semantic_identity":"ma2-lu-0011","german_learning_contract":"gfp-german-learning-content@1.0.0","semantic_contract":"gfp-german-language-content@3.1.3","source_profile_id":"menschen-a2@2.1.0","german_definition":"","english":"","direction_policy":"language-pair","canonical_unit":{"id":"ma2-lu-0011","type":"phrase","headword":"zu verkaufen","persian_meaning":"برای فروش بودن","core":{"structure":"zu verkaufen"},"examples":[{"id":"ma2-lu-0011-ex-001","lang":"de-DE","text":"Das Auto ist zu verkaufen.","order":1,"translations":[{"lang":"fa-IR","text":"این ماشین برای فروش است."},{"lang":"en-US","text":"The car is for sale."}]}],"metadata":{"dataset_id":"menschen-a2","unit_order":11,"tags":["menschen-a2","a2"]},"provenance":{"sources":[{"source_id":"menschen_a2_user_screenshots","source_kind":"course","what_was_verified":["orthography","persian_gloss","example_attestation"],"verification_status":"verified","locator":"screenshot-1:row-11;source-order=11","accessed_at":"2026-09-02","evidence_note":"Authoritative user-supplied source row. Raw German bundle: zu verkaufen / käuflich / nicht zu verkaufen"},{"source_id":"assistant_translation_review","source_kind":"other","what_was_verified":["persian_example_translation","english_example_translation"],"verification_status":"verified","accessed_at":"2026-09-02","evidence_note":"Production translation generated and sense-alignment reviewed against the German example and canonical Persian meaning; this is internal production evidence, not an external lexicon claim."}]}}}	menschen-a2; a2		11
ma2-lu-0012	de-vocabulary	German	verb	Menschen A2	A2			eingeben	وارد کردن، ثبت کردن	Deutsch	فارسی	de-DE	fa-IR	front-core	[{"text":"Mindestens 5 Zeichen langes Kennwort eingeben.","lang":"de-DE","role":"example","label":"ma2-lu-0012-ex-001","order":1},{"text":"Enter a password that is at least five characters long.","lang":"en-US","role":"example","label":"translation:ma2-lu-0012-ex-001","order":2}]	[]	[]	[{"title":"Formen","items":["Präsens (3. Sg.): gibt ein","Präteritum: gab ein","Perfekt: hat eingegeben","Hilfsverb: haben"]},{"title":"Grammar Notes","items":["Akkusativobjekt (Quellennotation)"]}]	{"entry_type":"verb","canonical_entry_type":"verb","learning_unit_id":"ma2-lu-0012","semantic_identity":"ma2-lu-0012","german_learning_contract":"gfp-german-learning-content@1.0.0","semantic_contract":"gfp-german-language-content@3.1.3","source_profile_id":"menschen-a2@2.1.0","german_definition":"","english":"","direction_policy":"language-pair","canonical_unit":{"id":"ma2-lu-0012","type":"verb","headword":"eingeben","persian_meaning":"وارد کردن، ثبت کردن","core":{"present_3sg":"gibt ein","preterite_3sg":"gab ein","perfect":"hat eingegeben","auxiliary":"haben","reflexive":false,"separability":"separable"},"examples":[{"id":"ma2-lu-0012-ex-001","lang":"de-DE","text":"Mindestens 5 Zeichen langes Kennwort eingeben.","order":1,"translations":[{"lang":"fa-IR","text":"یک رمز عبور با حداقل پنج نویسه وارد کنید."},{"lang":"en-US","text":"Enter a password that is at least five characters long."}]}],"metadata":{"dataset_id":"menschen-a2","unit_order":12,"tags":["menschen-a2","a2"]},"provenance":{"sources":[{"source_id":"menschen_a2_user_screenshots","source_kind":"course","what_was_verified":["orthography","persian_gloss","morphology","example_attestation"],"verification_status":"verified","locator":"screenshot-1:row-12;source-order=12","accessed_at":"2026-09-02","evidence_note":"Authoritative user-supplied source row. Raw German bundle: eingeben [+A], gibt ein, gab ein, hat eingegeben / eintragen"},{"source_id":"assistant_translation_review","source_kind":"other","what_was_verified":["persian_example_translation","english_example_translation"],"verification_status":"verified","accessed_at":"2026-09-02","evidence_note":"Production translation generated and sense-alignment reviewed against the German example and canonical Persian meaning; this is internal production evidence, not an external lexicon claim."}]},"details":{"grammar_notes":["Akkusativobjekt (Quellennotation)"]}},"present":"gibt ein","preterite":"gab ein","perfect":"hat eingegeben","participle_ii":"","auxiliary":"haben","reflexive":false,"is_reflexive":false,"is_separable":true,"rection":"","typingCore":"eingeben","typingStandard":"eingeben","typingTargetLang":"de-DE","typingTargetDir":"ltr","typingTargetLabel":"Wort"}	menschen-a2; a2		12
ma2-lu-0013	de-vocabulary	German	verb	Menschen A2	A2			passieren	اتفاق افتادن، رخ دادن	Deutsch	فارسی	de-DE	fa-IR	front-core	[{"text":"Das ist mir auch schon passiert.","lang":"de-DE","role":"example","label":"ma2-lu-0013-ex-001","order":1},{"text":"That has happened to me before as well.","lang":"en-US","role":"example","label":"translation:ma2-lu-0013-ex-001","order":2}]	[]	[]	[{"title":"Formen","items":["Präsens (3. Sg.): passiert","Präteritum: passierte","Perfekt: ist passiert","Hilfsverb: sein"]},{"title":"Grammar Notes","items":["Dativobjekt (Quellennotation)"]}]	{"entry_type":"verb","canonical_entry_type":"verb","learning_unit_id":"ma2-lu-0013","semantic_identity":"ma2-lu-0013","german_learning_contract":"gfp-german-learning-content@1.0.0","semantic_contract":"gfp-german-language-content@3.1.3","source_profile_id":"menschen-a2@2.1.0","german_definition":"","english":"","direction_policy":"language-pair","canonical_unit":{"id":"ma2-lu-0013","type":"verb","headword":"passieren","persian_meaning":"اتفاق افتادن، رخ دادن","core":{"present_3sg":"passiert","preterite_3sg":"passierte","perfect":"ist passiert","auxiliary":"sein","reflexive":false,"separability":"non_prefixed"},"examples":[{"id":"ma2-lu-0013-ex-001","lang":"de-DE","text":"Das ist mir auch schon passiert.","order":1,"translations":[{"lang":"fa-IR","text":"این اتفاق قبلاً برای من هم افتاده است."},{"lang":"en-US","text":"That has happened to me before as well."}]}],"metadata":{"dataset_id":"menschen-a2","unit_order":13,"tags":["menschen-a2","a2"]},"provenance":{"sources":[{"source_id":"menschen_a2_user_screenshots","source_kind":"course","what_was_verified":["orthography","persian_gloss","morphology","example_attestation"],"verification_status":"verified","locator":"screenshot-1:row-13;source-order=13","accessed_at":"2026-09-02","evidence_note":"Authoritative user-supplied source row. Raw German bundle: passieren [+D], passiert, passierte, ist passiert / geschehen"},{"source_id":"assistant_translation_review","source_kind":"other","what_was_verified":["persian_example_translation","english_example_translation"],"verification_status":"verified","accessed_at":"2026-09-02","evidence_note":"Production translation generated and sense-alignment reviewed against the German example and canonical Persian meaning; this is internal production evidence, not an external lexicon claim."}]},"details":{"grammar_notes":["Dativobjekt (Quellennotation)"]}},"present":"passiert","preterite":"passierte","perfect":"ist passiert","participle_ii":"","auxiliary":"sein","reflexive":false,"is_reflexive":false,"is_separable":false,"rection":"","typingCore":"passieren","typingStandard":"passieren","typingTargetLang":"de-DE","typingTargetDir":"ltr","typingTargetLabel":"Wort"}	menschen-a2; a2		13
ma2-lu-0014	de-vocabulary	German	verb	Menschen A2	A2			aufpassen	مواظب بودن، دقت کردن	Deutsch	فارسی	de-DE	fa-IR	front-core	[{"text":"Tut mir leid. Da habe ich wohl nicht aufgepasst.","lang":"de-DE","role":"example","label":"ma2-lu-0014-ex-001","order":1},{"text":"Sorry. I apparently wasn't paying attention.","lang":"en-US","role":"example","label":"translation:ma2-lu-0014-ex-001","order":2}]	[]	[]	[{"title":"Formen","items":["Präsens (3. Sg.): passt auf","Präteritum: passte auf","Perfekt: hat aufgepasst","Hilfsverb: haben"]},{"title":"Grammar Notes","items":["auf + Akkusativ (Quellennotation)"]}]	{"entry_type":"verb","canonical_entry_type":"verb","learning_unit_id":"ma2-lu-0014","semantic_identity":"ma2-lu-0014","german_learning_contract":"gfp-german-learning-content@1.0.0","semantic_contract":"gfp-german-language-content@3.1.3","source_profile_id":"menschen-a2@2.1.0","german_definition":"","english":"","direction_policy":"language-pair","canonical_unit":{"id":"ma2-lu-0014","type":"verb","headword":"aufpassen","persian_meaning":"مواظب بودن، دقت کردن","core":{"present_3sg":"passt auf","preterite_3sg":"passte auf","perfect":"hat aufgepasst","auxiliary":"haben","reflexive":false,"separability":"separable"},"examples":[{"id":"ma2-lu-0014-ex-001","lang":"de-DE","text":"Tut mir leid. Da habe ich wohl nicht aufgepasst.","order":1,"translations":[{"lang":"fa-IR","text":"ببخشید. ظاهراً حواسم نبود."},{"lang":"en-US","text":"Sorry. I apparently wasn't paying attention."}]}],"metadata":{"dataset_id":"menschen-a2","unit_order":14,"tags":["menschen-a2","a2"]},"provenance":{"sources":[{"source_id":"menschen_a2_user_screenshots","source_kind":"course","what_was_verified":["orthography","persian_gloss","morphology","example_attestation"],"verification_status":"verified","locator":"screenshot-1:row-14;source-order=14","accessed_at":"2026-09-02","evidence_note":"Authoritative user-supplied source row. Raw German bundle: aufpassen (auf + Akk), passte auf, hat aufgepasst / Acht geben"},{"source_id":"assistant_translation_review","source_kind":"other","what_was_verified":["persian_example_translation","english_example_translation"],"verification_status":"verified","accessed_at":"2026-09-02","evidence_note":"Production translation generated and sense-alignment reviewed against the German example and canonical Persian meaning; this is internal production evidence, not an external lexicon claim."}]},"details":{"grammar_notes":["auf + Akkusativ (Quellennotation)"]}},"present":"passt auf","preterite":"passte auf","perfect":"hat aufgepasst","participle_ii":"","auxiliary":"haben","reflexive":false,"is_reflexive":false,"is_separable":true,"rection":"","typingCore":"aufpassen","typingStandard":"aufpassen","typingTargetLang":"de-DE","typingTargetDir":"ltr","typingTargetLabel":"Wort"}	menschen-a2; a2		14
ma2-lu-0015	de-vocabulary	German	verb	Menschen A2	A2			umziehen	اسباب‌کشی کردن، نقل مکان کردن	Deutsch	فارسی	de-DE	fa-IR	front-core	[{"text":"Nächsten Monat ziehen wir nach Berlin um.","lang":"de-DE","role":"example","label":"ma2-lu-0015-ex-001","order":1},{"text":"We are moving to Berlin next month.","lang":"en-US","role":"example","label":"translation:ma2-lu-0015-ex-001","order":2}]	[]	[]	[{"title":"Formen","items":["Präsens (3. Sg.): zieht um","Präteritum: zog um","Perfekt: ist umgezogen","Hilfsverb: sein"]}]	{"entry_type":"verb","canonical_entry_type":"verb","learning_unit_id":"ma2-lu-0015","semantic_identity":"ma2-lu-0015","german_learning_contract":"gfp-german-learning-content@1.0.0","semantic_contract":"gfp-german-language-content@3.1.3","source_profile_id":"menschen-a2@2.1.0","german_definition":"","english":"","direction_policy":"language-pair","canonical_unit":{"id":"ma2-lu-0015","type":"verb","headword":"umziehen","persian_meaning":"اسباب‌کشی کردن، نقل مکان کردن","core":{"present_3sg":"zieht um","preterite_3sg":"zog um","perfect":"ist umgezogen","auxiliary":"sein","reflexive":false,"separability":"separable"},"examples":[{"id":"ma2-lu-0015-ex-001","lang":"de-DE","text":"Nächsten Monat ziehen wir nach Berlin um.","order":1,"translations":[{"lang":"fa-IR","text":"ماه آینده به برلین اسباب‌کشی می‌کنیم."},{"lang":"en-US","text":"We are moving to Berlin next month."}]}],"metadata":{"dataset_id":"menschen-a2","unit_order":15,"tags":["menschen-a2","a2"]},"provenance":{"sources":[{"source_id":"menschen_a2_user_screenshots","source_kind":"course","what_was_verified":["orthography","persian_gloss","morphology","example_attestation"],"verification_status":"verified","locator":"screenshot-1:row-15;source-order=15","accessed_at":"2026-09-02","evidence_note":"Authoritative user-supplied source row. Raw German bundle: umziehen, zieht um, zog um, ist umgezogen / umquartieren"},{"source_id":"assistant_translation_review","source_kind":"other","what_was_verified":["persian_example_translation","english_example_translation"],"verification_status":"verified","accessed_at":"2026-09-02","evidence_note":"Production translation generated and sense-alignment reviewed against the German example and canonical Persian meaning; this is internal production evidence, not an external lexicon claim."}]}},"present":"zieht um","preterite":"zog um","perfect":"ist umgezogen","participle_ii":"","auxiliary":"sein","reflexive":false,"is_reflexive":false,"is_separable":true,"rection":"","typingCore":"umziehen","typingStandard":"umziehen","typingTargetLang":"de-DE","typingTargetDir":"ltr","typingTargetLabel":"Wort"}	menschen-a2; a2		15
ma2-lu-0016	de-vocabulary	German	verb	Menschen A2	A2			renovieren	بازسازی کردن، تعمیر و نوسازی کردن	Deutsch	فارسی	de-DE	fa-IR	front-core	[{"text":"Im April renovieren sie das ganze Haus.","lang":"de-DE","role":"example","label":"ma2-lu-0016-ex-001","order":1},{"text":"They are renovating the whole house in April.","lang":"en-US","role":"example","label":"translation:ma2-lu-0016-ex-001","order":2}]	[]	[]	[{"title":"Formen","items":["Präsens (3. Sg.): renoviert","Präteritum: renovierte","Perfekt: hat renoviert","Hilfsverb: haben"]},{"title":"Grammar Notes","items":["Akkusativobjekt (Quellennotation)"]}]	{"entry_type":"verb","canonical_entry_type":"verb","learning_unit_id":"ma2-lu-0016","semantic_identity":"ma2-lu-0016","german_learning_contract":"gfp-german-learning-content@1.0.0","semantic_contract":"gfp-german-language-content@3.1.3","source_profile_id":"menschen-a2@2.1.0","german_definition":"","english":"","direction_policy":"language-pair","canonical_unit":{"id":"ma2-lu-0016","type":"verb","headword":"renovieren","persian_meaning":"بازسازی کردن، تعمیر و نوسازی کردن","core":{"present_3sg":"renoviert","preterite_3sg":"renovierte","perfect":"hat renoviert","auxiliary":"haben","reflexive":false,"separability":"non_prefixed"},"examples":[{"id":"ma2-lu-0016-ex-001","lang":"de-DE","text":"Im April renovieren sie das ganze Haus.","order":1,"translations":[{"lang":"fa-IR","text":"آن‌ها در ماه آوریل کل خانه را بازسازی می‌کنند."},{"lang":"en-US","text":"They are renovating the whole house in April."}]}],"metadata":{"dataset_id":"menschen-a2","unit_order":16,"tags":["menschen-a2","a2"]},"provenance":{"sources":[{"source_id":"menschen_a2_user_screenshots","source_kind":"course","what_was_verified":["orthography","persian_gloss","morphology","example_attestation"],"verification_status":"verified","locator":"screenshot-1:row-16;source-order=16","accessed_at":"2026-09-02","evidence_note":"Authoritative user-supplied source row. Raw German bundle: renovieren [+A], renoviert, renovierte, hat renoviert/das Renovieren / sanieren / neu machen / erneuern"},{"source_id":"assistant_translation_review","source_kind":"other","what_was_verified":["persian_example_translation","english_example_translation"],"verification_status":"verified","accessed_at":"2026-09-02","evidence_note":"Production translation generated and sense-alignment reviewed against the German example and canonical Persian meaning; this is internal production evidence, not an external lexicon claim."}]},"details":{"grammar_notes":["Akkusativobjekt (Quellennotation)"]}},"present":"renoviert","preterite":"renovierte","perfect":"hat renoviert","participle_ii":"","auxiliary":"haben","reflexive":false,"is_reflexive":false,"is_separable":false,"rection":"","typingCore":"renovieren","typingStandard":"renovieren","typingTargetLang":"de-DE","typingTargetDir":"ltr","typingTargetLabel":"Wort"}	menschen-a2; a2		16
ma2-lu-0017	de-vocabulary	German	verb	Menschen A2	A2			stellen	قرار دادن، گذاشتن	Deutsch	فارسی	de-DE	fa-IR	front-core	[{"text":"Ich stelle den Stuhl hinter den Tisch.","lang":"de-DE","role":"example","label":"ma2-lu-0017-ex-001","order":1},{"text":"I put the chair behind the table.","lang":"en-US","role":"example","label":"translation:ma2-lu-0017-ex-001","order":2}]	[]	[]	[{"title":"Formen","items":["Präsens (3. Sg.): stellt","Präteritum: stellte","Perfekt: hat gestellt","Hilfsverb: haben"]},{"title":"Grammar Notes","items":["Akkusativobjekt (Quellennotation)"]}]	{"entry_type":"verb","canonical_entry_type":"verb","learning_unit_id":"ma2-lu-0017","semantic_identity":"ma2-lu-0017","german_learning_contract":"gfp-german-learning-content@1.0.0","semantic_contract":"gfp-german-language-content@3.1.3","source_profile_id":"menschen-a2@2.1.0","german_definition":"","english":"","direction_policy":"language-pair","canonical_unit":{"id":"ma2-lu-0017","type":"verb","headword":"stellen","persian_meaning":"قرار دادن، گذاشتن","core":{"present_3sg":"stellt","preterite_3sg":"stellte","perfect":"hat gestellt","auxiliary":"haben","reflexive":false,"separability":"non_prefixed"},"examples":[{"id":"ma2-lu-0017-ex-001","lang":"de-DE","text":"Ich stelle den Stuhl hinter den Tisch.","order":1,"translations":[{"lang":"fa-IR","text":"من صندلی را پشت میز می‌گذارم."},{"lang":"en-US","text":"I put the chair behind the table."}]}],"metadata":{"dataset_id":"menschen-a2","unit_order":17,"tags":["menschen-a2","a2"]},"provenance":{"sources":[{"source_id":"menschen_a2_user_screenshots","source_kind":"course","what_was_verified":["orthography","persian_gloss","morphology","example_attestation"],"verification_status":"verified","locator":"screenshot-1:row-17;source-order=17","accessed_at":"2026-09-02","evidence_note":"Authoritative user-supplied source row. Raw German bundle: stellen [+A], stellt, stellte, hat gestellt / platzieren"},{"source_id":"assistant_translation_review","source_kind":"other","what_was_verified":["persian_example_translation","english_example_translation"],"verification_status":"verified","accessed_at":"2026-09-02","evidence_note":"Production translation generated and sense-alignment reviewed against the German example and canonical Persian meaning; this is internal production evidence, not an external lexicon claim."}]},"details":{"grammar_notes":["Akkusativobjekt (Quellennotation)"]}},"present":"stellt","preterite":"stellte","perfect":"hat gestellt","participle_ii":"","auxiliary":"haben","reflexive":false,"is_reflexive":false,"is_separable":false,"rection":"","typingCore":"stellen","typingStandard":"stellen","typingTargetLang":"de-DE","typingTargetDir":"ltr","typingTargetLabel":"Wort"}	menschen-a2; a2		17
ma2-lu-0018	de-vocabulary	German	verb	Menschen A2	A2			sich stellen	خود را در جایی قرار دادن، در صف ایستادن	Deutsch	فارسی	de-DE	fa-IR	front-core	[{"text":"Stell dich in die Reihe!","lang":"de-DE","role":"example","label":"ma2-lu-0018-ex-001","order":1},{"text":"Get in line!","lang":"en-US","role":"example","label":"translation:ma2-lu-0018-ex-001","order":2}]	[]	[]	[{"title":"Formen","items":["Präsens (3. Sg.): stellt sich","Präteritum: stellte sich","Perfekt: hat sich gestellt","Hilfsverb: haben"]},{"title":"Grammar Notes","items":["Dativobjekt (Quellennotation)"]}]	{"entry_type":"verb","canonical_entry_type":"verb","learning_unit_id":"ma2-lu-0018","semantic_identity":"ma2-lu-0018","german_learning_contract":"gfp-german-learning-content@1.0.0","semantic_contract":"gfp-german-language-content@3.1.3","source_profile_id":"menschen-a2@2.1.0","german_definition":"","english":"","direction_policy":"language-pair","canonical_unit":{"id":"ma2-lu-0018","type":"verb","headword":"sich stellen","persian_meaning":"خود را در جایی قرار دادن، در صف ایستادن","core":{"present_3sg":"stellt sich","preterite_3sg":"stellte sich","perfect":"hat sich gestellt","auxiliary":"haben","reflexive":true,"separability":"non_prefixed"},"examples":[{"id":"ma2-lu-0018-ex-001","lang":"de-DE","text":"Stell dich in die Reihe!","order":1,"translations":[{"lang":"fa-IR","text":"در صف بایست!"},{"lang":"en-US","text":"Get in line!"}]}],"metadata":{"dataset_id":"menschen-a2","unit_order":18,"tags":["menschen-a2","a2"]},"provenance":{"sources":[{"source_id":"menschen_a2_user_screenshots","source_kind":"course","what_was_verified":["orthography","persian_gloss","morphology","example_attestation"],"verification_status":"verified","locator":"screenshot-1:row-18;source-order=18","accessed_at":"2026-09-02","evidence_note":"Authoritative user-supplied source row. Raw German bundle: sich stellen [+D], stellte sich, sich gestellt / hinstellen"},{"source_id":"assistant_translation_review","source_kind":"other","what_was_verified":["persian_example_translation","english_example_translation"],"verification_status":"verified","accessed_at":"2026-09-02","evidence_note":"Production translation generated and sense-alignment reviewed against the German example and canonical Persian meaning; this is internal production evidence, not an external lexicon claim."}]},"details":{"grammar_notes":["Dativobjekt (Quellennotation)"]}},"present":"stellt sich","preterite":"stellte sich","perfect":"hat sich gestellt","participle_ii":"","auxiliary":"haben","reflexive":true,"is_reflexive":true,"is_separable":false,"rection":"","typingCore":"sich stellen","typingStandard":"sich stellen","typingTargetLang":"de-DE","typingTargetDir":"ltr","typingTargetLabel":"Wort"}	menschen-a2; a2		18
ma2-lu-0019	de-vocabulary	German	verb	Menschen A2	A2			stehen	ایستادن، قرار داشتن	Deutsch	فارسی	de-DE	fa-IR	front-core	[{"text":"Unter Druck stehen / zur Verfügung stehen","lang":"de-DE","role":"example","label":"ma2-lu-0019-ex-001","order":1},{"text":"to be under pressure / to be available","lang":"en-US","role":"example","label":"translation:ma2-lu-0019-ex-001","order":2}]	[]	[]	[{"title":"Formen","items":["Präsens (3. Sg.): steht","Präteritum: stand","Perfekt: hat gestanden","Hilfsverb: haben"]},{"title":"Grammar Notes","items":["Akkusativobjekt (Quellennotation)"]}]	{"entry_type":"verb","canonical_entry_type":"verb","learning_unit_id":"ma2-lu-0019","semantic_identity":"ma2-lu-0019","german_learning_contract":"gfp-german-learning-content@1.0.0","semantic_contract":"gfp-german-language-content@3.1.3","source_profile_id":"menschen-a2@2.1.0","german_definition":"","english":"","direction_policy":"language-pair","canonical_unit":{"id":"ma2-lu-0019","type":"verb","headword":"stehen","persian_meaning":"ایستادن، قرار داشتن","core":{"present_3sg":"steht","preterite_3sg":"stand","perfect":"hat gestanden","auxiliary":"haben","reflexive":false,"separability":"non_prefixed"},"examples":[{"id":"ma2-lu-0019-ex-001","lang":"de-DE","text":"Unter Druck stehen / zur Verfügung stehen","order":1,"translations":[{"lang":"fa-IR","text":"تحت فشار بودن / در دسترس بودن"},{"lang":"en-US","text":"to be under pressure / to be available"}]}],"metadata":{"dataset_id":"menschen-a2","unit_order":19,"tags":["menschen-a2","a2"]},"provenance":{"sources":[{"source_id":"menschen_a2_user_screenshots","source_kind":"course","what_was_verified":["orthography","persian_gloss","morphology","example_attestation"],"verification_status":"verified","locator":"screenshot-1:row-19;source-order=19","accessed_at":"2026-09-02","evidence_note":"Authoritative user-supplied source row. Raw German bundle: stehen [+A], steht, stand, hat gestanden"},{"source_id":"assistant_translation_review","source_kind":"other","what_was_verified":["persian_example_translation","english_example_translation"],"verification_status":"verified","accessed_at":"2026-09-02","evidence_note":"Production translation generated and sense-alignment reviewed against the German example and canonical Persian meaning; this is internal production evidence, not an external lexicon claim."}]},"details":{"grammar_notes":["Akkusativobjekt (Quellennotation)"]}},"present":"steht","preterite":"stand","perfect":"hat gestanden","participle_ii":"","auxiliary":"haben","reflexive":false,"is_reflexive":false,"is_separable":false,"rection":"","typingCore":"stehen","typingStandard":"stehen","typingTargetLang":"de-DE","typingTargetDir":"ltr","typingTargetLabel":"Wort"}	menschen-a2; a2		19
ma2-lu-0020	de-vocabulary	German	verb	Menschen A2	A2			hängen	آویزان کردن	Deutsch	فارسی	de-DE	fa-IR	front-core	[{"text":"Den Job an den Nagel hängen","lang":"de-DE","role":"example","label":"ma2-lu-0020-ex-001","order":1},{"text":"to quit the job for good","lang":"en-US","role":"example","label":"translation:ma2-lu-0020-ex-001","order":2}]	[]	[]	[{"title":"Formen","items":["Präsens (3. Sg.): hängt","Präteritum: hängte","Perfekt: hat gehängt","Hilfsverb: haben"]},{"title":"Grammar Notes","items":["Akkusativobjekt (Quellennotation)"]}]	{"entry_type":"verb","canonical_entry_type":"verb","learning_unit_id":"ma2-lu-0020","semantic_identity":"ma2-lu-0020","german_learning_contract":"gfp-german-learning-content@1.0.0","semantic_contract":"gfp-german-language-content@3.1.3","source_profile_id":"menschen-a2@2.1.0","german_definition":"","english":"","direction_policy":"language-pair","canonical_unit":{"id":"ma2-lu-0020","type":"verb","headword":"hängen","persian_meaning":"آویزان کردن","core":{"present_3sg":"hängt","preterite_3sg":"hängte","perfect":"hat gehängt","auxiliary":"haben","reflexive":false,"separability":"non_prefixed"},"examples":[{"id":"ma2-lu-0020-ex-001","lang":"de-DE","text":"Den Job an den Nagel hängen","order":1,"translations":[{"lang":"fa-IR","text":"کار را برای همیشه کنار گذاشتن"},{"lang":"en-US","text":"to quit the job for good"}]}],"metadata":{"dataset_id":"menschen-a2","unit_order":20,"tags":["menschen-a2","a2"]},"provenance":{"sources":[{"source_id":"menschen_a2_user_screenshots","source_kind":"course","what_was_verified":["orthography","persian_gloss","morphology","example_attestation"],"verification_status":"verified","locator":"screenshot-1:row-20;source-order=20","accessed_at":"2026-09-02","evidence_note":"Authoritative user-supplied source row. Raw German bundle: hängen [+A], hängt, hängte, hat gehängt"},{"source_id":"assistant_translation_review","source_kind":"other","what_was_verified":["persian_example_translation","english_example_translation"],"verification_status":"verified","accessed_at":"2026-09-02","evidence_note":"Production translation generated and sense-alignment reviewed against the German example and canonical Persian meaning; this is internal production evidence, not an external lexicon claim."}]},"details":{"grammar_notes":["Akkusativobjekt (Quellennotation)"]}},"present":"hängt","preterite":"hängte","perfect":"hat gehängt","participle_ii":"","auxiliary":"haben","reflexive":false,"is_reflexive":false,"is_separable":false,"rection":"","typingCore":"hängen","typingStandard":"hängen","typingTargetLang":"de-DE","typingTargetDir":"ltr","typingTargetLabel":"Wort"}	menschen-a2; a2		20
ma2-lu-0021	de-vocabulary	German	verb	Menschen A2	A2			hängen	آویزان بودن، وابسته بودن	Deutsch	فارسی	de-DE	fa-IR	front-core	[{"text":"An. jdm./etw. hängen","lang":"de-DE","role":"example","label":"ma2-lu-0021-ex-001","order":1},{"text":"to be attached to someone or something","lang":"en-US","role":"example","label":"translation:ma2-lu-0021-ex-001","order":2}]	[]	[]	[{"title":"Formen","items":["Präsens (3. Sg.): hängt","Präteritum: hing","Perfekt: hat gehangen","Hilfsverb: haben"]},{"title":"Grammar Notes","items":["Dativobjekt (Quellennotation)"]}]	{"entry_type":"verb","canonical_entry_type":"verb","learning_unit_id":"ma2-lu-0021","semantic_identity":"ma2-lu-0021","german_learning_contract":"gfp-german-learning-content@1.0.0","semantic_contract":"gfp-german-language-content@3.1.3","source_profile_id":"menschen-a2@2.1.0","german_definition":"","english":"","direction_policy":"language-pair","canonical_unit":{"id":"ma2-lu-0021","type":"verb","headword":"hängen","persian_meaning":"آویزان بودن، وابسته بودن","core":{"present_3sg":"hängt","preterite_3sg":"hing","perfect":"hat gehangen","auxiliary":"haben","reflexive":false,"separability":"non_prefixed"},"examples":[{"id":"ma2-lu-0021-ex-001","lang":"de-DE","text":"An. jdm./etw. hängen","order":1,"translations":[{"lang":"fa-IR","text":"به کسی یا چیزی وابسته بودن"},{"lang":"en-US","text":"to be attached to someone or something"}]}],"metadata":{"dataset_id":"menschen-a2","unit_order":21,"tags":["menschen-a2","a2"]},"provenance":{"sources":[{"source_id":"menschen_a2_user_screenshots","source_kind":"course","what_was_verified":["orthography","persian_gloss","morphology","example_attestation"],"verification_status":"verified","locator":"screenshot-1:row-21;source-order=21","accessed_at":"2026-09-02","evidence_note":"Authoritative user-supplied source row. Raw German bundle: hängen [+D], hängt, hing, hat gehangen"},{"source_id":"assistant_translation_review","source_kind":"other","what_was_verified":["persian_example_translation","english_example_translation"],"verification_status":"verified","accessed_at":"2026-09-02","evidence_note":"Production translation generated and sense-alignment reviewed against the German example and canonical Persian meaning; this is internal production evidence, not an external lexicon claim."}]},"details":{"grammar_notes":["Dativobjekt (Quellennotation)"]}},"present":"hängt","preterite":"hing","perfect":"hat gehangen","participle_ii":"","auxiliary":"haben","reflexive":false,"is_reflexive":false,"is_separable":false,"rection":"","typingCore":"hängen","typingStandard":"hängen","typingTargetLang":"de-DE","typingTargetDir":"ltr","typingTargetLabel":"Wort"}	menschen-a2; a2		21
ma2-lu-0022	de-vocabulary	German	verb	Menschen A2	A2			legen	قرار دادن، گذاشتن	Deutsch	فارسی	de-DE	fa-IR	front-core	[{"text":"Legen Sie das Buch auf den Tisch.","lang":"de-DE","role":"example","label":"ma2-lu-0022-ex-001","order":1},{"text":"Put the book on the table.","lang":"en-US","role":"example","label":"translation:ma2-lu-0022-ex-001","order":2}]	[]	[]	[{"title":"Formen","items":["Präsens (3. Sg.): legt","Präteritum: legte","Perfekt: hat gelegt","Hilfsverb: haben"]},{"title":"Grammar Notes","items":["Akkusativobjekt (Quellennotation)"]}]	{"entry_type":"verb","canonical_entry_type":"verb","learning_unit_id":"ma2-lu-0022","semantic_identity":"ma2-lu-0022","german_learning_contract":"gfp-german-learning-content@1.0.0","semantic_contract":"gfp-german-language-content@3.1.3","source_profile_id":"menschen-a2@2.1.0","german_definition":"","english":"","direction_policy":"language-pair","canonical_unit":{"id":"ma2-lu-0022","type":"verb","headword":"legen","persian_meaning":"قرار دادن، گذاشتن","core":{"present_3sg":"legt","preterite_3sg":"legte","perfect":"hat gelegt","auxiliary":"haben","reflexive":false,"separability":"non_prefixed"},"examples":[{"id":"ma2-lu-0022-ex-001","lang":"de-DE","text":"Legen Sie das Buch auf den Tisch.","order":1,"translations":[{"lang":"fa-IR","text":"کتاب را روی میز بگذارید."},{"lang":"en-US","text":"Put the book on the table."}]}],"metadata":{"dataset_id":"menschen-a2","unit_order":22,"tags":["menschen-a2","a2"]},"provenance":{"sources":[{"source_id":"menschen_a2_user_screenshots","source_kind":"course","what_was_verified":["orthography","persian_gloss","morphology","example_attestation"],"verification_status":"verified","locator":"screenshot-1:row-22;source-order=22","accessed_at":"2026-09-02","evidence_note":"Authoritative user-supplied source row. Raw German bundle: legen [+A], legte, hat gelegt / hinlegen"},{"source_id":"assistant_translation_review","source_kind":"other","what_was_verified":["persian_example_translation","english_example_translation"],"verification_status":"verified","accessed_at":"2026-09-02","evidence_note":"Production translation generated and sense-alignment reviewed against the German example and canonical Persian meaning; this is internal production evidence, not an external lexicon claim."}]},"details":{"grammar_notes":["Akkusativobjekt (Quellennotation)"]}},"present":"legt","preterite":"legte","perfect":"hat gelegt","participle_ii":"","auxiliary":"haben","reflexive":false,"is_reflexive":false,"is_separable":false,"rection":"","typingCore":"legen","typingStandard":"legen","typingTargetLang":"de-DE","typingTargetDir":"ltr","typingTargetLabel":"Wort"}	menschen-a2; a2		22
ma2-lu-0023	de-vocabulary	German	verb	Menschen A2	A2			sich legen	دراز کشیدن، آرام شدن	Deutsch	فارسی	de-DE	fa-IR	front-core	[{"text":"Der Hund legte sich unter den Tisch.","lang":"de-DE","role":"example","label":"ma2-lu-0023-ex-001","order":1},{"text":"The dog lay down under the table.","lang":"en-US","role":"example","label":"translation:ma2-lu-0023-ex-001","order":2}]	[]	[]	[{"title":"Formen","items":["Präsens (3. Sg.): legt sich","Präteritum: legte sich","Perfekt: hat sich gelegt","Hilfsverb: haben"]},{"title":"Grammar Notes","items":["Akkusativobjekt (Quellennotation)"]}]	{"entry_type":"verb","canonical_entry_type":"verb","learning_unit_id":"ma2-lu-0023","semantic_identity":"ma2-lu-0023","german_learning_contract":"gfp-german-learning-content@1.0.0","semantic_contract":"gfp-german-language-content@3.1.3","source_profile_id":"menschen-a2@2.1.0","german_definition":"","english":"","direction_policy":"language-pair","canonical_unit":{"id":"ma2-lu-0023","type":"verb","headword":"sich legen","persian_meaning":"دراز کشیدن، آرام شدن","core":{"present_3sg":"legt sich","preterite_3sg":"legte sich","perfect":"hat sich gelegt","auxiliary":"haben","reflexive":true,"separability":"non_prefixed"},"examples":[{"id":"ma2-lu-0023-ex-001","lang":"de-DE","text":"Der Hund legte sich unter den Tisch.","order":1,"translations":[{"lang":"fa-IR","text":"سگ زیر میز دراز کشید."},{"lang":"en-US","text":"The dog lay down under the table."}]}],"metadata":{"dataset_id":"menschen-a2","unit_order":23,"tags":["menschen-a2","a2"]},"provenance":{"sources":[{"source_id":"menschen_a2_user_screenshots","source_kind":"course","what_was_verified":["orthography","persian_gloss","morphology","example_attestation"],"verification_status":"verified","locator":"screenshot-1:row-23;source-order=23","accessed_at":"2026-09-02","evidence_note":"Authoritative user-supplied source row. Raw German bundle: sich legen [+A], legte sich, hat sich gelegt / sich hinlegen"},{"source_id":"assistant_translation_review","source_kind":"other","what_was_verified":["persian_example_translation","english_example_translation"],"verification_status":"verified","accessed_at":"2026-09-02","evidence_note":"Production translation generated and sense-alignment reviewed against the German example and canonical Persian meaning; this is internal production evidence, not an external lexicon claim."}]},"details":{"grammar_notes":["Akkusativobjekt (Quellennotation)"]}},"present":"legt sich","preterite":"legte sich","perfect":"hat sich gelegt","participle_ii":"","auxiliary":"haben","reflexive":true,"is_reflexive":true,"is_separable":false,"rection":"","typingCore":"sich legen","typingStandard":"sich legen","typingTargetLang":"de-DE","typingTargetDir":"ltr","typingTargetLabel":"Wort"}	menschen-a2; a2		23
ma2-lu-0024	de-vocabulary	German	verb	Menschen A2	A2			liegen	قرار داشتن، دراز کشیدن	Deutsch	فارسی	de-DE	fa-IR	front-core	[{"text":"Frankfurt liegt am Main.","lang":"de-DE","role":"example","label":"ma2-lu-0024-ex-001","order":1},{"text":"Frankfurt is on the Main.","lang":"en-US","role":"example","label":"translation:ma2-lu-0024-ex-001","order":2}]	[]	[]	[{"title":"Formen","items":["Präsens (3. Sg.): liegt","Präteritum: lag","Perfekt: hat gelegen","Hilfsverb: haben"]},{"title":"Grammar Notes","items":["Dativobjekt (Quellennotation)"]}]	{"entry_type":"verb","canonical_entry_type":"verb","learning_unit_id":"ma2-lu-0024","semantic_identity":"ma2-lu-0024","german_learning_contract":"gfp-german-learning-content@1.0.0","semantic_contract":"gfp-german-language-content@3.1.3","source_profile_id":"menschen-a2@2.1.0","german_definition":"","english":"","direction_policy":"language-pair","canonical_unit":{"id":"ma2-lu-0024","type":"verb","headword":"liegen","persian_meaning":"قرار داشتن، دراز کشیدن","core":{"present_3sg":"liegt","preterite_3sg":"lag","perfect":"hat gelegen","auxiliary":"haben","reflexive":false,"separability":"non_prefixed"},"examples":[{"id":"ma2-lu-0024-ex-001","lang":"de-DE","text":"Frankfurt liegt am Main.","order":1,"translations":[{"lang":"fa-IR","text":"فرانکفورت در کنار رود ماین قرار دارد."},{"lang":"en-US","text":"Frankfurt is on the Main."}]}],"metadata":{"dataset_id":"menschen-a2","unit_order":24,"tags":["menschen-a2","a2"]},"provenance":{"sources":[{"source_id":"menschen_a2_user_screenshots","source_kind":"course","what_was_verified":["orthography","persian_gloss","morphology","example_attestation"],"verification_status":"verified","locator":"screenshot-1:row-24;source-order=24","accessed_at":"2026-09-02","evidence_note":"Authoritative user-supplied source row. Raw German bundle: liegen [+D], liegt, lag, hat gelegen"},{"source_id":"assistant_translation_review","source_kind":"other","what_was_verified":["persian_example_translation","english_example_translation"],"verification_status":"verified","accessed_at":"2026-09-02","evidence_note":"Production translation generated and sense-alignment reviewed against the German example and canonical Persian meaning; this is internal production evidence, not an external lexicon claim."}]},"details":{"grammar_notes":["Dativobjekt (Quellennotation)"]}},"present":"liegt","preterite":"lag","perfect":"hat gelegen","participle_ii":"","auxiliary":"haben","reflexive":false,"is_reflexive":false,"is_separable":false,"rection":"","typingCore":"liegen","typingStandard":"liegen","typingTargetLang":"de-DE","typingTargetDir":"ltr","typingTargetLabel":"Wort"}	menschen-a2; a2		24
ma2-lu-0025	de-vocabulary	German	verb	Menschen A2	A2			einrichten	چیدن و تجهیز کردن، راه‌اندازی کردن	Deutsch	فارسی	de-DE	fa-IR	front-core	[{"text":"Er möchte sein Zimmer selber einrichten.","lang":"de-DE","role":"example","label":"ma2-lu-0025-ex-001","order":1},{"text":"He wants to furnish his room himself.","lang":"en-US","role":"example","label":"translation:ma2-lu-0025-ex-001","order":2}]	[]	[]	[{"title":"Formen","items":["Präsens (3. Sg.): richtet ein","Präteritum: richtete ein","Perfekt: hat eingerichtet","Hilfsverb: haben"]},{"title":"Grammar Notes","items":["Akkusativobjekt (Quellennotation)"]}]	{"entry_type":"verb","canonical_entry_type":"verb","learning_unit_id":"ma2-lu-0025","semantic_identity":"ma2-lu-0025","german_learning_contract":"gfp-german-learning-content@1.0.0","semantic_contract":"gfp-german-language-content@3.1.3","source_profile_id":"menschen-a2@2.1.0","german_definition":"","english":"","direction_policy":"language-pair","canonical_unit":{"id":"ma2-lu-0025","type":"verb","headword":"einrichten","persian_meaning":"چیدن و تجهیز کردن، راه‌اندازی کردن","core":{"present_3sg":"richtet ein","preterite_3sg":"richtete ein","perfect":"hat eingerichtet","auxiliary":"haben","reflexive":false,"separability":"separable"},"examples":[{"id":"ma2-lu-0025-ex-001","lang":"de-DE","text":"Er möchte sein Zimmer selber einrichten.","order":1,"translations":[{"lang":"fa-IR","text":"او می‌خواهد اتاقش را خودش بچیند."},{"lang":"en-US","text":"He wants to furnish his room himself."}]}],"metadata":{"dataset_id":"menschen-a2","unit_order":25,"tags":["menschen-a2","a2"]},"provenance":{"sources":[{"source_id":"menschen_a2_user_screenshots","source_kind":"course","what_was_verified":["orthography","persian_gloss","morphology","example_attestation"],"verification_status":"verified","locator":"screenshot-1:row-25;source-order=25","accessed_at":"2026-09-02","evidence_note":"Authoritative user-supplied source row. Raw German bundle: einrichten [+A], richtet ein, richtete ein, hat eingerichtet"},{"source_id":"assistant_translation_review","source_kind":"other","what_was_verified":["persian_example_translation","english_example_translation"],"verification_status":"verified","accessed_at":"2026-09-02","evidence_note":"Production translation generated and sense-alignment reviewed against the German example and canonical Persian meaning; this is internal production evidence, not an external lexicon claim."}]},"details":{"grammar_notes":["Akkusativobjekt (Quellennotation)"]}},"present":"richtet ein","preterite":"richtete ein","perfect":"hat eingerichtet","participle_ii":"","auxiliary":"haben","reflexive":false,"is_reflexive":false,"is_separable":true,"rection":"","typingCore":"einrichten","typingStandard":"einrichten","typingTargetLang":"de-DE","typingTargetDir":"ltr","typingTargetLabel":"Wort"}	menschen-a2; a2		25
ma2-lu-0026	de-vocabulary	German	verb	Menschen A2	A2			sich einrichten	خود را مستقر کردن، خود را با شرایط وفق دادن	Deutsch	فارسی	de-DE	fa-IR	front-core	[{"text":"Ich werde mich auf deinen Besuch einrichten.","lang":"de-DE","role":"example","label":"ma2-lu-0026-ex-001","order":1},{"text":"I will prepare myself for your visit.","lang":"en-US","role":"example","label":"translation:ma2-lu-0026-ex-001","order":2}]	[]	[]	[{"title":"Formen","items":["Präsens (3. Sg.): richtet sich ein","Präteritum: richtete sich ein","Perfekt: hat sich eingerichtet","Hilfsverb: haben"]},{"title":"Grammar Notes","items":["Akkusativobjekt (Quellennotation)"]}]	{"entry_type":"verb","canonical_entry_type":"verb","learning_unit_id":"ma2-lu-0026","semantic_identity":"ma2-lu-0026","german_learning_contract":"gfp-german-learning-content@1.0.0","semantic_contract":"gfp-german-language-content@3.1.3","source_profile_id":"menschen-a2@2.1.0","german_definition":"","english":"","direction_policy":"language-pair","canonical_unit":{"id":"ma2-lu-0026","type":"verb","headword":"sich einrichten","persian_meaning":"خود را مستقر کردن، خود را با شرایط وفق دادن","core":{"present_3sg":"richtet sich ein","preterite_3sg":"richtete sich ein","perfect":"hat sich eingerichtet","auxiliary":"haben","reflexive":true,"separability":"separable"},"examples":[{"id":"ma2-lu-0026-ex-001","lang":"de-DE","text":"Ich werde mich auf deinen Besuch einrichten.","order":1,"translations":[{"lang":"fa-IR","text":"من خودم را برای دیدار تو آماده می‌کنم."},{"lang":"en-US","text":"I will prepare myself for your visit."}]}],"metadata":{"dataset_id":"menschen-a2","unit_order":26,"tags":["menschen-a2","a2"]},"provenance":{"sources":[{"source_id":"menschen_a2_user_screenshots","source_kind":"course","what_was_verified":["orthography","persian_gloss","morphology","example_attestation"],"verification_status":"verified","locator":"screenshot-1:row-26;source-order=26","accessed_at":"2026-09-02","evidence_note":"Authoritative user-supplied source row. Raw German bundle: sich einrichten [+A], richtete sich ein, hat sich eingerichtet"},{"source_id":"assistant_translation_review","source_kind":"other","what_was_verified":["persian_example_translation","english_example_translation"],"verification_status":"verified","accessed_at":"2026-09-02","evidence_note":"Production translation generated and sense-alignment reviewed against the German example and canonical Persian meaning; this is internal production evidence, not an external lexicon claim."}]},"details":{"grammar_notes":["Akkusativobjekt (Quellennotation)"]}},"present":"richtet sich ein","preterite":"richtete sich ein","perfect":"hat sich eingerichtet","participle_ii":"","auxiliary":"haben","reflexive":true,"is_reflexive":true,"is_separable":true,"rection":"","typingCore":"sich einrichten","typingStandard":"sich einrichten","typingTargetLang":"de-DE","typingTargetDir":"ltr","typingTargetLabel":"Wort"}	menschen-a2; a2		26
ma2-lu-0027	de-vocabulary	German	phrase	Menschen A2	A2			sich auf etw. einrichten	خود را برای چیزی آماده کردن	Deutsch	فارسی	de-DE	fa-IR	front-core	[{"text":"Darauf bin ich nicht eingerichtet","lang":"de-DE","role":"example","label":"ma2-lu-0027-ex-001","order":1},{"text":"I am not prepared for that.","lang":"en-US","role":"example","label":"translation:ma2-lu-0027-ex-001","order":2}]	[]	[]	[]	{"entry_type":"phrase","canonical_entry_type":"phrase","learning_unit_id":"ma2-lu-0027","semantic_identity":"ma2-lu-0027","german_learning_contract":"gfp-german-learning-content@1.0.0","semantic_contract":"gfp-german-language-content@3.1.3","source_profile_id":"menschen-a2@2.1.0","german_definition":"","english":"","direction_policy":"language-pair","canonical_unit":{"id":"ma2-lu-0027","type":"phrase","headword":"sich auf etw. einrichten","persian_meaning":"خود را برای چیزی آماده کردن","core":{"structure":"sich auf etw. einrichten"},"examples":[{"id":"ma2-lu-0027-ex-001","lang":"de-DE","text":"Darauf bin ich nicht eingerichtet","order":1,"translations":[{"lang":"fa-IR","text":"من برای آن آماده نیستم."},{"lang":"en-US","text":"I am not prepared for that."}]}],"metadata":{"dataset_id":"menschen-a2","unit_order":27,"tags":["menschen-a2","a2"]},"provenance":{"sources":[{"source_id":"menschen_a2_user_screenshots","source_kind":"course","what_was_verified":["orthography","persian_gloss","example_attestation"],"verification_status":"verified","locator":"screenshot-1:row-27;source-order=27","accessed_at":"2026-09-02","evidence_note":"Authoritative user-supplied source row. Raw German bundle: sich auf etw. einrichten / nicht vorbereitet sein"},{"source_id":"assistant_translation_review","source_kind":"other","what_was_verified":["persian_example_translation","english_example_translation"],"verification_status":"verified","accessed_at":"2026-09-02","evidence_note":"Production translation generated and sense-alignment reviewed against the German example and canonical Persian meaning; this is internal production evidence, not an external lexicon claim."}]}}}	menschen-a2; a2		27
ma2-lu-0028	de-vocabulary	German	verb	Menschen A2	A2			einpacken	بسته‌بندی کردن، داخل چیزی گذاشتن	Deutsch	فارسی	de-DE	fa-IR	front-core	[{"text":"Ich packe die Kleidung in den Koffer ein.","lang":"de-DE","role":"example","label":"ma2-lu-0028-ex-001","order":1},{"text":"I pack the clothes into the suitcase.","lang":"en-US","role":"example","label":"translation:ma2-lu-0028-ex-001","order":2}]	[]	[]	[{"title":"Formen","items":["Präsens (3. Sg.): packt ein","Präteritum: packte ein","Perfekt: hat eingepackt","Hilfsverb: haben"]},{"title":"Grammar Notes","items":["Akkusativobjekt; optionales Dativobjekt (Quellennotation)"]}]	{"entry_type":"verb","canonical_entry_type":"verb","learning_unit_id":"ma2-lu-0028","semantic_identity":"ma2-lu-0028","german_learning_contract":"gfp-german-learning-content@1.0.0","semantic_contract":"gfp-german-language-content@3.1.3","source_profile_id":"menschen-a2@2.1.0","german_definition":"","english":"","direction_policy":"language-pair","canonical_unit":{"id":"ma2-lu-0028","type":"verb","headword":"einpacken","persian_meaning":"بسته‌بندی کردن، داخل چیزی گذاشتن","core":{"present_3sg":"packt ein","preterite_3sg":"packte ein","perfect":"hat eingepackt","auxiliary":"haben","reflexive":false,"separability":"separable"},"examples":[{"id":"ma2-lu-0028-ex-001","lang":"de-DE","text":"Ich packe die Kleidung in den Koffer ein.","order":1,"translations":[{"lang":"fa-IR","text":"لباس‌ها را داخل چمدان می‌گذارم."},{"lang":"en-US","text":"I pack the clothes into the suitcase."}]}],"metadata":{"dataset_id":"menschen-a2","unit_order":28,"tags":["menschen-a2","a2"]},"provenance":{"sources":[{"source_id":"menschen_a2_user_screenshots","source_kind":"course","what_was_verified":["orthography","persian_gloss","morphology","example_attestation"],"verification_status":"verified","locator":"screenshot-1:row-28;source-order=28","accessed_at":"2026-09-02","evidence_note":"Authoritative user-supplied source row. Raw German bundle: einpacken [(+D)+A], packt ein, packte ein, hat eingepackt"},{"source_id":"assistant_translation_review","source_kind":"other","what_was_verified":["persian_example_translation","english_example_translation"],"verification_status":"verified","accessed_at":"2026-09-02","evidence_note":"Production translation generated and sense-alignment reviewed against the German example and canonical Persian meaning; this is internal production evidence, not an external lexicon claim."}]},"details":{"grammar_notes":["Akkusativobjekt; optionales Dativobjekt (Quellennotation)"]}},"present":"packt ein","preterite":"packte ein","perfect":"hat eingepackt","participle_ii":"","auxiliary":"haben","reflexive":false,"is_reflexive":false,"is_separable":true,"rection":"","typingCore":"einpacken","typingStandard":"einpacken","typingTargetLang":"de-DE","typingTargetDir":"ltr","typingTargetLabel":"Wort"}	menschen-a2; a2		28
ma2-lu-0029	de-vocabulary	German	verb	Menschen A2	A2			auspacken	باز کردن بسته، بیرون آوردن	Deutsch	فارسی	de-DE	fa-IR	front-core	[{"text":"Bitte pack das Geschenk schnell aus!","lang":"de-DE","role":"example","label":"ma2-lu-0029-ex-001","order":1},{"text":"Please unpack the gift quickly!","lang":"en-US","role":"example","label":"translation:ma2-lu-0029-ex-001","order":2}]	[]	[]	[{"title":"Formen","items":["Präsens (3. Sg.): packt aus","Präteritum: packte aus","Perfekt: hat ausgepackt","Hilfsverb: haben"]},{"title":"Grammar Notes","items":["Akkusativobjekt (Quellennotation)"]}]	{"entry_type":"verb","canonical_entry_type":"verb","learning_unit_id":"ma2-lu-0029","semantic_identity":"ma2-lu-0029","german_learning_contract":"gfp-german-learning-content@1.0.0","semantic_contract":"gfp-german-language-content@3.1.3","source_profile_id":"menschen-a2@2.1.0","german_definition":"","english":"","direction_policy":"language-pair","canonical_unit":{"id":"ma2-lu-0029","type":"verb","headword":"auspacken","persian_meaning":"باز کردن بسته، بیرون آوردن","core":{"present_3sg":"packt aus","preterite_3sg":"packte aus","perfect":"hat ausgepackt","auxiliary":"haben","reflexive":false,"separability":"separable"},"examples":[{"id":"ma2-lu-0029-ex-001","lang":"de-DE","text":"Bitte pack das Geschenk schnell aus!","order":1,"translations":[{"lang":"fa-IR","text":"لطفاً هدیه را سریع باز کن!"},{"lang":"en-US","text":"Please unpack the gift quickly!"}]}],"metadata":{"dataset_id":"menschen-a2","unit_order":29,"tags":["menschen-a2","a2"]},"provenance":{"sources":[{"source_id":"menschen_a2_user_screenshots","source_kind":"course","what_was_verified":["orthography","persian_gloss","morphology","example_attestation"],"verification_status":"verified","locator":"screenshot-1:row-29;source-order=29","accessed_at":"2026-09-02","evidence_note":"Authoritative user-supplied source row. Raw German bundle: auspacken [+A], packt aus, packte aus, hat ausgepackt / herausholen"},{"source_id":"assistant_translation_review","source_kind":"other","what_was_verified":["persian_example_translation","english_example_translation"],"verification_status":"verified","accessed_at":"2026-09-02","evidence_note":"Production translation generated and sense-alignment reviewed against the German example and canonical Persian meaning; this is internal production evidence, not an external lexicon claim."}]},"details":{"grammar_notes":["Akkusativobjekt (Quellennotation)"]}},"present":"packt aus","preterite":"packte aus","perfect":"hat ausgepackt","participle_ii":"","auxiliary":"haben","reflexive":false,"is_reflexive":false,"is_separable":true,"rection":"","typingCore":"auspacken","typingStandard":"auspacken","typingTargetLang":"de-DE","typingTargetDir":"ltr","typingTargetLabel":"Wort"}	menschen-a2; a2		29
ma2-lu-0030	de-vocabulary	German	verb	Menschen A2	A2			unterscheiden	تشخیص دادن، تفاوت قائل شدن	Deutsch	فارسی	de-DE	fa-IR	front-core	[{"text":"Die beiden Zwillinge kann ich nicht unterscheiden.","lang":"de-DE","role":"example","label":"ma2-lu-0030-ex-001","order":1},{"text":"I can't tell the two twins apart.","lang":"en-US","role":"example","label":"translation:ma2-lu-0030-ex-001","order":2}]	[]	[]	[{"title":"Formen","items":["Präsens (3. Sg.): unterscheidet","Präteritum: unterschied","Perfekt: hat unterschieden","Hilfsverb: haben"]}]	{"entry_type":"verb","canonical_entry_type":"verb","learning_unit_id":"ma2-lu-0030","semantic_identity":"ma2-lu-0030","german_learning_contract":"gfp-german-learning-content@1.0.0","semantic_contract":"gfp-german-language-content@3.1.3","source_profile_id":"menschen-a2@2.1.0","german_definition":"","english":"","direction_policy":"language-pair","canonical_unit":{"id":"ma2-lu-0030","type":"verb","headword":"unterscheiden","persian_meaning":"تشخیص دادن، تفاوت قائل شدن","core":{"present_3sg":"unterscheidet","preterite_3sg":"unterschied","perfect":"hat unterschieden","auxiliary":"haben","reflexive":false,"separability":"inseparable"},"examples":[{"id":"ma2-lu-0030-ex-001","lang":"de-DE","text":"Die beiden Zwillinge kann ich nicht unterscheiden.","order":1,"translations":[{"lang":"fa-IR","text":"من نمی‌توانم این دو دوقلو را از هم تشخیص بدهم."},{"lang":"en-US","text":"I can't tell the two twins apart."}]}],"metadata":{"dataset_id":"menschen-a2","unit_order":30,"tags":["menschen-a2","a2"]},"provenance":{"sources":[{"source_id":"menschen_a2_user_screenshots","source_kind":"course","what_was_verified":["orthography","persian_gloss","morphology","example_attestation"],"verification_status":"verified","locator":"screenshot-1:row-30;source-order=30","accessed_at":"2026-09-02","evidence_note":"Authoritative user-supplied source row. Raw German bundle: unterscheiden, unterschied, hat unterschieden / differenzieren"},{"source_id":"assistant_translation_review","source_kind":"other","what_was_verified":["persian_example_translation","english_example_translation"],"verification_status":"verified","accessed_at":"2026-09-02","evidence_note":"Production translation generated and sense-alignment reviewed against the German example and canonical Persian meaning; this is internal production evidence, not an external lexicon claim."}]}},"present":"unterscheidet","preterite":"unterschied","perfect":"hat unterschieden","participle_ii":"","auxiliary":"haben","reflexive":false,"is_reflexive":false,"is_separable":false,"rection":"","typingCore":"unterscheiden","typingStandard":"unterscheiden","typingTargetLang":"de-DE","typingTargetDir":"ltr","typingTargetLabel":"Wort"}	menschen-a2; a2		30
ma2-lu-0031	de-vocabulary	German	phrase	Menschen A2	A2			etw. (Akk.) von etw. (Dat.) unterscheiden	چیزی را از چیز دیگری تشخیص دادن	Deutsch	فارسی	de-DE	fa-IR	front-core	[{"text":"Rot von Blau unterscheiden","lang":"de-DE","role":"example","label":"ma2-lu-0031-ex-001","order":1},{"text":"to distinguish red from blue","lang":"en-US","role":"example","label":"translation:ma2-lu-0031-ex-001","order":2}]	[]	[]	[]	{"entry_type":"phrase","canonical_entry_type":"phrase","learning_unit_id":"ma2-lu-0031","semantic_identity":"ma2-lu-0031","german_learning_contract":"gfp-german-learning-content@1.0.0","semantic_contract":"gfp-german-language-content@3.1.3","source_profile_id":"menschen-a2@2.1.0","german_definition":"","english":"","direction_policy":"language-pair","canonical_unit":{"id":"ma2-lu-0031","type":"phrase","headword":"etw. (Akk.) von etw. (Dat.) unterscheiden","persian_meaning":"چیزی را از چیز دیگری تشخیص دادن","core":{"structure":"etw. (Akk.) von etw. (Dat.) unterscheiden"},"examples":[{"id":"ma2-lu-0031-ex-001","lang":"de-DE","text":"Rot von Blau unterscheiden","order":1,"translations":[{"lang":"fa-IR","text":"قرمز را از آبی تشخیص دادن"},{"lang":"en-US","text":"to distinguish red from blue"}]}],"metadata":{"dataset_id":"menschen-a2","unit_order":31,"tags":["menschen-a2","a2"]},"provenance":{"sources":[{"source_id":"menschen_a2_user_screenshots","source_kind":"course","what_was_verified":["orthography","persian_gloss","example_attestation"],"verification_status":"verified","locator":"screenshot-2:row-1;source-order=31","accessed_at":"2026-09-02","evidence_note":"Authoritative user-supplied source row. Raw German bundle: etw.Akk. von etw.Dat. unterscheiden / auseinanderhalten"},{"source_id":"assistant_translation_review","source_kind":"other","what_was_verified":["persian_example_translation","english_example_translation"],"verification_status":"verified","accessed_at":"2026-09-02","evidence_note":"Production translation generated and sense-alignment reviewed against the German example and canonical Persian meaning; this is internal production evidence, not an external lexicon claim."}]}}}	menschen-a2; a2		31
ma2-lu-0032	de-vocabulary	German	phrase	Menschen A2	A2			unterscheiden zwischen jdm./etw.	بین افراد یا چیزها تفاوت قائل شدن	Deutsch	فارسی	de-DE	fa-IR	front-core	[{"text":"Man muss zwischen richtig und falsch unterscheiden.","lang":"de-DE","role":"example","label":"ma2-lu-0032-ex-001","order":1},{"text":"You have to distinguish between right and wrong.","lang":"en-US","role":"example","label":"translation:ma2-lu-0032-ex-001","order":2}]	[]	[]	[]	{"entry_type":"phrase","canonical_entry_type":"phrase","learning_unit_id":"ma2-lu-0032","semantic_identity":"ma2-lu-0032","german_learning_contract":"gfp-german-learning-content@1.0.0","semantic_contract":"gfp-german-language-content@3.1.3","source_profile_id":"menschen-a2@2.1.0","german_definition":"","english":"","direction_policy":"language-pair","canonical_unit":{"id":"ma2-lu-0032","type":"phrase","headword":"unterscheiden zwischen jdm./etw.","persian_meaning":"بین افراد یا چیزها تفاوت قائل شدن","core":{"structure":"unterscheiden zwischen jdm./etw."},"examples":[{"id":"ma2-lu-0032-ex-001","lang":"de-DE","text":"Man muss zwischen richtig und falsch unterscheiden.","order":1,"translations":[{"lang":"fa-IR","text":"باید بین درست و غلط تفاوت قائل شد."},{"lang":"en-US","text":"You have to distinguish between right and wrong."}]}],"metadata":{"dataset_id":"menschen-a2","unit_order":32,"tags":["menschen-a2","a2"]},"provenance":{"sources":[{"source_id":"menschen_a2_user_screenshots","source_kind":"course","what_was_verified":["orthography","persian_gloss","example_attestation"],"verification_status":"verified","locator":"screenshot-2:row-2;source-order=32","accessed_at":"2026-09-02","evidence_note":"Authoritative user-supplied source row. Raw German bundle: unterscheiden zwischen jdm./etw."},{"source_id":"assistant_translation_review","source_kind":"other","what_was_verified":["persian_example_translation","english_example_translation"],"verification_status":"verified","accessed_at":"2026-09-02","evidence_note":"Production translation generated and sense-alignment reviewed against the German example and canonical Persian meaning; this is internal production evidence, not an external lexicon claim."}]}}}	menschen-a2; a2		32
ma2-lu-0033	de-vocabulary	German	verb	Menschen A2	A2			sich unterscheiden	متفاوت بودن، فرق داشتن	Deutsch	فارسی	de-DE	fa-IR	front-core	[{"text":"Worin/ wie unterscheiden sie sich?","lang":"de-DE","role":"example","label":"ma2-lu-0033-ex-001","order":1},{"text":"In what way / how do they differ?","lang":"en-US","role":"example","label":"translation:ma2-lu-0033-ex-001","order":2}]	[]	[]	[{"title":"Formen","items":["Präsens (3. Sg.): unterscheidet sich","Präteritum: unterschied sich","Perfekt: hat sich unterschieden","Hilfsverb: haben"]}]	{"entry_type":"verb","canonical_entry_type":"verb","learning_unit_id":"ma2-lu-0033","semantic_identity":"ma2-lu-0033","german_learning_contract":"gfp-german-learning-content@1.0.0","semantic_contract":"gfp-german-language-content@3.1.3","source_profile_id":"menschen-a2@2.1.0","german_definition":"","english":"","direction_policy":"language-pair","canonical_unit":{"id":"ma2-lu-0033","type":"verb","headword":"sich unterscheiden","persian_meaning":"متفاوت بودن، فرق داشتن","core":{"present_3sg":"unterscheidet sich","preterite_3sg":"unterschied sich","perfect":"hat sich unterschieden","auxiliary":"haben","reflexive":true,"separability":"inseparable"},"examples":[{"id":"ma2-lu-0033-ex-001","lang":"de-DE","text":"Worin/ wie unterscheiden sie sich?","order":1,"translations":[{"lang":"fa-IR","text":"آن‌ها از چه نظر / چگونه با هم فرق دارند؟"},{"lang":"en-US","text":"In what way / how do they differ?"}]}],"metadata":{"dataset_id":"menschen-a2","unit_order":33,"tags":["menschen-a2","a2"]},"provenance":{"sources":[{"source_id":"menschen_a2_user_screenshots","source_kind":"course","what_was_verified":["orthography","persian_gloss","morphology","example_attestation"],"verification_status":"verified","locator":"screenshot-2:row-3;source-order=33","accessed_at":"2026-09-02","evidence_note":"Authoritative user-supplied source row. Raw German bundle: sich unterscheiden, unterschied sich, hat sich unterschieden"},{"source_id":"assistant_translation_review","source_kind":"other","what_was_verified":["persian_example_translation","english_example_translation"],"verification_status":"verified","accessed_at":"2026-09-02","evidence_note":"Production translation generated and sense-alignment reviewed against the German example and canonical Persian meaning; this is internal production evidence, not an external lexicon claim."}]}},"present":"unterscheidet sich","preterite":"unterschied sich","perfect":"hat sich unterschieden","participle_ii":"","auxiliary":"haben","reflexive":true,"is_reflexive":true,"is_separable":false,"rection":"","typingCore":"sich unterscheiden","typingStandard":"sich unterscheiden","typingTargetLang":"de-DE","typingTargetDir":"ltr","typingTargetLabel":"Wort"}	menschen-a2; a2		33
ma2-lu-0034	de-vocabulary	German	verb	Menschen A2	A2			beachten	توجه کردن، رعایت کردن، در نظر گرفتن	Deutsch	فارسی	de-DE	fa-IR	front-core	[{"text":"Jdn./etw. nicht beachten","lang":"de-DE","role":"example","label":"ma2-lu-0034-ex-001","order":1},{"text":"not to pay attention to someone or something","lang":"en-US","role":"example","label":"translation:ma2-lu-0034-ex-001","order":2}]	[]	[]	[{"title":"Formen","items":["Präsens (3. Sg.): beachtet","Präteritum: beachtete","Perfekt: hat beachtet","Hilfsverb: haben"]},{"title":"Grammar Notes","items":["Akkusativobjekt (Quellennotation)"]}]	{"entry_type":"verb","canonical_entry_type":"verb","learning_unit_id":"ma2-lu-0034","semantic_identity":"ma2-lu-0034","german_learning_contract":"gfp-german-learning-content@1.0.0","semantic_contract":"gfp-german-language-content@3.1.3","source_profile_id":"menschen-a2@2.1.0","german_definition":"","english":"","direction_policy":"language-pair","canonical_unit":{"id":"ma2-lu-0034","type":"verb","headword":"beachten","persian_meaning":"توجه کردن، رعایت کردن، در نظر گرفتن","core":{"present_3sg":"beachtet","preterite_3sg":"beachtete","perfect":"hat beachtet","auxiliary":"haben","reflexive":false,"separability":"inseparable"},"examples":[{"id":"ma2-lu-0034-ex-001","lang":"de-DE","text":"Jdn./etw. nicht beachten","order":1,"translations":[{"lang":"fa-IR","text":"به کسی یا چیزی توجه نکردن"},{"lang":"en-US","text":"not to pay attention to someone or something"}]}],"metadata":{"dataset_id":"menschen-a2","unit_order":34,"tags":["menschen-a2","a2"]},"provenance":{"sources":[{"source_id":"menschen_a2_user_screenshots","source_kind":"course","what_was_verified":["orthography","persian_gloss","morphology","example_attestation"],"verification_status":"verified","locator":"screenshot-2:row-4;source-order=34","accessed_at":"2026-09-02","evidence_note":"Authoritative user-supplied source row. Raw German bundle: beachten [+A], beachtet, beachtete, hat beachtet / berücksichtigen / auf etwas achten"},{"source_id":"assistant_translation_review","source_kind":"other","what_was_verified":["persian_example_translation","english_example_translation"],"verification_status":"verified","accessed_at":"2026-09-02","evidence_note":"Production translation generated and sense-alignment reviewed against the German example and canonical Persian meaning; this is internal production evidence, not an external lexicon claim."}]},"details":{"grammar_notes":["Akkusativobjekt (Quellennotation)"]}},"present":"beachtet","preterite":"beachtete","perfect":"hat beachtet","participle_ii":"","auxiliary":"haben","reflexive":false,"is_reflexive":false,"is_separable":false,"rection":"","typingCore":"beachten","typingStandard":"beachten","typingTargetLang":"de-DE","typingTargetDir":"ltr","typingTargetLabel":"Wort"}	menschen-a2; a2		34
ma2-lu-0035	de-vocabulary	German	verb	Menschen A2	A2			quaken	قورقور کردن	Deutsch	فارسی	de-DE	fa-IR	front-core	[{"text":"Im Teich quakten die Frösche","lang":"de-DE","role":"example","label":"ma2-lu-0035-ex-001","order":1},{"text":"The frogs croaked in the pond.","lang":"en-US","role":"example","label":"translation:ma2-lu-0035-ex-001","order":2}]	[]	[]	[{"title":"Formen","items":["Präsens (3. Sg.): quakt","Präteritum: quakte","Perfekt: hat gequakt","Hilfsverb: haben"]}]	{"entry_type":"verb","canonical_entry_type":"verb","learning_unit_id":"ma2-lu-0035","semantic_identity":"ma2-lu-0035","german_learning_contract":"gfp-german-learning-content@1.0.0","semantic_contract":"gfp-german-language-content@3.1.3","source_profile_id":"menschen-a2@2.1.0","german_definition":"","english":"","direction_policy":"language-pair","canonical_unit":{"id":"ma2-lu-0035","type":"verb","headword":"quaken","persian_meaning":"قورقور کردن","core":{"present_3sg":"quakt","preterite_3sg":"quakte","perfect":"hat gequakt","auxiliary":"haben","reflexive":false,"separability":"non_prefixed"},"examples":[{"id":"ma2-lu-0035-ex-001","lang":"de-DE","text":"Im Teich quakten die Frösche","order":1,"translations":[{"lang":"fa-IR","text":"قورباغه‌ها در برکه قورقور می‌کردند."},{"lang":"en-US","text":"The frogs croaked in the pond."}]}],"metadata":{"dataset_id":"menschen-a2","unit_order":35,"tags":["menschen-a2","a2"]},"provenance":{"sources":[{"source_id":"menschen_a2_user_screenshots","source_kind":"course","what_was_verified":["orthography","persian_gloss","morphology","example_attestation"],"verification_status":"verified","locator":"screenshot-2:row-5;source-order=35","accessed_at":"2026-09-02","evidence_note":"Authoritative user-supplied source row. Raw German bundle: quaken, quakte, hat gequakt"},{"source_id":"assistant_translation_review","source_kind":"other","what_was_verified":["persian_example_translation","english_example_translation"],"verification_status":"verified","accessed_at":"2026-09-02","evidence_note":"Production translation generated and sense-alignment reviewed against the German example and canonical Persian meaning; this is internal production evidence, not an external lexicon claim."}]}},"present":"quakt","preterite":"quakte","perfect":"hat gequakt","participle_ii":"","auxiliary":"haben","reflexive":false,"is_reflexive":false,"is_separable":false,"rection":"","typingCore":"quaken","typingStandard":"quaken","typingTargetLang":"de-DE","typingTargetDir":"ltr","typingTargetLabel":"Wort"}	menschen-a2; a2		35
ma2-lu-0036	de-vocabulary	German	verb	Menschen A2	A2			sich erholen	استراحت و تجدید قوا کردن، بهبود یافتن	Deutsch	فارسی	de-DE	fa-IR	front-core	[{"text":"Ich muss mich vom Stress erholen.","lang":"de-DE","role":"example","label":"ma2-lu-0036-ex-001","order":1},{"text":"I need to recover from the stress.","lang":"en-US","role":"example","label":"translation:ma2-lu-0036-ex-001","order":2}]	[]	[]	[{"title":"Formen","items":["Präsens (3. Sg.): erholt sich","Präteritum: erholte sich","Perfekt: hat sich erholt","Hilfsverb: haben"]},{"title":"Grammar Notes","items":["Akkusativobjekt (Quellennotation)"]}]	{"entry_type":"verb","canonical_entry_type":"verb","learning_unit_id":"ma2-lu-0036","semantic_identity":"ma2-lu-0036","german_learning_contract":"gfp-german-learning-content@1.0.0","semantic_contract":"gfp-german-language-content@3.1.3","source_profile_id":"menschen-a2@2.1.0","german_definition":"","english":"","direction_policy":"language-pair","canonical_unit":{"id":"ma2-lu-0036","type":"verb","headword":"sich erholen","persian_meaning":"استراحت و تجدید قوا کردن، بهبود یافتن","core":{"present_3sg":"erholt sich","preterite_3sg":"erholte sich","perfect":"hat sich erholt","auxiliary":"haben","reflexive":true,"separability":"inseparable"},"examples":[{"id":"ma2-lu-0036-ex-001","lang":"de-DE","text":"Ich muss mich vom Stress erholen.","order":1,"translations":[{"lang":"fa-IR","text":"باید از استرس استراحت کنم و تجدید قوا کنم."},{"lang":"en-US","text":"I need to recover from the stress."}]}],"metadata":{"dataset_id":"menschen-a2","unit_order":36,"tags":["menschen-a2","a2"]},"provenance":{"sources":[{"source_id":"menschen_a2_user_screenshots","source_kind":"course","what_was_verified":["orthography","persian_gloss","morphology","example_attestation"],"verification_status":"verified","locator":"screenshot-2:row-6;source-order=36","accessed_at":"2026-09-02","evidence_note":"Authoritative user-supplied source row. Raw German bundle: sich erholen [+A], erholt sich, erholte sich, hat sich erholt"},{"source_id":"assistant_translation_review","source_kind":"other","what_was_verified":["persian_example_translation","english_example_translation"],"verification_status":"verified","accessed_at":"2026-09-02","evidence_note":"Production translation generated and sense-alignment reviewed against the German example and canonical Persian meaning; this is internal production evidence, not an external lexicon claim."}]},"details":{"grammar_notes":["Akkusativobjekt (Quellennotation)"]}},"present":"erholt sich","preterite":"erholte sich","perfect":"hat sich erholt","participle_ii":"","auxiliary":"haben","reflexive":true,"is_reflexive":true,"is_separable":false,"rection":"","typingCore":"sich erholen","typingStandard":"sich erholen","typingTargetLang":"de-DE","typingTargetDir":"ltr","typingTargetLabel":"Wort"}	menschen-a2; a2		36
ma2-lu-0037	de-vocabulary	German	verb	Menschen A2	A2			genießen	لذت بردن، بهره‌مند شدن	Deutsch	فارسی	de-DE	fa-IR	front-core	[{"text":"Ich habe meinen Urlaub genossen.","lang":"de-DE","role":"example","label":"ma2-lu-0037-ex-001","order":1},{"text":"I enjoyed my vacation.","lang":"en-US","role":"example","label":"translation:ma2-lu-0037-ex-001","order":2}]	[]	[]	[{"title":"Formen","items":["Präsens (3. Sg.): genießt","Präteritum: genoss","Perfekt: hat genossen","Hilfsverb: haben"]},{"title":"Grammar Notes","items":["Akkusativobjekt (Quellennotation)"]}]	{"entry_type":"verb","canonical_entry_type":"verb","learning_unit_id":"ma2-lu-0037","semantic_identity":"ma2-lu-0037","german_learning_contract":"gfp-german-learning-content@1.0.0","semantic_contract":"gfp-german-language-content@3.1.3","source_profile_id":"menschen-a2@2.1.0","german_definition":"","english":"","direction_policy":"language-pair","canonical_unit":{"id":"ma2-lu-0037","type":"verb","headword":"genießen","persian_meaning":"لذت بردن، بهره‌مند شدن","core":{"present_3sg":"genießt","preterite_3sg":"genoss","perfect":"hat genossen","auxiliary":"haben","reflexive":false,"separability":"inseparable"},"examples":[{"id":"ma2-lu-0037-ex-001","lang":"de-DE","text":"Ich habe meinen Urlaub genossen.","order":1,"translations":[{"lang":"fa-IR","text":"من از تعطیلاتم لذت بردم."},{"lang":"en-US","text":"I enjoyed my vacation."}]}],"metadata":{"dataset_id":"menschen-a2","unit_order":37,"tags":["menschen-a2","a2"]},"provenance":{"sources":[{"source_id":"menschen_a2_user_screenshots","source_kind":"course","what_was_verified":["orthography","persian_gloss","morphology","example_attestation"],"verification_status":"verified","locator":"screenshot-2:row-7;source-order=37","accessed_at":"2026-09-02","evidence_note":"Authoritative user-supplied source row. Raw German bundle: genießen [+A], genießt, genoss, hat genossen / etw. auskosten / sich erfreuen an"},{"source_id":"assistant_translation_review","source_kind":"other","what_was_verified":["persian_example_translation","english_example_translation"],"verification_status":"verified","accessed_at":"2026-09-02","evidence_note":"Production translation generated and sense-alignment reviewed against the German example and canonical Persian meaning; this is internal production evidence, not an external lexicon claim."}]},"details":{"grammar_notes":["Akkusativobjekt (Quellennotation)"]}},"present":"genießt","preterite":"genoss","perfect":"hat genossen","participle_ii":"","auxiliary":"haben","reflexive":false,"is_reflexive":false,"is_separable":false,"rection":"","typingCore":"genießen","typingStandard":"genießen","typingTargetLang":"de-DE","typingTargetDir":"ltr","typingTargetLabel":"Wort"}	menschen-a2; a2		37
ma2-lu-0038	de-vocabulary	German	verb	Menschen A2	A2			lehren	آموزش دادن، یاد دادن	Deutsch	فارسی	de-DE	fa-IR	front-core	[{"text":"Meine Großmutter lehrte mich das Stricken.","lang":"de-DE","role":"example","label":"ma2-lu-0038-ex-001","order":1},{"text":"My grandmother taught me how to knit.","lang":"en-US","role":"example","label":"translation:ma2-lu-0038-ex-001","order":2}]	[]	[]	[{"title":"Formen","items":["Präsens (3. Sg.): lehrt","Präteritum: lehrte","Perfekt: hat gelehrt","Hilfsverb: haben"]},{"title":"Grammar Notes","items":["Akkusativobjekt (Quellennotation)"]}]	{"entry_type":"verb","canonical_entry_type":"verb","learning_unit_id":"ma2-lu-0038","semantic_identity":"ma2-lu-0038","german_learning_contract":"gfp-german-learning-content@1.0.0","semantic_contract":"gfp-german-language-content@3.1.3","source_profile_id":"menschen-a2@2.1.0","german_definition":"","english":"","direction_policy":"language-pair","canonical_unit":{"id":"ma2-lu-0038","type":"verb","headword":"lehren","persian_meaning":"آموزش دادن، یاد دادن","core":{"present_3sg":"lehrt","preterite_3sg":"lehrte","perfect":"hat gelehrt","auxiliary":"haben","reflexive":false,"separability":"non_prefixed"},"examples":[{"id":"ma2-lu-0038-ex-001","lang":"de-DE","text":"Meine Großmutter lehrte mich das Stricken.","order":1,"translations":[{"lang":"fa-IR","text":"مادربزرگم بافتنی را به من یاد داد."},{"lang":"en-US","text":"My grandmother taught me how to knit."}]}],"metadata":{"dataset_id":"menschen-a2","unit_order":38,"tags":["menschen-a2","a2"]},"provenance":{"sources":[{"source_id":"menschen_a2_user_screenshots","source_kind":"course","what_was_verified":["orthography","persian_gloss","morphology","example_attestation"],"verification_status":"verified","locator":"screenshot-2:row-8;source-order=38","accessed_at":"2026-09-02","evidence_note":"Authoritative user-supplied source row. Raw German bundle: lehren [+A], lehrt, lehrte, hat gelehrt"},{"source_id":"assistant_translation_review","source_kind":"other","what_was_verified":["persian_example_translation","english_example_translation"],"verification_status":"verified","accessed_at":"2026-09-02","evidence_note":"Production translation generated and sense-alignment reviewed against the German example and canonical Persian meaning; this is internal production evidence, not an external lexicon claim."}]},"details":{"grammar_notes":["Akkusativobjekt (Quellennotation)"]}},"present":"lehrt","preterite":"lehrte","perfect":"hat gelehrt","participle_ii":"","auxiliary":"haben","reflexive":false,"is_reflexive":false,"is_separable":false,"rection":"","typingCore":"lehren","typingStandard":"lehren","typingTargetLang":"de-DE","typingTargetDir":"ltr","typingTargetLabel":"Wort"}	menschen-a2; a2		38
ma2-lu-0039	de-vocabulary	German	verb	Menschen A2	A2			erfahren	تجربه کردن، باخبر شدن، فهمیدن	Deutsch	فارسی	de-DE	fa-IR	front-core	[{"text":"Ich habe im Leben viel Gutes und Böses erfahren.","lang":"de-DE","role":"example","label":"ma2-lu-0039-ex-001","order":1},{"text":"I have experienced many good and bad things in life.","lang":"en-US","role":"example","label":"translation:ma2-lu-0039-ex-001","order":2}]	[]	[]	[{"title":"Formen","items":["Präsens (3. Sg.): erfährt","Präteritum: erfuhr","Perfekt: hat erfahren","Hilfsverb: haben"]},{"title":"Grammar Notes","items":["Akkusativobjekt (Quellennotation)"]}]	{"entry_type":"verb","canonical_entry_type":"verb","learning_unit_id":"ma2-lu-0039","semantic_identity":"ma2-lu-0039","german_learning_contract":"gfp-german-learning-content@1.0.0","semantic_contract":"gfp-german-language-content@3.1.3","source_profile_id":"menschen-a2@2.1.0","german_definition":"","english":"","direction_policy":"language-pair","canonical_unit":{"id":"ma2-lu-0039","type":"verb","headword":"erfahren","persian_meaning":"تجربه کردن، باخبر شدن، فهمیدن","core":{"present_3sg":"erfährt","preterite_3sg":"erfuhr","perfect":"hat erfahren","auxiliary":"haben","reflexive":false,"separability":"inseparable"},"examples":[{"id":"ma2-lu-0039-ex-001","lang":"de-DE","text":"Ich habe im Leben viel Gutes und Böses erfahren.","order":1,"translations":[{"lang":"fa-IR","text":"در زندگی چیزهای خوب و بد زیادی را تجربه کرده‌ام."},{"lang":"en-US","text":"I have experienced many good and bad things in life."}]}],"metadata":{"dataset_id":"menschen-a2","unit_order":39,"tags":["menschen-a2","a2"]},"provenance":{"sources":[{"source_id":"menschen_a2_user_screenshots","source_kind":"course","what_was_verified":["orthography","persian_gloss","morphology","example_attestation"],"verification_status":"verified","locator":"screenshot-2:row-9;source-order=39","accessed_at":"2026-09-02","evidence_note":"Authoritative user-supplied source row. Raw German bundle: erfahren [+A], erfährt, erfuhr, hat erfahren / erleben / mitbekommen"},{"source_id":"assistant_translation_review","source_kind":"other","what_was_verified":["persian_example_translation","english_example_translation"],"verification_status":"verified","accessed_at":"2026-09-02","evidence_note":"Production translation generated and sense-alignment reviewed against the German example and canonical Persian meaning; this is internal production evidence, not an external lexicon claim."}]},"details":{"grammar_notes":["Akkusativobjekt (Quellennotation)"]}},"present":"erfährt","preterite":"erfuhr","perfect":"hat erfahren","participle_ii":"","auxiliary":"haben","reflexive":false,"is_reflexive":false,"is_separable":false,"rection":"","typingCore":"erfahren","typingStandard":"erfahren","typingTargetLang":"de-DE","typingTargetDir":"ltr","typingTargetLabel":"Wort"}	menschen-a2; a2		39
ma2-lu-0040	de-vocabulary	German	phrase	Menschen A2	A2			von etw. (Dat.) erfahren	از چیزی باخبر شدن	Deutsch	فارسی	de-DE	fa-IR	front-core	[{"text":"Hast du von Eva etwas Neues erfahren?","lang":"de-DE","role":"example","label":"ma2-lu-0040-ex-001","order":1},{"text":"Have you heard anything new about Eva?","lang":"en-US","role":"example","label":"translation:ma2-lu-0040-ex-001","order":2}]	[]	[]	[]	{"entry_type":"phrase","canonical_entry_type":"phrase","learning_unit_id":"ma2-lu-0040","semantic_identity":"ma2-lu-0040","german_learning_contract":"gfp-german-learning-content@1.0.0","semantic_contract":"gfp-german-language-content@3.1.3","source_profile_id":"menschen-a2@2.1.0","german_definition":"","english":"","direction_policy":"language-pair","canonical_unit":{"id":"ma2-lu-0040","type":"phrase","headword":"von etw. (Dat.) erfahren","persian_meaning":"از چیزی باخبر شدن","core":{"structure":"von etw. (Dat.) erfahren"},"examples":[{"id":"ma2-lu-0040-ex-001","lang":"de-DE","text":"Hast du von Eva etwas Neues erfahren?","order":1,"translations":[{"lang":"fa-IR","text":"آیا خبر تازه‌ای درباره اِوا شنیده‌ای؟"},{"lang":"en-US","text":"Have you heard anything new about Eva?"}]}],"metadata":{"dataset_id":"menschen-a2","unit_order":40,"tags":["menschen-a2","a2"]},"provenance":{"sources":[{"source_id":"menschen_a2_user_screenshots","source_kind":"course","what_was_verified":["orthography","persian_gloss","example_attestation"],"verification_status":"verified","locator":"screenshot-2:row-10;source-order=40","accessed_at":"2026-09-02","evidence_note":"Authoritative user-supplied source row. Raw German bundle: von etw.Dat. erfahren / von etw. hören / über etw. informiert werden / Nachricht erhalten"},{"source_id":"assistant_translation_review","source_kind":"other","what_was_verified":["persian_example_translation","english_example_translation"],"verification_status":"verified","accessed_at":"2026-09-02","evidence_note":"Production translation generated and sense-alignment reviewed against the German example and canonical Persian meaning; this is internal production evidence, not an external lexicon claim."}]}}}	menschen-a2; a2		40
ma2-lu-0041	de-vocabulary	German	verb	Menschen A2	A2			überfliegen	از روی چیزی عبور کردن، سریع مرور کردن	Deutsch	فارسی	de-DE	fa-IR	front-core	[{"text":"Das Flugzeug überflog die Stadt.","lang":"de-DE","role":"example","label":"ma2-lu-0041-ex-001","order":1},{"text":"The plane flew over the city.","lang":"en-US","role":"example","label":"translation:ma2-lu-0041-ex-001","order":2}]	[]	[]	[{"title":"Formen","items":["Präsens (3. Sg.): überfliegt","Präteritum: überflog","Perfekt: hat überflogen","Hilfsverb: haben"]},{"title":"Grammar Notes","items":["Akkusativobjekt (Quellennotation)"]}]	{"entry_type":"verb","canonical_entry_type":"verb","learning_unit_id":"ma2-lu-0041","semantic_identity":"ma2-lu-0041","german_learning_contract":"gfp-german-learning-content@1.0.0","semantic_contract":"gfp-german-language-content@3.1.3","source_profile_id":"menschen-a2@2.1.0","german_definition":"","english":"","direction_policy":"language-pair","canonical_unit":{"id":"ma2-lu-0041","type":"verb","headword":"überfliegen","persian_meaning":"از روی چیزی عبور کردن، سریع مرور کردن","core":{"present_3sg":"überfliegt","preterite_3sg":"überflog","perfect":"hat überflogen","auxiliary":"haben","reflexive":false,"separability":"inseparable"},"examples":[{"id":"ma2-lu-0041-ex-001","lang":"de-DE","text":"Das Flugzeug überflog die Stadt.","order":1,"translations":[{"lang":"fa-IR","text":"هواپیما از فراز شهر عبور کرد."},{"lang":"en-US","text":"The plane flew over the city."}]}],"metadata":{"dataset_id":"menschen-a2","unit_order":41,"tags":["menschen-a2","a2"]},"provenance":{"sources":[{"source_id":"menschen_a2_user_screenshots","source_kind":"course","what_was_verified":["orthography","persian_gloss","morphology","example_attestation"],"verification_status":"verified","locator":"screenshot-2:row-11;source-order=41","accessed_at":"2026-09-02","evidence_note":"Authoritative user-supplied source row. Raw German bundle: überfliegen [+A], überfliegt, überflog, hat überflogen / kurz durchsehen"},{"source_id":"assistant_translation_review","source_kind":"other","what_was_verified":["persian_example_translation","english_example_translation"],"verification_status":"verified","accessed_at":"2026-09-02","evidence_note":"Production translation generated and sense-alignment reviewed against the German example and canonical Persian meaning; this is internal production evidence, not an external lexicon claim."}]},"details":{"grammar_notes":["Akkusativobjekt (Quellennotation)"]}},"present":"überfliegt","preterite":"überflog","perfect":"hat überflogen","participle_ii":"","auxiliary":"haben","reflexive":false,"is_reflexive":false,"is_separable":false,"rection":"","typingCore":"überfliegen","typingStandard":"überfliegen","typingTargetLang":"de-DE","typingTargetDir":"ltr","typingTargetLabel":"Wort"}	menschen-a2; a2		41
ma2-lu-0042	de-vocabulary	German	verb	Menschen A2	A2			unterrichten	تدریس کردن، آموزش دادن، مطلع کردن	Deutsch	فارسی	de-DE	fa-IR	front-core	[{"text":"Ich unterrichte diese Klasse schon ein Jahr.","lang":"de-DE","role":"example","label":"ma2-lu-0042-ex-001","order":1},{"text":"I have been teaching this class for a year.","lang":"en-US","role":"example","label":"translation:ma2-lu-0042-ex-001","order":2}]	[]	[]	[{"title":"Formen","items":["Präsens (3. Sg.): unterrichtet","Präteritum: unterrichtete","Perfekt: hat unterrichtet","Hilfsverb: haben"]},{"title":"Grammar Notes","items":["Akkusativobjekt (Quellennotation)"]}]	{"entry_type":"verb","canonical_entry_type":"verb","learning_unit_id":"ma2-lu-0042","semantic_identity":"ma2-lu-0042","german_learning_contract":"gfp-german-learning-content@1.0.0","semantic_contract":"gfp-german-language-content@3.1.3","source_profile_id":"menschen-a2@2.1.0","german_definition":"","english":"","direction_policy":"language-pair","canonical_unit":{"id":"ma2-lu-0042","type":"verb","headword":"unterrichten","persian_meaning":"تدریس کردن، آموزش دادن، مطلع کردن","core":{"present_3sg":"unterrichtet","preterite_3sg":"unterrichtete","perfect":"hat unterrichtet","auxiliary":"haben","reflexive":false,"separability":"inseparable"},"examples":[{"id":"ma2-lu-0042-ex-001","lang":"de-DE","text":"Ich unterrichte diese Klasse schon ein Jahr.","order":1,"translations":[{"lang":"fa-IR","text":"یک سال است که به این کلاس درس می‌دهم."},{"lang":"en-US","text":"I have been teaching this class for a year."}]}],"metadata":{"dataset_id":"menschen-a2","unit_order":42,"tags":["menschen-a2","a2"]},"provenance":{"sources":[{"source_id":"menschen_a2_user_screenshots","source_kind":"course","what_was_verified":["orthography","persian_gloss","morphology","example_attestation"],"verification_status":"verified","locator":"screenshot-2:row-12;source-order=42","accessed_at":"2026-09-02","evidence_note":"Authoritative user-supplied source row. Raw German bundle: unterrichten [+A], unterrichtet, unterrichtete, hat unterrichtet / beibringen"},{"source_id":"assistant_translation_review","source_kind":"other","what_was_verified":["persian_example_translation","english_example_translation"],"verification_status":"verified","accessed_at":"2026-09-02","evidence_note":"Production translation generated and sense-alignment reviewed against the German example and canonical Persian meaning; this is internal production evidence, not an external lexicon claim."}]},"details":{"grammar_notes":["Akkusativobjekt (Quellennotation)"]}},"present":"unterrichtet","preterite":"unterrichtete","perfect":"hat unterrichtet","participle_ii":"","auxiliary":"haben","reflexive":false,"is_reflexive":false,"is_separable":false,"rection":"","typingCore":"unterrichten","typingStandard":"unterrichten","typingTargetLang":"de-DE","typingTargetDir":"ltr","typingTargetLabel":"Wort"}	menschen-a2; a2		42
ma2-lu-0043	de-vocabulary	German	phrase	Menschen A2	A2			unterrichten (von/über)	کسی را درباره چیزی مطلع کردن	Deutsch	فارسی	de-DE	fa-IR	front-core	[{"text":"Bitte unterrichten Sie mich über die Änderung.","lang":"de-DE","role":"example","label":"ma2-lu-0043-ex-001","order":1},{"text":"Please inform me about the change.","lang":"en-US","role":"example","label":"translation:ma2-lu-0043-ex-001","order":2}]	[]	[]	[]	{"entry_type":"phrase","canonical_entry_type":"phrase","learning_unit_id":"ma2-lu-0043","semantic_identity":"ma2-lu-0043","german_learning_contract":"gfp-german-learning-content@1.0.0","semantic_contract":"gfp-german-language-content@3.1.3","source_profile_id":"menschen-a2@2.1.0","german_definition":"","english":"","direction_policy":"language-pair","canonical_unit":{"id":"ma2-lu-0043","type":"phrase","headword":"unterrichten (von/über)","persian_meaning":"کسی را درباره چیزی مطلع کردن","core":{"structure":"unterrichten (von/über)"},"examples":[{"id":"ma2-lu-0043-ex-001","lang":"de-DE","text":"Bitte unterrichten Sie mich über die Änderung.","order":1,"translations":[{"lang":"fa-IR","text":"لطفاً مرا درباره این تغییر مطلع کنید."},{"lang":"en-US","text":"Please inform me about the change."}]}],"metadata":{"dataset_id":"menschen-a2","unit_order":43,"tags":["menschen-a2","a2"]},"provenance":{"sources":[{"source_id":"menschen_a2_user_screenshots","source_kind":"course","what_was_verified":["orthography","persian_gloss","example_attestation"],"verification_status":"verified","locator":"screenshot-2:row-13;source-order=43","accessed_at":"2026-09-02","evidence_note":"Authoritative user-supplied source row. Raw German bundle: unterrichten (von/über) / jdn. über etw.Akk. unterrichten"},{"source_id":"assistant_translation_review","source_kind":"other","what_was_verified":["persian_example_translation","english_example_translation"],"verification_status":"verified","accessed_at":"2026-09-02","evidence_note":"Production translation generated and sense-alignment reviewed against the German example and canonical Persian meaning; this is internal production evidence, not an external lexicon claim."}]}}}	menschen-a2; a2		43
ma2-lu-0044	de-vocabulary	German	verb	Menschen A2	A2			anstrengen	خسته کردن، به زحمت انداختن	Deutsch	فارسی	de-DE	fa-IR	front-core	[{"text":"Diese Arbeit strengt mich sehr an.","lang":"de-DE","role":"example","label":"ma2-lu-0044-ex-001","order":1},{"text":"This work is very exhausting for me.","lang":"en-US","role":"example","label":"translation:ma2-lu-0044-ex-001","order":2}]	[]	[]	[{"title":"Formen","items":["Präsens (3. Sg.): strengt an","Präteritum: strengte an","Perfekt: hat angestrengt","Hilfsverb: haben"]},{"title":"Grammar Notes","items":["Akkusativobjekt (Quellennotation)"]}]	{"entry_type":"verb","canonical_entry_type":"verb","learning_unit_id":"ma2-lu-0044","semantic_identity":"ma2-lu-0044","german_learning_contract":"gfp-german-learning-content@1.0.0","semantic_contract":"gfp-german-language-content@3.1.3","source_profile_id":"menschen-a2@2.1.0","german_definition":"","english":"","direction_policy":"language-pair","canonical_unit":{"id":"ma2-lu-0044","type":"verb","headword":"anstrengen","persian_meaning":"خسته کردن، به زحمت انداختن","core":{"present_3sg":"strengt an","preterite_3sg":"strengte an","perfect":"hat angestrengt","auxiliary":"haben","reflexive":false,"separability":"separable"},"examples":[{"id":"ma2-lu-0044-ex-001","lang":"de-DE","text":"Diese Arbeit strengt mich sehr an.","order":1,"translations":[{"lang":"fa-IR","text":"این کار من را خیلی خسته می‌کند."},{"lang":"en-US","text":"This work is very exhausting for me."}]}],"metadata":{"dataset_id":"menschen-a2","unit_order":44,"tags":["menschen-a2","a2"]},"provenance":{"sources":[{"source_id":"menschen_a2_user_screenshots","source_kind":"course","what_was_verified":["orthography","persian_gloss","morphology","example_attestation"],"verification_status":"verified","locator":"screenshot-2:row-14;source-order=44","accessed_at":"2026-09-02","evidence_note":"Authoritative user-supplied source row. Raw German bundle: anstrengen [+A], strengte an, hat angestrengt / ermüden"},{"source_id":"assistant_translation_review","source_kind":"other","what_was_verified":["persian_example_translation","english_example_translation"],"verification_status":"verified","accessed_at":"2026-09-02","evidence_note":"Production translation generated and sense-alignment reviewed against the German example and canonical Persian meaning; this is internal production evidence, not an external lexicon claim."}]},"details":{"grammar_notes":["Akkusativobjekt (Quellennotation)"]}},"present":"strengt an","preterite":"strengte an","perfect":"hat angestrengt","participle_ii":"","auxiliary":"haben","reflexive":false,"is_reflexive":false,"is_separable":true,"rection":"","typingCore":"anstrengen","typingStandard":"anstrengen","typingTargetLang":"de-DE","typingTargetDir":"ltr","typingTargetLabel":"Wort"}	menschen-a2; a2		44
ma2-lu-0045	de-vocabulary	German	verb	Menschen A2	A2			sich anstrengen	تلاش کردن، به خود زحمت دادن	Deutsch	فارسی	de-DE	fa-IR	front-core	[{"text":"Du musst dich [in der Schule] mehr anstrengen","lang":"de-DE","role":"example","label":"ma2-lu-0045-ex-001","order":1},{"text":"You have to make more of an effort at school.","lang":"en-US","role":"example","label":"translation:ma2-lu-0045-ex-001","order":2}]	[]	[]	[{"title":"Formen","items":["Präsens (3. Sg.): strengt sich an","Präteritum: strengte sich an","Perfekt: hat sich angestrengt","Hilfsverb: haben"]},{"title":"Grammar Notes","items":["Akkusativobjekt (Quellennotation)"]}]	{"entry_type":"verb","canonical_entry_type":"verb","learning_unit_id":"ma2-lu-0045","semantic_identity":"ma2-lu-0045","german_learning_contract":"gfp-german-learning-content@1.0.0","semantic_contract":"gfp-german-language-content@3.1.3","source_profile_id":"menschen-a2@2.1.0","german_definition":"","english":"","direction_policy":"language-pair","canonical_unit":{"id":"ma2-lu-0045","type":"verb","headword":"sich anstrengen","persian_meaning":"تلاش کردن، به خود زحمت دادن","core":{"present_3sg":"strengt sich an","preterite_3sg":"strengte sich an","perfect":"hat sich angestrengt","auxiliary":"haben","reflexive":true,"separability":"separable"},"examples":[{"id":"ma2-lu-0045-ex-001","lang":"de-DE","text":"Du musst dich [in der Schule] mehr anstrengen","order":1,"translations":[{"lang":"fa-IR","text":"باید در مدرسه بیشتر تلاش کنی."},{"lang":"en-US","text":"You have to make more of an effort at school."}]}],"metadata":{"dataset_id":"menschen-a2","unit_order":45,"tags":["menschen-a2","a2"]},"provenance":{"sources":[{"source_id":"menschen_a2_user_screenshots","source_kind":"course","what_was_verified":["orthography","persian_gloss","morphology","example_attestation"],"verification_status":"verified","locator":"screenshot-2:row-15;source-order=45","accessed_at":"2026-09-02","evidence_note":"Authoritative user-supplied source row. Raw German bundle: sich anstrengen [+A], strengte sich an, hat sich angestrengt / alles geben"},{"source_id":"assistant_translation_review","source_kind":"other","what_was_verified":["persian_example_translation","english_example_translation"],"verification_status":"verified","accessed_at":"2026-09-02","evidence_note":"Production translation generated and sense-alignment reviewed against the German example and canonical Persian meaning; this is internal production evidence, not an external lexicon claim."}]},"details":{"grammar_notes":["Akkusativobjekt (Quellennotation)"]}},"present":"strengt sich an","preterite":"strengte sich an","perfect":"hat sich angestrengt","participle_ii":"","auxiliary":"haben","reflexive":true,"is_reflexive":true,"is_separable":true,"rection":"","typingCore":"sich anstrengen","typingStandard":"sich anstrengen","typingTargetLang":"de-DE","typingTargetDir":"ltr","typingTargetLabel":"Wort"}	menschen-a2; a2		45
ma2-lu-0046	de-vocabulary	German	verb	Menschen A2	A2			beraten	مشاوره دادن، راهنمایی کردن	Deutsch	فارسی	de-DE	fa-IR	front-core	[{"text":"Sie berät Kunden in einer Bank.","lang":"de-DE","role":"example","label":"ma2-lu-0046-ex-001","order":1},{"text":"She advises customers at a bank.","lang":"en-US","role":"example","label":"translation:ma2-lu-0046-ex-001","order":2}]	[]	[]	[{"title":"Formen","items":["Präsens (3. Sg.): berät","Präteritum: beriet","Perfekt: hat beraten","Hilfsverb: haben"]},{"title":"Grammar Notes","items":["Akkusativobjekt (Quellennotation)"]}]	{"entry_type":"verb","canonical_entry_type":"verb","learning_unit_id":"ma2-lu-0046","semantic_identity":"ma2-lu-0046","german_learning_contract":"gfp-german-learning-content@1.0.0","semantic_contract":"gfp-german-language-content@3.1.3","source_profile_id":"menschen-a2@2.1.0","german_definition":"","english":"","direction_policy":"language-pair","canonical_unit":{"id":"ma2-lu-0046","type":"verb","headword":"beraten","persian_meaning":"مشاوره دادن، راهنمایی کردن","core":{"present_3sg":"berät","preterite_3sg":"beriet","perfect":"hat beraten","auxiliary":"haben","reflexive":false,"separability":"inseparable"},"examples":[{"id":"ma2-lu-0046-ex-001","lang":"de-DE","text":"Sie berät Kunden in einer Bank.","order":1,"translations":[{"lang":"fa-IR","text":"او در یک بانک به مشتریان مشاوره می‌دهد."},{"lang":"en-US","text":"She advises customers at a bank."}]}],"metadata":{"dataset_id":"menschen-a2","unit_order":46,"tags":["menschen-a2","a2"]},"provenance":{"sources":[{"source_id":"menschen_a2_user_screenshots","source_kind":"course","what_was_verified":["orthography","persian_gloss","morphology","example_attestation"],"verification_status":"verified","locator":"screenshot-2:row-16;source-order=46","accessed_at":"2026-09-02","evidence_note":"Authoritative user-supplied source row. Raw German bundle: beraten [+A], berät, beriet, hat beraten / Ratschläge geben"},{"source_id":"assistant_translation_review","source_kind":"other","what_was_verified":["persian_example_translation","english_example_translation"],"verification_status":"verified","accessed_at":"2026-09-02","evidence_note":"Production translation generated and sense-alignment reviewed against the German example and canonical Persian meaning; this is internal production evidence, not an external lexicon claim."}]},"details":{"grammar_notes":["Akkusativobjekt (Quellennotation)"]}},"present":"berät","preterite":"beriet","perfect":"hat beraten","participle_ii":"","auxiliary":"haben","reflexive":false,"is_reflexive":false,"is_separable":false,"rection":"","typingCore":"beraten","typingStandard":"beraten","typingTargetLang":"de-DE","typingTargetDir":"ltr","typingTargetLabel":"Wort"}	menschen-a2; a2		46
ma2-lu-0047	de-vocabulary	German	verb	Menschen A2	A2			sich beraten	با هم مشورت کردن	Deutsch	فارسی	de-DE	fa-IR	front-core	[{"text":"Ich habe mich mit ihm darüber beraten","lang":"de-DE","role":"example","label":"ma2-lu-0047-ex-001","order":1},{"text":"I discussed it with him.","lang":"en-US","role":"example","label":"translation:ma2-lu-0047-ex-001","order":2}]	[]	[]	[{"title":"Formen","items":["Präsens (3. Sg.): berät sich","Präteritum: beriet sich","Perfekt: hat sich beraten","Hilfsverb: haben"]},{"title":"Grammar Notes","items":["Akkusativobjekt (Quellennotation)"]}]	{"entry_type":"verb","canonical_entry_type":"verb","learning_unit_id":"ma2-lu-0047","semantic_identity":"ma2-lu-0047","german_learning_contract":"gfp-german-learning-content@1.0.0","semantic_contract":"gfp-german-language-content@3.1.3","source_profile_id":"menschen-a2@2.1.0","german_definition":"","english":"","direction_policy":"language-pair","canonical_unit":{"id":"ma2-lu-0047","type":"verb","headword":"sich beraten","persian_meaning":"با هم مشورت کردن","core":{"present_3sg":"berät sich","preterite_3sg":"beriet sich","perfect":"hat sich beraten","auxiliary":"haben","reflexive":true,"separability":"inseparable"},"examples":[{"id":"ma2-lu-0047-ex-001","lang":"de-DE","text":"Ich habe mich mit ihm darüber beraten","order":1,"translations":[{"lang":"fa-IR","text":"من درباره آن با او مشورت کردم."},{"lang":"en-US","text":"I discussed it with him."}]}],"metadata":{"dataset_id":"menschen-a2","unit_order":47,"tags":["menschen-a2","a2"]},"provenance":{"sources":[{"source_id":"menschen_a2_user_screenshots","source_kind":"course","what_was_verified":["orthography","persian_gloss","morphology","example_attestation"],"verification_status":"verified","locator":"screenshot-2:row-17;source-order=47","accessed_at":"2026-09-02","evidence_note":"Authoritative user-supplied source row. Raw German bundle: sich beraten [+A], beriet sich, hat sich beraten / Rücksprache halten"},{"source_id":"assistant_translation_review","source_kind":"other","what_was_verified":["persian_example_translation","english_example_translation"],"verification_status":"verified","accessed_at":"2026-09-02","evidence_note":"Production translation generated and sense-alignment reviewed against the German example and canonical Persian meaning; this is internal production evidence, not an external lexicon claim."}]},"details":{"grammar_notes":["Akkusativobjekt (Quellennotation)"]}},"present":"berät sich","preterite":"beriet sich","perfect":"hat sich beraten","participle_ii":"","auxiliary":"haben","reflexive":true,"is_reflexive":true,"is_separable":false,"rection":"","typingCore":"sich beraten","typingStandard":"sich beraten","typingTargetLang":"de-DE","typingTargetDir":"ltr","typingTargetLabel":"Wort"}	menschen-a2; a2		47
ma2-lu-0048	de-vocabulary	German	phrase	Menschen A2	A2			sich mit jdm. über etw. (Akk.) beraten	با کسی درباره چیزی مشورت کردن	Deutsch	فارسی	de-DE	fa-IR	front-core	[{"text":"Ich berate mich mit meiner Kollegin über das Projekt.","lang":"de-DE","role":"example","label":"ma2-lu-0048-ex-001","order":1},{"text":"I consult with my colleague about the project.","lang":"en-US","role":"example","label":"translation:ma2-lu-0048-ex-001","order":2}]	[]	[]	[]	{"entry_type":"phrase","canonical_entry_type":"phrase","learning_unit_id":"ma2-lu-0048","semantic_identity":"ma2-lu-0048","german_learning_contract":"gfp-german-learning-content@1.0.0","semantic_contract":"gfp-german-language-content@3.1.3","source_profile_id":"menschen-a2@2.1.0","german_definition":"","english":"","direction_policy":"language-pair","canonical_unit":{"id":"ma2-lu-0048","type":"phrase","headword":"sich mit jdm. über etw. (Akk.) beraten","persian_meaning":"با کسی درباره چیزی مشورت کردن","core":{"structure":"sich mit jdm. über etw. (Akk.) beraten"},"examples":[{"id":"ma2-lu-0048-ex-001","lang":"de-DE","text":"Ich berate mich mit meiner Kollegin über das Projekt.","order":1,"translations":[{"lang":"fa-IR","text":"من با همکارم درباره پروژه مشورت می‌کنم."},{"lang":"en-US","text":"I consult with my colleague about the project."}]}],"metadata":{"dataset_id":"menschen-a2","unit_order":48,"tags":["menschen-a2","a2"]},"provenance":{"sources":[{"source_id":"menschen_a2_user_screenshots","source_kind":"course","what_was_verified":["orthography","persian_gloss"],"verification_status":"verified","locator":"screenshot-2:row-18;source-order=48","accessed_at":"2026-09-02","evidence_note":"Authoritative user-supplied source row. Raw German bundle: sichAkk. mit jdm. über etw.Akk. beraten"},{"source_id":"assistant_pedagogical_example","source_kind":"generated","what_was_verified":[],"verification_status":"unverified","accessed_at":"2026-09-02","evidence_note":"Pedagogical German example added because the source row did not contain a usable example; generated content is reviewed by Stage 4 and is not represented as external attestation."},{"source_id":"assistant_translation_review","source_kind":"other","what_was_verified":["persian_example_translation","english_example_translation"],"verification_status":"verified","accessed_at":"2026-09-02","evidence_note":"Production translation generated and sense-alignment reviewed against the German example and canonical Persian meaning; this is internal production evidence, not an external lexicon claim."}]}}}	menschen-a2; a2		48
ma2-lu-0049	de-vocabulary	German	verb	Menschen A2	A2			probieren	امتحان کردن، چشیدن	Deutsch	فارسی	de-DE	fa-IR	front-core	[{"text":"Möchtest du den Kuchen probieren?","lang":"de-DE","role":"example","label":"ma2-lu-0049-ex-001","order":1},{"text":"Would you like to try the cake?","lang":"en-US","role":"example","label":"translation:ma2-lu-0049-ex-001","order":2}]	[]	[]	[{"title":"Formen","items":["Präsens (3. Sg.): probiert","Präteritum: probierte","Perfekt: hat probiert","Hilfsverb: haben"]}]	{"entry_type":"verb","canonical_entry_type":"verb","learning_unit_id":"ma2-lu-0049","semantic_identity":"ma2-lu-0049","german_learning_contract":"gfp-german-learning-content@1.0.0","semantic_contract":"gfp-german-language-content@3.1.3","source_profile_id":"menschen-a2@2.1.0","german_definition":"","english":"","direction_policy":"language-pair","canonical_unit":{"id":"ma2-lu-0049","type":"verb","headword":"probieren","persian_meaning":"امتحان کردن، چشیدن","core":{"present_3sg":"probiert","preterite_3sg":"probierte","perfect":"hat probiert","auxiliary":"haben","reflexive":false,"separability":"non_prefixed"},"examples":[{"id":"ma2-lu-0049-ex-001","lang":"de-DE","text":"Möchtest du den Kuchen probieren?","order":1,"translations":[{"lang":"fa-IR","text":"می‌خواهی کیک را امتحان کنی؟"},{"lang":"en-US","text":"Would you like to try the cake?"}]}],"metadata":{"dataset_id":"menschen-a2","unit_order":49,"tags":["menschen-a2","a2"]},"provenance":{"sources":[{"source_id":"menschen_a2_user_screenshots","source_kind":"course","what_was_verified":["orthography","persian_gloss","morphology","example_attestation"],"verification_status":"verified","locator":"screenshot-2:row-19;source-order=49","accessed_at":"2026-09-02","evidence_note":"Authoritative user-supplied source row. Raw German bundle: probieren, probiert, probierte, hat probiert"},{"source_id":"assistant_translation_review","source_kind":"other","what_was_verified":["persian_example_translation","english_example_translation"],"verification_status":"verified","accessed_at":"2026-09-02","evidence_note":"Production translation generated and sense-alignment reviewed against the German example and canonical Persian meaning; this is internal production evidence, not an external lexicon claim."}]}},"present":"probiert","preterite":"probierte","perfect":"hat probiert","participle_ii":"","auxiliary":"haben","reflexive":false,"is_reflexive":false,"is_separable":false,"rection":"","typingCore":"probieren","typingStandard":"probieren","typingTargetLang":"de-DE","typingTargetDir":"ltr","typingTargetLabel":"Wort"}	menschen-a2; a2		49
ma2-lu-0050	de-vocabulary	German	verb	Menschen A2	A2			auswählen	انتخاب کردن	Deutsch	فارسی	de-DE	fa-IR	front-core	[{"text":"Für die Aufgabe können Sie aus drei Themen auswählen.","lang":"de-DE","role":"example","label":"ma2-lu-0050-ex-001","order":1},{"text":"For the task, you can choose from three topics.","lang":"en-US","role":"example","label":"translation:ma2-lu-0050-ex-001","order":2}]	[]	[]	[{"title":"Formen","items":["Präsens (3. Sg.): wählt aus","Präteritum: wählte aus","Perfekt: hat ausgewählt","Hilfsverb: haben"]},{"title":"Grammar Notes","items":["Akkusativobjekt (Quellennotation)"]}]	{"entry_type":"verb","canonical_entry_type":"verb","learning_unit_id":"ma2-lu-0050","semantic_identity":"ma2-lu-0050","german_learning_contract":"gfp-german-learning-content@1.0.0","semantic_contract":"gfp-german-language-content@3.1.3","source_profile_id":"menschen-a2@2.1.0","german_definition":"","english":"","direction_policy":"language-pair","canonical_unit":{"id":"ma2-lu-0050","type":"verb","headword":"auswählen","persian_meaning":"انتخاب کردن","core":{"present_3sg":"wählt aus","preterite_3sg":"wählte aus","perfect":"hat ausgewählt","auxiliary":"haben","reflexive":false,"separability":"separable"},"examples":[{"id":"ma2-lu-0050-ex-001","lang":"de-DE","text":"Für die Aufgabe können Sie aus drei Themen auswählen.","order":1,"translations":[{"lang":"fa-IR","text":"برای این تکلیف می‌توانید از بین سه موضوع انتخاب کنید."},{"lang":"en-US","text":"For the task, you can choose from three topics."}]}],"metadata":{"dataset_id":"menschen-a2","unit_order":50,"tags":["menschen-a2","a2"]},"provenance":{"sources":[{"source_id":"menschen_a2_user_screenshots","source_kind":"course","what_was_verified":["orthography","persian_gloss","morphology","example_attestation"],"verification_status":"verified","locator":"screenshot-2:row-20;source-order=50","accessed_at":"2026-09-02","evidence_note":"Authoritative user-supplied source row. Raw German bundle: auswählen [+A], wählt aus, wählte aus, hat ausgewählt"},{"source_id":"assistant_translation_review","source_kind":"other","what_was_verified":["persian_example_translation","english_example_translation"],"verification_status":"verified","accessed_at":"2026-09-02","evidence_note":"Production translation generated and sense-alignment reviewed against the German example and canonical Persian meaning; this is internal production evidence, not an external lexicon claim."}]},"details":{"grammar_notes":["Akkusativobjekt (Quellennotation)"]}},"present":"wählt aus","preterite":"wählte aus","perfect":"hat ausgewählt","participle_ii":"","auxiliary":"haben","reflexive":false,"is_reflexive":false,"is_separable":true,"rection":"","typingCore":"auswählen","typingStandard":"auswählen","typingTargetLang":"de-DE","typingTargetDir":"ltr","typingTargetLabel":"Wort"}	menschen-a2; a2		50
ma2-lu-0051	de-vocabulary	German	verb	Menschen A2	A2			pressen	فشردن، آب گرفتن، پرس کردن	Deutsch	فارسی	de-DE	fa-IR	front-core	[{"text":"Saft pressen","lang":"de-DE","role":"example","label":"ma2-lu-0051-ex-001","order":1},{"text":"to press juice","lang":"en-US","role":"example","label":"translation:ma2-lu-0051-ex-001","order":2}]	[]	[]	[{"title":"Formen","items":["Präsens (3. Sg.): presst","Präteritum: presste","Perfekt: hat gepresst","Hilfsverb: haben"]},{"title":"Grammar Notes","items":["Akkusativobjekt (Quellennotation)"]}]	{"entry_type":"verb","canonical_entry_type":"verb","learning_unit_id":"ma2-lu-0051","semantic_identity":"ma2-lu-0051","german_learning_contract":"gfp-german-learning-content@1.0.0","semantic_contract":"gfp-german-language-content@3.1.3","source_profile_id":"menschen-a2@2.1.0","german_definition":"","english":"","direction_policy":"language-pair","canonical_unit":{"id":"ma2-lu-0051","type":"verb","headword":"pressen","persian_meaning":"فشردن، آب گرفتن، پرس کردن","core":{"present_3sg":"presst","preterite_3sg":"presste","perfect":"hat gepresst","auxiliary":"haben","reflexive":false,"separability":"non_prefixed"},"examples":[{"id":"ma2-lu-0051-ex-001","lang":"de-DE","text":"Saft pressen","order":1,"translations":[{"lang":"fa-IR","text":"آب‌میوه گرفتن"},{"lang":"en-US","text":"to press juice"}]}],"metadata":{"dataset_id":"menschen-a2","unit_order":51,"tags":["menschen-a2","a2"]},"provenance":{"sources":[{"source_id":"menschen_a2_user_screenshots","source_kind":"course","what_was_verified":["orthography","persian_gloss","morphology","example_attestation"],"verification_status":"verified","locator":"screenshot-2:row-21;source-order=51","accessed_at":"2026-09-02","evidence_note":"Authoritative user-supplied source row. Raw German bundle: pressen [+A], presst, presste, hat gepresst"},{"source_id":"assistant_translation_review","source_kind":"other","what_was_verified":["persian_example_translation","english_example_translation"],"verification_status":"verified","accessed_at":"2026-09-02","evidence_note":"Production translation generated and sense-alignment reviewed against the German example and canonical Persian meaning; this is internal production evidence, not an external lexicon claim."}]},"details":{"grammar_notes":["Akkusativobjekt (Quellennotation)"]}},"present":"presst","preterite":"presste","perfect":"hat gepresst","participle_ii":"","auxiliary":"haben","reflexive":false,"is_reflexive":false,"is_separable":false,"rection":"","typingCore":"pressen","typingStandard":"pressen","typingTargetLang":"de-DE","typingTargetDir":"ltr","typingTargetLabel":"Wort"}	menschen-a2; a2		51
ma2-lu-0052	de-vocabulary	German	verb	Menschen A2	A2			hoffen	امید داشتن	Deutsch	فارسی	de-DE	fa-IR	front-core	[{"text":"Wir hoffen seit Tagen auf besseres Wetter.","lang":"de-DE","role":"example","label":"ma2-lu-0052-ex-001","order":1},{"text":"We have been hoping for better weather for days.","lang":"en-US","role":"example","label":"translation:ma2-lu-0052-ex-001","order":2}]	[]	[]	[{"title":"Formen","items":["Präsens (3. Sg.): hofft","Präteritum: hoffte","Perfekt: hat gehofft","Hilfsverb: haben"]}]	{"entry_type":"verb","canonical_entry_type":"verb","learning_unit_id":"ma2-lu-0052","semantic_identity":"ma2-lu-0052","german_learning_contract":"gfp-german-learning-content@1.0.0","semantic_contract":"gfp-german-language-content@3.1.3","source_profile_id":"menschen-a2@2.1.0","german_definition":"","english":"","direction_policy":"language-pair","canonical_unit":{"id":"ma2-lu-0052","type":"verb","headword":"hoffen","persian_meaning":"امید داشتن","core":{"present_3sg":"hofft","preterite_3sg":"hoffte","perfect":"hat gehofft","auxiliary":"haben","reflexive":false,"separability":"non_prefixed"},"examples":[{"id":"ma2-lu-0052-ex-001","lang":"de-DE","text":"Wir hoffen seit Tagen auf besseres Wetter.","order":1,"translations":[{"lang":"fa-IR","text":"چند روز است که به هوای بهتر امیدواریم."},{"lang":"en-US","text":"We have been hoping for better weather for days."}]}],"metadata":{"dataset_id":"menschen-a2","unit_order":52,"tags":["menschen-a2","a2"]},"provenance":{"sources":[{"source_id":"menschen_a2_user_screenshots","source_kind":"course","what_was_verified":["orthography","persian_gloss","morphology","example_attestation"],"verification_status":"verified","locator":"screenshot-2:row-22;source-order=52","accessed_at":"2026-09-02","evidence_note":"Authoritative user-supplied source row. Raw German bundle: hoffen, hofft, hoffte, hat gehofft"},{"source_id":"assistant_translation_review","source_kind":"other","what_was_verified":["persian_example_translation","english_example_translation"],"verification_status":"verified","accessed_at":"2026-09-02","evidence_note":"Production translation generated and sense-alignment reviewed against the German example and canonical Persian meaning; this is internal production evidence, not an external lexicon claim."}]}},"present":"hofft","preterite":"hoffte","perfect":"hat gehofft","participle_ii":"","auxiliary":"haben","reflexive":false,"is_reflexive":false,"is_separable":false,"rection":"","typingCore":"hoffen","typingStandard":"hoffen","typingTargetLang":"de-DE","typingTargetDir":"ltr","typingTargetLabel":"Wort"}	menschen-a2; a2		52
ma2-lu-0053	de-vocabulary	German	phrase	Menschen A2	A2			auf etw. (Akk.) hoffen	به چیزی امیدوار بودن	Deutsch	فارسی	de-DE	fa-IR	front-core	[{"text":"Viele hoffen auf bessere Zeiten.","lang":"de-DE","role":"example","label":"ma2-lu-0053-ex-001","order":1},{"text":"Many people hope for better times.","lang":"en-US","role":"example","label":"translation:ma2-lu-0053-ex-001","order":2}]	[]	[]	[]	{"entry_type":"phrase","canonical_entry_type":"phrase","learning_unit_id":"ma2-lu-0053","semantic_identity":"ma2-lu-0053","german_learning_contract":"gfp-german-learning-content@1.0.0","semantic_contract":"gfp-german-language-content@3.1.3","source_profile_id":"menschen-a2@2.1.0","german_definition":"","english":"","direction_policy":"language-pair","canonical_unit":{"id":"ma2-lu-0053","type":"phrase","headword":"auf etw. (Akk.) hoffen","persian_meaning":"به چیزی امیدوار بودن","core":{"structure":"auf etw. (Akk.) hoffen"},"examples":[{"id":"ma2-lu-0053-ex-001","lang":"de-DE","text":"Viele hoffen auf bessere Zeiten.","order":1,"translations":[{"lang":"fa-IR","text":"خیلی‌ها به روزهای بهتر امیدوارند."},{"lang":"en-US","text":"Many people hope for better times."}]}],"metadata":{"dataset_id":"menschen-a2","unit_order":53,"tags":["menschen-a2","a2"]},"provenance":{"sources":[{"source_id":"menschen_a2_user_screenshots","source_kind":"course","what_was_verified":["orthography","persian_gloss","example_attestation"],"verification_status":"verified","locator":"screenshot-2:row-23;source-order=53","accessed_at":"2026-09-02","evidence_note":"Authoritative user-supplied source row. Raw German bundle: auf etw.Akk. hoffen / Wir hoffen auf besseres Wetter."},{"source_id":"assistant_translation_review","source_kind":"other","what_was_verified":["persian_example_translation","english_example_translation"],"verification_status":"verified","accessed_at":"2026-09-02","evidence_note":"Production translation generated and sense-alignment reviewed against the German example and canonical Persian meaning; this is internal production evidence, not an external lexicon claim."}]}}}	menschen-a2; a2		53
ma2-lu-0054	de-vocabulary	German	verb	Menschen A2	A2			absenden	فرستادن، ارسال کردن	Deutsch	فارسی	de-DE	fa-IR	front-core	[{"text":"Bitte schicken Sie den Brief morgen ab.","lang":"de-DE","role":"example","label":"ma2-lu-0054-ex-001","order":1},{"text":"Please send the letter tomorrow.","lang":"en-US","role":"example","label":"translation:ma2-lu-0054-ex-001","order":2}]	[]	[]	[{"title":"Formen","items":["Präsens (3. Sg.): sendet ab","Präteritum: sandte ab","Perfekt: hat abgesandt","Hilfsverb: haben"]},{"title":"Grammar Notes","items":["Akkusativobjekt (Quellennotation)"]}]	{"entry_type":"verb","canonical_entry_type":"verb","learning_unit_id":"ma2-lu-0054","semantic_identity":"ma2-lu-0054","german_learning_contract":"gfp-german-learning-content@1.0.0","semantic_contract":"gfp-german-language-content@3.1.3","source_profile_id":"menschen-a2@2.1.0","german_definition":"","english":"","direction_policy":"language-pair","canonical_unit":{"id":"ma2-lu-0054","type":"verb","headword":"absenden","persian_meaning":"فرستادن، ارسال کردن","core":{"present_3sg":"sendet ab","preterite_3sg":"sandte ab","perfect":"hat abgesandt","auxiliary":"haben","reflexive":false,"separability":"separable"},"examples":[{"id":"ma2-lu-0054-ex-001","lang":"de-DE","text":"Bitte schicken Sie den Brief morgen ab.","order":1,"translations":[{"lang":"fa-IR","text":"لطفاً نامه را فردا بفرستید."},{"lang":"en-US","text":"Please send the letter tomorrow."}]}],"metadata":{"dataset_id":"menschen-a2","unit_order":54,"tags":["menschen-a2","a2"]},"provenance":{"sources":[{"source_id":"menschen_a2_user_screenshots","source_kind":"course","what_was_verified":["orthography","persian_gloss","morphology","example_attestation"],"verification_status":"verified","locator":"screenshot-2:row-24;source-order=54","accessed_at":"2026-09-02","evidence_note":"Authoritative user-supplied source row. Raw German bundle: absenden [+A], sendet ab, sandte ab, hat abgesandt / abschicken / verschicken / versenden"},{"source_id":"assistant_translation_review","source_kind":"other","what_was_verified":["persian_example_translation","english_example_translation"],"verification_status":"verified","accessed_at":"2026-09-02","evidence_note":"Production translation generated and sense-alignment reviewed against the German example and canonical Persian meaning; this is internal production evidence, not an external lexicon claim."}]},"details":{"grammar_notes":["Akkusativobjekt (Quellennotation)"]}},"present":"sendet ab","preterite":"sandte ab","perfect":"hat abgesandt","participle_ii":"","auxiliary":"haben","reflexive":false,"is_reflexive":false,"is_separable":true,"rection":"","typingCore":"absenden","typingStandard":"absenden","typingTargetLang":"de-DE","typingTargetDir":"ltr","typingTargetLabel":"Wort"}	menschen-a2; a2		54
ma2-lu-0055	de-vocabulary	German	verb	Menschen A2	A2			besichtigen	بازدید کردن	Deutsch	فارسی	de-DE	fa-IR	front-core	[{"text":"Lass uns das Museum besichtigen!","lang":"de-DE","role":"example","label":"ma2-lu-0055-ex-001","order":1},{"text":"Let's visit the museum!","lang":"en-US","role":"example","label":"translation:ma2-lu-0055-ex-001","order":2}]	[]	[]	[{"title":"Formen","items":["Präsens (3. Sg.): besichtigt","Präteritum: besichtigte","Perfekt: hat besichtigt","Hilfsverb: haben"]},{"title":"Grammar Notes","items":["Akkusativobjekt (Quellennotation)"]}]	{"entry_type":"verb","canonical_entry_type":"verb","learning_unit_id":"ma2-lu-0055","semantic_identity":"ma2-lu-0055","german_learning_contract":"gfp-german-learning-content@1.0.0","semantic_contract":"gfp-german-language-content@3.1.3","source_profile_id":"menschen-a2@2.1.0","german_definition":"","english":"","direction_policy":"language-pair","canonical_unit":{"id":"ma2-lu-0055","type":"verb","headword":"besichtigen","persian_meaning":"بازدید کردن","core":{"present_3sg":"besichtigt","preterite_3sg":"besichtigte","perfect":"hat besichtigt","auxiliary":"haben","reflexive":false,"separability":"inseparable"},"examples":[{"id":"ma2-lu-0055-ex-001","lang":"de-DE","text":"Lass uns das Museum besichtigen!","order":1,"translations":[{"lang":"fa-IR","text":"بیایید از موزه بازدید کنیم!"},{"lang":"en-US","text":"Let's visit the museum!"}]}],"metadata":{"dataset_id":"menschen-a2","unit_order":55,"tags":["menschen-a2","a2"]},"provenance":{"sources":[{"source_id":"menschen_a2_user_screenshots","source_kind":"course","what_was_verified":["orthography","persian_gloss","morphology","example_attestation"],"verification_status":"verified","locator":"screenshot-2:row-25;source-order=55","accessed_at":"2026-09-02","evidence_note":"Authoritative user-supplied source row. Raw German bundle: besichtigen [+A], besichtigt, besichtigte, hat besichtigt"},{"source_id":"assistant_translation_review","source_kind":"other","what_was_verified":["persian_example_translation","english_example_translation"],"verification_status":"verified","accessed_at":"2026-09-02","evidence_note":"Production translation generated and sense-alignment reviewed against the German example and canonical Persian meaning; this is internal production evidence, not an external lexicon claim."}]},"details":{"grammar_notes":["Akkusativobjekt (Quellennotation)"]}},"present":"besichtigt","preterite":"besichtigte","perfect":"hat besichtigt","participle_ii":"","auxiliary":"haben","reflexive":false,"is_reflexive":false,"is_separable":false,"rection":"","typingCore":"besichtigen","typingStandard":"besichtigen","typingTargetLang":"de-DE","typingTargetDir":"ltr","typingTargetLabel":"Wort"}	menschen-a2; a2		55
ma2-lu-0056	de-vocabulary	German	phrase	Menschen A2	A2			sich auf etw. (Akk.) freuen (zukunft)	مشتاق و منتظر چیزی بودن	Deutsch	فارسی	de-DE	fa-IR	front-core	[{"text":"Ich freue mich auf den Urlaub.","lang":"de-DE","role":"example","label":"ma2-lu-0056-ex-001","order":1},{"text":"I'm looking forward to the vacation.","lang":"en-US","role":"example","label":"translation:ma2-lu-0056-ex-001","order":2}]	[]	[]	[]	{"entry_type":"phrase","canonical_entry_type":"phrase","learning_unit_id":"ma2-lu-0056","semantic_identity":"ma2-lu-0056","german_learning_contract":"gfp-german-learning-content@1.0.0","semantic_contract":"gfp-german-language-content@3.1.3","source_profile_id":"menschen-a2@2.1.0","german_definition":"","english":"","direction_policy":"language-pair","canonical_unit":{"id":"ma2-lu-0056","type":"phrase","headword":"sich auf etw. (Akk.) freuen (zukunft)","persian_meaning":"مشتاق و منتظر چیزی بودن","core":{"structure":"sich auf etw. (Akk.) freuen (zukunft)"},"examples":[{"id":"ma2-lu-0056-ex-001","lang":"de-DE","text":"Ich freue mich auf den Urlaub.","order":1,"translations":[{"lang":"fa-IR","text":"من منتظر تعطیلات هستم."},{"lang":"en-US","text":"I'm looking forward to the vacation."}]}],"metadata":{"dataset_id":"menschen-a2","unit_order":56,"tags":["menschen-a2","a2"]},"provenance":{"sources":[{"source_id":"menschen_a2_user_screenshots","source_kind":"course","what_was_verified":["orthography","persian_gloss","example_attestation"],"verification_status":"verified","locator":"screenshot-2:row-26;source-order=56","accessed_at":"2026-09-02","evidence_note":"Authoritative user-supplied source row. Raw German bundle: sichAkk. auf etw.Akk. freuen (zukunft)"},{"source_id":"assistant_translation_review","source_kind":"other","what_was_verified":["persian_example_translation","english_example_translation"],"verification_status":"verified","accessed_at":"2026-09-02","evidence_note":"Production translation generated and sense-alignment reviewed against the German example and canonical Persian meaning; this is internal production evidence, not an external lexicon claim."}]}}}	menschen-a2; a2		56
ma2-lu-0057	de-vocabulary	German	phrase	Menschen A2	A2			sich an jdm./etw. freuen	از کسی یا چیزی لذت بردن	Deutsch	فارسی	de-DE	fa-IR	front-core	[{"text":"Ich freue mich an den Blumen.","lang":"de-DE","role":"example","label":"ma2-lu-0057-ex-001","order":1},{"text":"I take pleasure in the flowers.","lang":"en-US","role":"example","label":"translation:ma2-lu-0057-ex-001","order":2}]	[]	[]	[]	{"entry_type":"phrase","canonical_entry_type":"phrase","learning_unit_id":"ma2-lu-0057","semantic_identity":"ma2-lu-0057","german_learning_contract":"gfp-german-learning-content@1.0.0","semantic_contract":"gfp-german-language-content@3.1.3","source_profile_id":"menschen-a2@2.1.0","german_definition":"","english":"","direction_policy":"language-pair","canonical_unit":{"id":"ma2-lu-0057","type":"phrase","headword":"sich an jdm./etw. freuen","persian_meaning":"از کسی یا چیزی لذت بردن","core":{"structure":"sich an jdm./etw. freuen"},"examples":[{"id":"ma2-lu-0057-ex-001","lang":"de-DE","text":"Ich freue mich an den Blumen.","order":1,"translations":[{"lang":"fa-IR","text":"من از گل‌ها لذت می‌برم."},{"lang":"en-US","text":"I take pleasure in the flowers."}]}],"metadata":{"dataset_id":"menschen-a2","unit_order":57,"tags":["menschen-a2","a2"]},"provenance":{"sources":[{"source_id":"menschen_a2_user_screenshots","source_kind":"course","what_was_verified":["orthography","persian_gloss","example_attestation"],"verification_status":"verified","locator":"screenshot-2:row-27;source-order=57","accessed_at":"2026-09-02","evidence_note":"Authoritative user-supplied source row. Raw German bundle: sichAkk. an jdm./etw. freuen / sich erfreuen an"},{"source_id":"assistant_translation_review","source_kind":"other","what_was_verified":["persian_example_translation","english_example_translation"],"verification_status":"verified","accessed_at":"2026-09-02","evidence_note":"Production translation generated and sense-alignment reviewed against the German example and canonical Persian meaning; this is internal production evidence, not an external lexicon claim."}]}}}	menschen-a2; a2		57
ma2-lu-0058	de-vocabulary	German	verb	Menschen A2	A2			ärgern	عصبانی یا ناراحت کردن	Deutsch	فارسی	de-DE	fa-IR	front-core	[{"text":"Das ärgert mich. / ärgere dich nicht!","lang":"de-DE","role":"example","label":"ma2-lu-0058-ex-001","order":1},{"text":"That annoys me. / Don't get annoyed!","lang":"en-US","role":"example","label":"translation:ma2-lu-0058-ex-001","order":2}]	[]	[]	[{"title":"Formen","items":["Präsens (3. Sg.): ärgert","Präteritum: ärgerte","Perfekt: hat geärgert","Hilfsverb: haben"]},{"title":"Grammar Notes","items":["Akkusativobjekt (Quellennotation)"]}]	{"entry_type":"verb","canonical_entry_type":"verb","learning_unit_id":"ma2-lu-0058","semantic_identity":"ma2-lu-0058","german_learning_contract":"gfp-german-learning-content@1.0.0","semantic_contract":"gfp-german-language-content@3.1.3","source_profile_id":"menschen-a2@2.1.0","german_definition":"","english":"","direction_policy":"language-pair","canonical_unit":{"id":"ma2-lu-0058","type":"verb","headword":"ärgern","persian_meaning":"عصبانی یا ناراحت کردن","core":{"present_3sg":"ärgert","preterite_3sg":"ärgerte","perfect":"hat geärgert","auxiliary":"haben","reflexive":false,"separability":"non_prefixed"},"examples":[{"id":"ma2-lu-0058-ex-001","lang":"de-DE","text":"Das ärgert mich. / ärgere dich nicht!","order":1,"translations":[{"lang":"fa-IR","text":"این من را عصبانی می‌کند. / عصبانی نشو!"},{"lang":"en-US","text":"That annoys me. / Don't get annoyed!"}]}],"metadata":{"dataset_id":"menschen-a2","unit_order":58,"tags":["menschen-a2","a2"]},"provenance":{"sources":[{"source_id":"menschen_a2_user_screenshots","source_kind":"course","what_was_verified":["orthography","persian_gloss","morphology","example_attestation"],"verification_status":"verified","locator":"screenshot-2:row-28;source-order=58","accessed_at":"2026-09-02","evidence_note":"Authoritative user-supplied source row. Raw German bundle: ärgern [+A], ärgerte, hat geärgert / verärgern"},{"source_id":"assistant_translation_review","source_kind":"other","what_was_verified":["persian_example_translation","english_example_translation"],"verification_status":"verified","accessed_at":"2026-09-02","evidence_note":"Production translation generated and sense-alignment reviewed against the German example and canonical Persian meaning; this is internal production evidence, not an external lexicon claim."}]},"details":{"grammar_notes":["Akkusativobjekt (Quellennotation)"]}},"present":"ärgert","preterite":"ärgerte","perfect":"hat geärgert","participle_ii":"","auxiliary":"haben","reflexive":false,"is_reflexive":false,"is_separable":false,"rection":"","typingCore":"ärgern","typingStandard":"ärgern","typingTargetLang":"de-DE","typingTargetDir":"ltr","typingTargetLabel":"Wort"}	menschen-a2; a2		58
ma2-lu-0059	de-vocabulary	German	phrase	Menschen A2	A2			sich über jdn./etw. ärgern	از کسی یا چیزی عصبانی شدن	Deutsch	فارسی	de-DE	fa-IR	front-core	[{"text":"Ich ärgere mich über den Lärm.","lang":"de-DE","role":"example","label":"ma2-lu-0059-ex-001","order":1},{"text":"I'm annoyed by the noise.","lang":"en-US","role":"example","label":"translation:ma2-lu-0059-ex-001","order":2}]	[]	[]	[]	{"entry_type":"phrase","canonical_entry_type":"phrase","learning_unit_id":"ma2-lu-0059","semantic_identity":"ma2-lu-0059","german_learning_contract":"gfp-german-learning-content@1.0.0","semantic_contract":"gfp-german-language-content@3.1.3","source_profile_id":"menschen-a2@2.1.0","german_definition":"","english":"","direction_policy":"language-pair","canonical_unit":{"id":"ma2-lu-0059","type":"phrase","headword":"sich über jdn./etw. ärgern","persian_meaning":"از کسی یا چیزی عصبانی شدن","core":{"structure":"sich über jdn./etw. ärgern"},"examples":[{"id":"ma2-lu-0059-ex-001","lang":"de-DE","text":"Ich ärgere mich über den Lärm.","order":1,"translations":[{"lang":"fa-IR","text":"من از سر و صدا عصبانی می‌شوم."},{"lang":"en-US","text":"I'm annoyed by the noise."}]}],"metadata":{"dataset_id":"menschen-a2","unit_order":59,"tags":["menschen-a2","a2"]},"provenance":{"sources":[{"source_id":"menschen_a2_user_screenshots","source_kind":"course","what_was_verified":["orthography","persian_gloss","example_attestation"],"verification_status":"verified","locator":"screenshot-2:row-29;source-order=59","accessed_at":"2026-09-02","evidence_note":"Authoritative user-supplied source row. Raw German bundle: sich über jdn./etw. ärgern / sich aufregen über / wütend werden"},{"source_id":"assistant_translation_review","source_kind":"other","what_was_verified":["persian_example_translation","english_example_translation"],"verification_status":"verified","accessed_at":"2026-09-02","evidence_note":"Production translation generated and sense-alignment reviewed against the German example and canonical Persian meaning; this is internal production evidence, not an external lexicon claim."}]}}}	menschen-a2; a2		59
ma2-lu-0060	de-vocabulary	German	verb	Menschen A2	A2			lassen	گذاشتن، رها کردن، اجازه دادن	Deutsch	فارسی	de-DE	fa-IR	front-core	[{"text":"Lass das! Ich mag das nicht.","lang":"de-DE","role":"example","label":"ma2-lu-0060-ex-001","order":1},{"text":"Stop it! I don't like that.","lang":"en-US","role":"example","label":"translation:ma2-lu-0060-ex-001","order":2}]	[]	[]	[{"title":"Formen","items":["Präsens (3. Sg.): lässt","Präteritum: ließ","Perfekt: hat gelassen","Hilfsverb: haben"]},{"title":"Grammar Notes","items":["Akkusativobjekt (Quellennotation)"]}]	{"entry_type":"verb","canonical_entry_type":"verb","learning_unit_id":"ma2-lu-0060","semantic_identity":"ma2-lu-0060","german_learning_contract":"gfp-german-learning-content@1.0.0","semantic_contract":"gfp-german-language-content@3.1.3","source_profile_id":"menschen-a2@2.1.0","german_definition":"","english":"","direction_policy":"language-pair","canonical_unit":{"id":"ma2-lu-0060","type":"verb","headword":"lassen","persian_meaning":"گذاشتن، رها کردن، اجازه دادن","core":{"present_3sg":"lässt","preterite_3sg":"ließ","perfect":"hat gelassen","auxiliary":"haben","reflexive":false,"separability":"non_prefixed"},"examples":[{"id":"ma2-lu-0060-ex-001","lang":"de-DE","text":"Lass das! Ich mag das nicht.","order":1,"translations":[{"lang":"fa-IR","text":"ولش کن! من این را دوست ندارم."},{"lang":"en-US","text":"Stop it! I don't like that."}]}],"metadata":{"dataset_id":"menschen-a2","unit_order":60,"tags":["menschen-a2","a2"]},"provenance":{"sources":[{"source_id":"menschen_a2_user_screenshots","source_kind":"course","what_was_verified":["orthography","persian_gloss","morphology","example_attestation"],"verification_status":"verified","locator":"screenshot-3:row-1;source-order=60","accessed_at":"2026-09-02","evidence_note":"Authoritative user-supplied source row. Raw German bundle: lassen [+A], lässt, liess, hat gelassen"},{"source_id":"assistant_translation_review","source_kind":"other","what_was_verified":["persian_example_translation","english_example_translation"],"verification_status":"verified","accessed_at":"2026-09-02","evidence_note":"Production translation generated and sense-alignment reviewed against the German example and canonical Persian meaning; this is internal production evidence, not an external lexicon claim."}]},"details":{"grammar_notes":["Akkusativobjekt (Quellennotation)"]}},"present":"lässt","preterite":"ließ","perfect":"hat gelassen","participle_ii":"","auxiliary":"haben","reflexive":false,"is_reflexive":false,"is_separable":false,"rection":"","typingCore":"lassen","typingStandard":"lassen","typingTargetLang":"de-DE","typingTargetDir":"ltr","typingTargetLabel":"Wort"}	menschen-a2; a2		60
ma2-lu-0061	de-vocabulary	German	phrase	Menschen A2	A2			liegen lassen	جا گذاشتن	Deutsch	فارسی	de-DE	fa-IR	front-core	[{"text":"Ich habe meine Brieftasche liegen lassen","lang":"de-DE","role":"example","label":"ma2-lu-0061-ex-001","order":1},{"text":"I left my wallet behind.","lang":"en-US","role":"example","label":"translation:ma2-lu-0061-ex-001","order":2}]	[]	[]	[]	{"entry_type":"phrase","canonical_entry_type":"phrase","learning_unit_id":"ma2-lu-0061","semantic_identity":"ma2-lu-0061","german_learning_contract":"gfp-german-learning-content@1.0.0","semantic_contract":"gfp-german-language-content@3.1.3","source_profile_id":"menschen-a2@2.1.0","german_definition":"","english":"","direction_policy":"language-pair","canonical_unit":{"id":"ma2-lu-0061","type":"phrase","headword":"liegen lassen","persian_meaning":"جا گذاشتن","core":{"structure":"liegen lassen"},"examples":[{"id":"ma2-lu-0061-ex-001","lang":"de-DE","text":"Ich habe meine Brieftasche liegen lassen","order":1,"translations":[{"lang":"fa-IR","text":"کیف پولم را جا گذاشته‌ام."},{"lang":"en-US","text":"I left my wallet behind."}]}],"metadata":{"dataset_id":"menschen-a2","unit_order":61,"tags":["menschen-a2","a2"]},"provenance":{"sources":[{"source_id":"menschen_a2_user_screenshots","source_kind":"course","what_was_verified":["orthography","persian_gloss","example_attestation"],"verification_status":"verified","locator":"screenshot-3:row-2;source-order=61","accessed_at":"2026-09-02","evidence_note":"Authoritative user-supplied source row. Raw German bundle: liegen lassen"},{"source_id":"assistant_translation_review","source_kind":"other","what_was_verified":["persian_example_translation","english_example_translation"],"verification_status":"verified","accessed_at":"2026-09-02","evidence_note":"Production translation generated and sense-alignment reviewed against the German example and canonical Persian meaning; this is internal production evidence, not an external lexicon claim."}]}}}	menschen-a2; a2		61
ma2-lu-0062	de-vocabulary	German	phrase	Menschen A2	A2			mitmachen	شرکت کردن، مشارکت کردن	Deutsch	فارسی	de-DE	fa-IR	front-core	[{"text":"Ich mache bei dem Kurs freiwillig mit.","lang":"de-DE","role":"example","label":"ma2-lu-0062-ex-001","order":1},{"text":"I voluntarily take part in the course.","lang":"en-US","role":"example","label":"translation:ma2-lu-0062-ex-001","order":2}]	[]	[]	[]	{"entry_type":"phrase","canonical_entry_type":"phrase","learning_unit_id":"ma2-lu-0062","semantic_identity":"ma2-lu-0062","german_learning_contract":"gfp-german-learning-content@1.0.0","semantic_contract":"gfp-german-language-content@3.1.3","source_profile_id":"menschen-a2@2.1.0","german_definition":"","english":"","direction_policy":"language-pair","canonical_unit":{"id":"ma2-lu-0062","type":"phrase","headword":"mitmachen","persian_meaning":"شرکت کردن، مشارکت کردن","core":{"structure":"mitmachen"},"examples":[{"id":"ma2-lu-0062-ex-001","lang":"de-DE","text":"Ich mache bei dem Kurs freiwillig mit.","order":1,"translations":[{"lang":"fa-IR","text":"من داوطلبانه در این دوره شرکت می‌کنم."},{"lang":"en-US","text":"I voluntarily take part in the course."}]}],"metadata":{"dataset_id":"menschen-a2","unit_order":62,"tags":["menschen-a2","a2"]},"provenance":{"sources":[{"source_id":"menschen_a2_user_screenshots","source_kind":"course","what_was_verified":["orthography","persian_gloss","example_attestation"],"verification_status":"verified","locator":"screenshot-3:row-3;source-order=62","accessed_at":"2026-09-02","evidence_note":"Authoritative user-supplied source row. Raw German bundle: mitmachen / sich beteiligen / an etw.Dat. teilnehmen"},{"source_id":"assistant_translation_review","source_kind":"other","what_was_verified":["persian_example_translation","english_example_translation"],"verification_status":"verified","accessed_at":"2026-09-02","evidence_note":"Production translation generated and sense-alignment reviewed against the German example and canonical Persian meaning; this is internal production evidence, not an external lexicon claim."}]}}}	menschen-a2; a2		62
ma2-lu-0063	de-vocabulary	German	verb	Menschen A2	A2			wiederfinden	دوباره پیدا کردن	Deutsch	فارسی	de-DE	fa-IR	front-core	[{"text":"Hast du den Schlüssel wiedergefunden?","lang":"de-DE","role":"example","label":"ma2-lu-0063-ex-001","order":1},{"text":"Did you find the key again?","lang":"en-US","role":"example","label":"translation:ma2-lu-0063-ex-001","order":2}]	[]	[]	[{"title":"Formen","items":["Präsens (3. Sg.): findet wieder","Präteritum: fand wieder","Perfekt: hat wiedergefunden","Hilfsverb: haben"]},{"title":"Grammar Notes","items":["Akkusativobjekt (Quellennotation)"]}]	{"entry_type":"verb","canonical_entry_type":"verb","learning_unit_id":"ma2-lu-0063","semantic_identity":"ma2-lu-0063","german_learning_contract":"gfp-german-learning-content@1.0.0","semantic_contract":"gfp-german-language-content@3.1.3","source_profile_id":"menschen-a2@2.1.0","german_definition":"","english":"","direction_policy":"language-pair","canonical_unit":{"id":"ma2-lu-0063","type":"verb","headword":"wiederfinden","persian_meaning":"دوباره پیدا کردن","core":{"present_3sg":"findet wieder","preterite_3sg":"fand wieder","perfect":"hat wiedergefunden","auxiliary":"haben","reflexive":false,"separability":"separable"},"examples":[{"id":"ma2-lu-0063-ex-001","lang":"de-DE","text":"Hast du den Schlüssel wiedergefunden?","order":1,"translations":[{"lang":"fa-IR","text":"کلید را دوباره پیدا کردی؟"},{"lang":"en-US","text":"Did you find the key again?"}]}],"metadata":{"dataset_id":"menschen-a2","unit_order":63,"tags":["menschen-a2","a2"]},"provenance":{"sources":[{"source_id":"menschen_a2_user_screenshots","source_kind":"course","what_was_verified":["orthography","persian_gloss","morphology","example_attestation"],"verification_status":"verified","locator":"screenshot-3:row-4;source-order=63","accessed_at":"2026-09-02","evidence_note":"Authoritative user-supplied source row. Raw German bundle: wiederfinden [+A], fand wieder, hat wiedergefunden"},{"source_id":"assistant_translation_review","source_kind":"other","what_was_verified":["persian_example_translation","english_example_translation"],"verification_status":"verified","accessed_at":"2026-09-02","evidence_note":"Production translation generated and sense-alignment reviewed against the German example and canonical Persian meaning; this is internal production evidence, not an external lexicon claim."}]},"details":{"grammar_notes":["Akkusativobjekt (Quellennotation)"]}},"present":"findet wieder","preterite":"fand wieder","perfect":"hat wiedergefunden","participle_ii":"","auxiliary":"haben","reflexive":false,"is_reflexive":false,"is_separable":true,"rection":"","typingCore":"wiederfinden","typingStandard":"wiederfinden","typingTargetLang":"de-DE","typingTargetDir":"ltr","typingTargetLabel":"Wort"}	menschen-a2; a2		63
ma2-lu-0064	de-vocabulary	German	verb	Menschen A2	A2			anschreiben	به کسی نامه نوشتن، روی چیزی نوشتن	Deutsch	فارسی	de-DE	fa-IR	front-core	[{"text":"Der Name steht dort angeschrieben","lang":"de-DE","role":"example","label":"ma2-lu-0064-ex-001","order":1},{"text":"The name is written there.","lang":"en-US","role":"example","label":"translation:ma2-lu-0064-ex-001","order":2}]	[]	[]	[{"title":"Formen","items":["Präsens (3. Sg.): schreibt an","Präteritum: schrieb an","Perfekt: hat angeschrieben","Hilfsverb: haben"]},{"title":"Grammar Notes","items":["Akkusativobjekt (Quellennotation)"]}]	{"entry_type":"verb","canonical_entry_type":"verb","learning_unit_id":"ma2-lu-0064","semantic_identity":"ma2-lu-0064","german_learning_contract":"gfp-german-learning-content@1.0.0","semantic_contract":"gfp-german-language-content@3.1.3","source_profile_id":"menschen-a2@2.1.0","german_definition":"","english":"","direction_policy":"language-pair","canonical_unit":{"id":"ma2-lu-0064","type":"verb","headword":"anschreiben","persian_meaning":"به کسی نامه نوشتن، روی چیزی نوشتن","core":{"present_3sg":"schreibt an","preterite_3sg":"schrieb an","perfect":"hat angeschrieben","auxiliary":"haben","reflexive":false,"separability":"separable"},"examples":[{"id":"ma2-lu-0064-ex-001","lang":"de-DE","text":"Der Name steht dort angeschrieben","order":1,"translations":[{"lang":"fa-IR","text":"نام آنجا نوشته شده است."},{"lang":"en-US","text":"The name is written there."}]}],"metadata":{"dataset_id":"menschen-a2","unit_order":64,"tags":["menschen-a2","a2"]},"provenance":{"sources":[{"source_id":"menschen_a2_user_screenshots","source_kind":"course","what_was_verified":["orthography","persian_gloss","morphology","example_attestation"],"verification_status":"verified","locator":"screenshot-3:row-5;source-order=64","accessed_at":"2026-09-02","evidence_note":"Authoritative user-supplied source row. Raw German bundle: anschreiben [+A], schreibt an, schrieb an, hat angeschrieben"},{"source_id":"assistant_translation_review","source_kind":"other","what_was_verified":["persian_example_translation","english_example_translation"],"verification_status":"verified","accessed_at":"2026-09-02","evidence_note":"Production translation generated and sense-alignment reviewed against the German example and canonical Persian meaning; this is internal production evidence, not an external lexicon claim."}]},"details":{"grammar_notes":["Akkusativobjekt (Quellennotation)"]}},"present":"schreibt an","preterite":"schrieb an","perfect":"hat angeschrieben","participle_ii":"","auxiliary":"haben","reflexive":false,"is_reflexive":false,"is_separable":true,"rection":"","typingCore":"anschreiben","typingStandard":"anschreiben","typingTargetLang":"de-DE","typingTargetDir":"ltr","typingTargetLabel":"Wort"}	menschen-a2; a2		64
ma2-lu-0065	de-vocabulary	German	phrase	Menschen A2	A2			mit etw. einverstanden sein	با چیزی موافق بودن	Deutsch	فارسی	de-DE	fa-IR	front-core	[{"text":"Damit bin ich einverstanden.","lang":"de-DE","role":"example","label":"ma2-lu-0065-ex-001","order":1},{"text":"I agree with that.","lang":"en-US","role":"example","label":"translation:ma2-lu-0065-ex-001","order":2}]	[]	[]	[]	{"entry_type":"phrase","canonical_entry_type":"phrase","learning_unit_id":"ma2-lu-0065","semantic_identity":"ma2-lu-0065","german_learning_contract":"gfp-german-learning-content@1.0.0","semantic_contract":"gfp-german-language-content@3.1.3","source_profile_id":"menschen-a2@2.1.0","german_definition":"","english":"","direction_policy":"language-pair","canonical_unit":{"id":"ma2-lu-0065","type":"phrase","headword":"mit etw. einverstanden sein","persian_meaning":"با چیزی موافق بودن","core":{"structure":"mit etw. einverstanden sein"},"examples":[{"id":"ma2-lu-0065-ex-001","lang":"de-DE","text":"Damit bin ich einverstanden.","order":1,"translations":[{"lang":"fa-IR","text":"من با آن موافقم."},{"lang":"en-US","text":"I agree with that."}]}],"metadata":{"dataset_id":"menschen-a2","unit_order":65,"tags":["menschen-a2","a2"]},"provenance":{"sources":[{"source_id":"menschen_a2_user_screenshots","source_kind":"course","what_was_verified":["orthography","persian_gloss","example_attestation"],"verification_status":"verified","locator":"screenshot-3:row-6;source-order=65","accessed_at":"2026-09-02","evidence_note":"Authoritative user-supplied source row. Raw German bundle: mit etw. einverstanden sein"},{"source_id":"assistant_translation_review","source_kind":"other","what_was_verified":["persian_example_translation","english_example_translation"],"verification_status":"verified","accessed_at":"2026-09-02","evidence_note":"Production translation generated and sense-alignment reviewed against the German example and canonical Persian meaning; this is internal production evidence, not an external lexicon claim."}]}}}	menschen-a2; a2		65
ma2-lu-0066	de-vocabulary	German	verb	Menschen A2	A2			beeindrucken	تحت تأثیر قرار دادن	Deutsch	فارسی	de-DE	fa-IR	front-core	[{"text":"Der Film hat mich sehr beeindruckt.","lang":"de-DE","role":"example","label":"ma2-lu-0066-ex-001","order":1},{"text":"The film impressed me a lot.","lang":"en-US","role":"example","label":"translation:ma2-lu-0066-ex-001","order":2}]	[]	[]	[{"title":"Formen","items":["Präsens (3. Sg.): beeindruckt","Präteritum: beeindruckte","Perfekt: hat beeindruckt","Hilfsverb: haben"]},{"title":"Grammar Notes","items":["Akkusativobjekt (Quellennotation)"]}]	{"entry_type":"verb","canonical_entry_type":"verb","learning_unit_id":"ma2-lu-0066","semantic_identity":"ma2-lu-0066","german_learning_contract":"gfp-german-learning-content@1.0.0","semantic_contract":"gfp-german-language-content@3.1.3","source_profile_id":"menschen-a2@2.1.0","german_definition":"","english":"","direction_policy":"language-pair","canonical_unit":{"id":"ma2-lu-0066","type":"verb","headword":"beeindrucken","persian_meaning":"تحت تأثیر قرار دادن","core":{"present_3sg":"beeindruckt","preterite_3sg":"beeindruckte","perfect":"hat beeindruckt","auxiliary":"haben","reflexive":false,"separability":"inseparable"},"examples":[{"id":"ma2-lu-0066-ex-001","lang":"de-DE","text":"Der Film hat mich sehr beeindruckt.","order":1,"translations":[{"lang":"fa-IR","text":"فیلم خیلی روی من تأثیر گذاشت."},{"lang":"en-US","text":"The film impressed me a lot."}]}],"metadata":{"dataset_id":"menschen-a2","unit_order":66,"tags":["menschen-a2","a2"]},"provenance":{"sources":[{"source_id":"menschen_a2_user_screenshots","source_kind":"course","what_was_verified":["orthography","persian_gloss","morphology","example_attestation"],"verification_status":"verified","locator":"screenshot-3:row-7;source-order=66","accessed_at":"2026-09-02","evidence_note":"Authoritative user-supplied source row. Raw German bundle: beeindrucken [+A], beeindruckte, hat beeindruckt / imponieren"},{"source_id":"assistant_translation_review","source_kind":"other","what_was_verified":["persian_example_translation","english_example_translation"],"verification_status":"verified","accessed_at":"2026-09-02","evidence_note":"Production translation generated and sense-alignment reviewed against the German example and canonical Persian meaning; this is internal production evidence, not an external lexicon claim."}]},"details":{"grammar_notes":["Akkusativobjekt (Quellennotation)"]}},"present":"beeindruckt","preterite":"beeindruckte","perfect":"hat beeindruckt","participle_ii":"","auxiliary":"haben","reflexive":false,"is_reflexive":false,"is_separable":false,"rection":"","typingCore":"beeindrucken","typingStandard":"beeindrucken","typingTargetLang":"de-DE","typingTargetDir":"ltr","typingTargetLabel":"Wort"}	menschen-a2; a2		66
ma2-lu-0067	de-vocabulary	German	verb	Menschen A2	A2			abgeben	تحویل دادن، پس دادن	Deutsch	فارسی	de-DE	fa-IR	front-core	[{"text":"Bitte geben Sie das Formular ab.","lang":"de-DE","role":"example","label":"ma2-lu-0067-ex-001","order":1},{"text":"Please hand in the form.","lang":"en-US","role":"example","label":"translation:ma2-lu-0067-ex-001","order":2}]	[]	[]	[{"title":"Formen","items":["Präsens (3. Sg.): gibt ab","Präteritum: gab ab","Perfekt: hat abgegeben","Hilfsverb: haben"]}]	{"entry_type":"verb","canonical_entry_type":"verb","learning_unit_id":"ma2-lu-0067","semantic_identity":"ma2-lu-0067","german_learning_contract":"gfp-german-learning-content@1.0.0","semantic_contract":"gfp-german-language-content@3.1.3","source_profile_id":"menschen-a2@2.1.0","german_definition":"","english":"","direction_policy":"language-pair","canonical_unit":{"id":"ma2-lu-0067","type":"verb","headword":"abgeben","persian_meaning":"تحویل دادن، پس دادن","core":{"present_3sg":"gibt ab","preterite_3sg":"gab ab","perfect":"hat abgegeben","auxiliary":"haben","reflexive":false,"separability":"separable"},"examples":[{"id":"ma2-lu-0067-ex-001","lang":"de-DE","text":"Bitte geben Sie das Formular ab.","order":1,"translations":[{"lang":"fa-IR","text":"لطفاً فرم را تحویل دهید."},{"lang":"en-US","text":"Please hand in the form."}]}],"metadata":{"dataset_id":"menschen-a2","unit_order":67,"tags":["menschen-a2","a2"]},"provenance":{"sources":[{"source_id":"menschen_a2_user_screenshots","source_kind":"course","what_was_verified":["orthography","persian_gloss","morphology","example_attestation"],"verification_status":"verified","locator":"screenshot-3:row-8;source-order=67","accessed_at":"2026-09-02","evidence_note":"Authoritative user-supplied source row. Raw German bundle: abgeben, gibt ab, gab ab, hat abgegeben"},{"source_id":"assistant_translation_review","source_kind":"other","what_was_verified":["persian_example_translation","english_example_translation"],"verification_status":"verified","accessed_at":"2026-09-02","evidence_note":"Production translation generated and sense-alignment reviewed against the German example and canonical Persian meaning; this is internal production evidence, not an external lexicon claim."}]}},"present":"gibt ab","preterite":"gab ab","perfect":"hat abgegeben","participle_ii":"","auxiliary":"haben","reflexive":false,"is_reflexive":false,"is_separable":true,"rection":"","typingCore":"abgeben","typingStandard":"abgeben","typingTargetLang":"de-DE","typingTargetDir":"ltr","typingTargetLabel":"Wort"}	menschen-a2; a2		67
ma2-lu-0068	de-vocabulary	German	phrase	Menschen A2	A2			sich mit jdm./etw. abgeben	خود را با کسی یا چیزی مشغول کردن	Deutsch	فارسی	de-DE	fa-IR	front-core	[{"text":"Sie gibt sich viel mit kleinen Kindern ab.","lang":"de-DE","role":"example","label":"ma2-lu-0068-ex-001","order":1},{"text":"She spends a lot of time with small children.","lang":"en-US","role":"example","label":"translation:ma2-lu-0068-ex-001","order":2}]	[]	[]	[]	{"entry_type":"phrase","canonical_entry_type":"phrase","learning_unit_id":"ma2-lu-0068","semantic_identity":"ma2-lu-0068","german_learning_contract":"gfp-german-learning-content@1.0.0","semantic_contract":"gfp-german-language-content@3.1.3","source_profile_id":"menschen-a2@2.1.0","german_definition":"","english":"","direction_policy":"language-pair","canonical_unit":{"id":"ma2-lu-0068","type":"phrase","headword":"sich mit jdm./etw. abgeben","persian_meaning":"خود را با کسی یا چیزی مشغول کردن","core":{"structure":"sich mit jdm./etw. abgeben"},"examples":[{"id":"ma2-lu-0068-ex-001","lang":"de-DE","text":"Sie gibt sich viel mit kleinen Kindern ab.","order":1,"translations":[{"lang":"fa-IR","text":"او وقت زیادی را با بچه‌های کوچک می‌گذراند."},{"lang":"en-US","text":"She spends a lot of time with small children."}]}],"metadata":{"dataset_id":"menschen-a2","unit_order":68,"tags":["menschen-a2","a2"]},"provenance":{"sources":[{"source_id":"menschen_a2_user_screenshots","source_kind":"course","what_was_verified":["orthography","persian_gloss","example_attestation"],"verification_status":"verified","locator":"screenshot-3:row-9;source-order=68","accessed_at":"2026-09-02","evidence_note":"Authoritative user-supplied source row. Raw German bundle: sich mit jdm./etw. abgeben"},{"source_id":"assistant_translation_review","source_kind":"other","what_was_verified":["persian_example_translation","english_example_translation"],"verification_status":"verified","accessed_at":"2026-09-02","evidence_note":"Production translation generated and sense-alignment reviewed against the German example and canonical Persian meaning; this is internal production evidence, not an external lexicon claim."}]}}}	menschen-a2; a2		68
ma2-lu-0069	de-vocabulary	German	verb	Menschen A2	A2			nachspielen	دوباره اجرا یا بازسازی کردن	Deutsch	فارسی	de-DE	fa-IR	front-core	[{"text":"Das Stück wurde an vielen Bühnen nachgespielt.","lang":"de-DE","role":"example","label":"ma2-lu-0069-ex-001","order":1},{"text":"The play was reenacted on many stages.","lang":"en-US","role":"example","label":"translation:ma2-lu-0069-ex-001","order":2}]	[]	[]	[{"title":"Formen","items":["Präsens (3. Sg.): spielt nach","Präteritum: spielte nach","Perfekt: hat nachgespielt","Hilfsverb: haben"]},{"title":"Grammar Notes","items":["Akkusativobjekt (Quellennotation)"]}]	{"entry_type":"verb","canonical_entry_type":"verb","learning_unit_id":"ma2-lu-0069","semantic_identity":"ma2-lu-0069","german_learning_contract":"gfp-german-learning-content@1.0.0","semantic_contract":"gfp-german-language-content@3.1.3","source_profile_id":"menschen-a2@2.1.0","german_definition":"","english":"","direction_policy":"language-pair","canonical_unit":{"id":"ma2-lu-0069","type":"verb","headword":"nachspielen","persian_meaning":"دوباره اجرا یا بازسازی کردن","core":{"present_3sg":"spielt nach","preterite_3sg":"spielte nach","perfect":"hat nachgespielt","auxiliary":"haben","reflexive":false,"separability":"separable"},"examples":[{"id":"ma2-lu-0069-ex-001","lang":"de-DE","text":"Das Stück wurde an vielen Bühnen nachgespielt.","order":1,"translations":[{"lang":"fa-IR","text":"این نمایش در صحنه‌های زیادی دوباره اجرا شد."},{"lang":"en-US","text":"The play was reenacted on many stages."}]}],"metadata":{"dataset_id":"menschen-a2","unit_order":69,"tags":["menschen-a2","a2"]},"provenance":{"sources":[{"source_id":"menschen_a2_user_screenshots","source_kind":"course","what_was_verified":["orthography","persian_gloss","morphology","example_attestation"],"verification_status":"verified","locator":"screenshot-3:row-10;source-order=69","accessed_at":"2026-09-02","evidence_note":"Authoritative user-supplied source row. Raw German bundle: nachspielen [+A], spielte nach, hat nachgespielt"},{"source_id":"assistant_translation_review","source_kind":"other","what_was_verified":["persian_example_translation","english_example_translation"],"verification_status":"verified","accessed_at":"2026-09-02","evidence_note":"Production translation generated and sense-alignment reviewed against the German example and canonical Persian meaning; this is internal production evidence, not an external lexicon claim."}]},"details":{"grammar_notes":["Akkusativobjekt (Quellennotation)"]}},"present":"spielt nach","preterite":"spielte nach","perfect":"hat nachgespielt","participle_ii":"","auxiliary":"haben","reflexive":false,"is_reflexive":false,"is_separable":true,"rection":"","typingCore":"nachspielen","typingStandard":"nachspielen","typingTargetLang":"de-DE","typingTargetDir":"ltr","typingTargetLabel":"Wort"}	menschen-a2; a2		69
ma2-lu-0070	de-vocabulary	German	verb	Menschen A2	A2			faszinieren	مجذوب کردن	Deutsch	فارسی	de-DE	fa-IR	front-core	[{"text":"Das Buch faszinierte mich vom Anfang bis zum Ende.","lang":"de-DE","role":"example","label":"ma2-lu-0070-ex-001","order":1},{"text":"The book fascinated me from beginning to end.","lang":"en-US","role":"example","label":"translation:ma2-lu-0070-ex-001","order":2}]	[]	[]	[{"title":"Formen","items":["Präsens (3. Sg.): fasziniert","Präteritum: fasziniert","Perfekt: hat fasziniert","Hilfsverb: haben"]},{"title":"Grammar Notes","items":["Akkusativobjekt (Quellennotation)"]}]	{"entry_type":"verb","canonical_entry_type":"verb","learning_unit_id":"ma2-lu-0070","semantic_identity":"ma2-lu-0070","german_learning_contract":"gfp-german-learning-content@1.0.0","semantic_contract":"gfp-german-language-content@3.1.3","source_profile_id":"menschen-a2@2.1.0","german_definition":"","english":"","direction_policy":"language-pair","canonical_unit":{"id":"ma2-lu-0070","type":"verb","headword":"faszinieren","persian_meaning":"مجذوب کردن","core":{"present_3sg":"fasziniert","preterite_3sg":"fasziniert","perfect":"hat fasziniert","auxiliary":"haben","reflexive":false,"separability":"non_prefixed"},"examples":[{"id":"ma2-lu-0070-ex-001","lang":"de-DE","text":"Das Buch faszinierte mich vom Anfang bis zum Ende.","order":1,"translations":[{"lang":"fa-IR","text":"این کتاب از ابتدا تا انتها من را مجذوب کرد."},{"lang":"en-US","text":"The book fascinated me from beginning to end."}]}],"metadata":{"dataset_id":"menschen-a2","unit_order":70,"tags":["menschen-a2","a2"]},"provenance":{"sources":[{"source_id":"menschen_a2_user_screenshots","source_kind":"course","what_was_verified":["orthography","persian_gloss","morphology","example_attestation"],"verification_status":"verified","locator":"screenshot-3:row-11;source-order=70","accessed_at":"2026-09-02","evidence_note":"Authoritative user-supplied source row. Raw German bundle: faszinieren [+A], fasziniert, hat fasziniert"},{"source_id":"assistant_translation_review","source_kind":"other","what_was_verified":["persian_example_translation","english_example_translation"],"verification_status":"verified","accessed_at":"2026-09-02","evidence_note":"Production translation generated and sense-alignment reviewed against the German example and canonical Persian meaning; this is internal production evidence, not an external lexicon claim."}]},"details":{"grammar_notes":["Akkusativobjekt (Quellennotation)"]}},"present":"fasziniert","preterite":"fasziniert","perfect":"hat fasziniert","participle_ii":"","auxiliary":"haben","reflexive":false,"is_reflexive":false,"is_separable":false,"rection":"","typingCore":"faszinieren","typingStandard":"faszinieren","typingTargetLang":"de-DE","typingTargetDir":"ltr","typingTargetLabel":"Wort"}	menschen-a2; a2		70
ma2-lu-0071	de-vocabulary	German	verb	Menschen A2	A2			halten	نگه داشتن	Deutsch	فارسی	de-DE	fa-IR	front-core	[{"text":"Etwas in der Hand halten","lang":"de-DE","role":"example","label":"ma2-lu-0071-ex-001","order":1},{"text":"to hold something in one's hand","lang":"en-US","role":"example","label":"translation:ma2-lu-0071-ex-001","order":2}]	[]	[]	[{"title":"Formen","items":["Präsens (3. Sg.): hält","Präteritum: hielt","Perfekt: hat gehalten","Hilfsverb: haben"]},{"title":"Grammar Notes","items":["Akkusativobjekt (Quellennotation)"]}]	{"entry_type":"verb","canonical_entry_type":"verb","learning_unit_id":"ma2-lu-0071","semantic_identity":"ma2-lu-0071","german_learning_contract":"gfp-german-learning-content@1.0.0","semantic_contract":"gfp-german-language-content@3.1.3","source_profile_id":"menschen-a2@2.1.0","german_definition":"","english":"","direction_policy":"language-pair","canonical_unit":{"id":"ma2-lu-0071","type":"verb","headword":"halten","persian_meaning":"نگه داشتن","core":{"present_3sg":"hält","preterite_3sg":"hielt","perfect":"hat gehalten","auxiliary":"haben","reflexive":false,"separability":"non_prefixed"},"examples":[{"id":"ma2-lu-0071-ex-001","lang":"de-DE","text":"Etwas in der Hand halten","order":1,"translations":[{"lang":"fa-IR","text":"چیزی را در دست نگه داشتن"},{"lang":"en-US","text":"to hold something in one's hand"}]}],"metadata":{"dataset_id":"menschen-a2","unit_order":71,"tags":["menschen-a2","a2"]},"provenance":{"sources":[{"source_id":"menschen_a2_user_screenshots","source_kind":"course","what_was_verified":["orthography","persian_gloss","morphology","example_attestation"],"verification_status":"verified","locator":"screenshot-3:row-12;source-order=71","accessed_at":"2026-09-02","evidence_note":"Authoritative user-supplied source row. Raw German bundle: halten [+A], hält, hielt, hat gehalten"},{"source_id":"assistant_translation_review","source_kind":"other","what_was_verified":["persian_example_translation","english_example_translation"],"verification_status":"verified","accessed_at":"2026-09-02","evidence_note":"Production translation generated and sense-alignment reviewed against the German example and canonical Persian meaning; this is internal production evidence, not an external lexicon claim."}]},"details":{"grammar_notes":["Akkusativobjekt (Quellennotation)"]}},"present":"hält","preterite":"hielt","perfect":"hat gehalten","participle_ii":"","auxiliary":"haben","reflexive":false,"is_reflexive":false,"is_separable":false,"rection":"","typingCore":"halten","typingStandard":"halten","typingTargetLang":"de-DE","typingTargetDir":"ltr","typingTargetLabel":"Wort"}	menschen-a2; a2		71
ma2-lu-0072	de-vocabulary	German	verb	Menschen A2	A2			sich halten	دوام آوردن، رعایت کردن	Deutsch	فارسی	de-DE	fa-IR	front-core	[{"text":"SichAkk. an etw. Akk. halten","lang":"de-DE","role":"example","label":"ma2-lu-0072-ex-001","order":1},{"text":"to stick to something","lang":"en-US","role":"example","label":"translation:ma2-lu-0072-ex-001","order":2}]	[]	[]	[{"title":"Formen","items":["Präsens (3. Sg.): hält sich","Präteritum: hielt sich","Perfekt: hat sich gehalten","Hilfsverb: haben"]},{"title":"Grammar Notes","items":["Akkusativobjekt (Quellennotation)"]}]	{"entry_type":"verb","canonical_entry_type":"verb","learning_unit_id":"ma2-lu-0072","semantic_identity":"ma2-lu-0072","german_learning_contract":"gfp-german-learning-content@1.0.0","semantic_contract":"gfp-german-language-content@3.1.3","source_profile_id":"menschen-a2@2.1.0","german_definition":"","english":"","direction_policy":"language-pair","canonical_unit":{"id":"ma2-lu-0072","type":"verb","headword":"sich halten","persian_meaning":"دوام آوردن، رعایت کردن","core":{"present_3sg":"hält sich","preterite_3sg":"hielt sich","perfect":"hat sich gehalten","auxiliary":"haben","reflexive":true,"separability":"non_prefixed"},"examples":[{"id":"ma2-lu-0072-ex-001","lang":"de-DE","text":"SichAkk. an etw. Akk. halten","order":1,"translations":[{"lang":"fa-IR","text":"به چیزی پایبند بودن"},{"lang":"en-US","text":"to stick to something"}]}],"metadata":{"dataset_id":"menschen-a2","unit_order":72,"tags":["menschen-a2","a2"]},"provenance":{"sources":[{"source_id":"menschen_a2_user_screenshots","source_kind":"course","what_was_verified":["orthography","persian_gloss","morphology","example_attestation"],"verification_status":"verified","locator":"screenshot-3:row-13;source-order=72","accessed_at":"2026-09-02","evidence_note":"Authoritative user-supplied source row. Raw German bundle: sich halten [+A], hielt sich, hat sich gehalten"},{"source_id":"assistant_translation_review","source_kind":"other","what_was_verified":["persian_example_translation","english_example_translation"],"verification_status":"verified","accessed_at":"2026-09-02","evidence_note":"Production translation generated and sense-alignment reviewed against the German example and canonical Persian meaning; this is internal production evidence, not an external lexicon claim."}]},"details":{"grammar_notes":["Akkusativobjekt (Quellennotation)"]}},"present":"hält sich","preterite":"hielt sich","perfect":"hat sich gehalten","participle_ii":"","auxiliary":"haben","reflexive":true,"is_reflexive":true,"is_separable":false,"rection":"","typingCore":"sich halten","typingStandard":"sich halten","typingTargetLang":"de-DE","typingTargetDir":"ltr","typingTargetLabel":"Wort"}	menschen-a2; a2		72
ma2-lu-0073	de-vocabulary	German	verb	Menschen A2	A2			losfahren	راه افتادن، حرکت کردن	Deutsch	فارسی	de-DE	fa-IR	front-core	[{"text":"Wir sollten langsam losfahren","lang":"de-DE","role":"example","label":"ma2-lu-0073-ex-001","order":1},{"text":"We should set off slowly.","lang":"en-US","role":"example","label":"translation:ma2-lu-0073-ex-001","order":2}]	[]	[]	[{"title":"Formen","items":["Präsens (3. Sg.): fährt los","Präteritum: fuhr los","Perfekt: ist losgefahren","Hilfsverb: sein"]}]	{"entry_type":"verb","canonical_entry_type":"verb","learning_unit_id":"ma2-lu-0073","semantic_identity":"ma2-lu-0073","german_learning_contract":"gfp-german-learning-content@1.0.0","semantic_contract":"gfp-german-language-content@3.1.3","source_profile_id":"menschen-a2@2.1.0","german_definition":"","english":"","direction_policy":"language-pair","canonical_unit":{"id":"ma2-lu-0073","type":"verb","headword":"losfahren","persian_meaning":"راه افتادن، حرکت کردن","core":{"present_3sg":"fährt los","preterite_3sg":"fuhr los","perfect":"ist losgefahren","auxiliary":"sein","reflexive":false,"separability":"separable"},"examples":[{"id":"ma2-lu-0073-ex-001","lang":"de-DE","text":"Wir sollten langsam losfahren","order":1,"translations":[{"lang":"fa-IR","text":"بهتر است آرام راه بیفتیم."},{"lang":"en-US","text":"We should set off slowly."}]}],"metadata":{"dataset_id":"menschen-a2","unit_order":73,"tags":["menschen-a2","a2"]},"provenance":{"sources":[{"source_id":"menschen_a2_user_screenshots","source_kind":"course","what_was_verified":["orthography","persian_gloss","morphology","example_attestation"],"verification_status":"verified","locator":"screenshot-3:row-14;source-order=73","accessed_at":"2026-09-02","evidence_note":"Authoritative user-supplied source row. Raw German bundle: losfahren, fährt los, fuhr los, ist losgefahren"},{"source_id":"assistant_translation_review","source_kind":"other","what_was_verified":["persian_example_translation","english_example_translation"],"verification_status":"verified","accessed_at":"2026-09-02","evidence_note":"Production translation generated and sense-alignment reviewed against the German example and canonical Persian meaning; this is internal production evidence, not an external lexicon claim."}]}},"present":"fährt los","preterite":"fuhr los","perfect":"ist losgefahren","participle_ii":"","auxiliary":"sein","reflexive":false,"is_reflexive":false,"is_separable":true,"rection":"","typingCore":"losfahren","typingStandard":"losfahren","typingTargetLang":"de-DE","typingTargetDir":"ltr","typingTargetLabel":"Wort"}	menschen-a2; a2		73
ma2-lu-0074	de-vocabulary	German	verb	Menschen A2	A2			sich verabreden	با کسی قرار گذاشتن	Deutsch	فارسی	de-DE	fa-IR	front-core	[{"text":"Wir haben uns für morgen verabredet.","lang":"de-DE","role":"example","label":"ma2-lu-0074-ex-001","order":1},{"text":"We have arranged to meet tomorrow.","lang":"en-US","role":"example","label":"translation:ma2-lu-0074-ex-001","order":2}]	[]	[]	[{"title":"Formen","items":["Präsens (3. Sg.): verabredet sich","Präteritum: verabredete sich","Perfekt: hat sich verabredet","Hilfsverb: haben"]}]	{"entry_type":"verb","canonical_entry_type":"verb","learning_unit_id":"ma2-lu-0074","semantic_identity":"ma2-lu-0074","german_learning_contract":"gfp-german-learning-content@1.0.0","semantic_contract":"gfp-german-language-content@3.1.3","source_profile_id":"menschen-a2@2.1.0","german_definition":"","english":"","direction_policy":"language-pair","canonical_unit":{"id":"ma2-lu-0074","type":"verb","headword":"sich verabreden","persian_meaning":"با کسی قرار گذاشتن","core":{"present_3sg":"verabredet sich","preterite_3sg":"verabredete sich","perfect":"hat sich verabredet","auxiliary":"haben","reflexive":true,"separability":"inseparable"},"examples":[{"id":"ma2-lu-0074-ex-001","lang":"de-DE","text":"Wir haben uns für morgen verabredet.","order":1,"translations":[{"lang":"fa-IR","text":"برای فردا با هم قرار گذاشته‌ایم."},{"lang":"en-US","text":"We have arranged to meet tomorrow."}]}],"metadata":{"dataset_id":"menschen-a2","unit_order":74,"tags":["menschen-a2","a2"]},"provenance":{"sources":[{"source_id":"menschen_a2_user_screenshots","source_kind":"course","what_was_verified":["orthography","persian_gloss","morphology","example_attestation"],"verification_status":"verified","locator":"screenshot-3:row-15;source-order=74","accessed_at":"2026-09-02","evidence_note":"Authoritative user-supplied source row. Raw German bundle: sich mit jdm. verabreden, verabredete sich, hat sich verabredet"},{"source_id":"assistant_translation_review","source_kind":"other","what_was_verified":["persian_example_translation","english_example_translation"],"verification_status":"verified","accessed_at":"2026-09-02","evidence_note":"Production translation generated and sense-alignment reviewed against the German example and canonical Persian meaning; this is internal production evidence, not an external lexicon claim."}]}},"present":"verabredet sich","preterite":"verabredete sich","perfect":"hat sich verabredet","participle_ii":"","auxiliary":"haben","reflexive":true,"is_reflexive":true,"is_separable":false,"rection":"","typingCore":"sich verabreden","typingStandard":"sich verabreden","typingTargetLang":"de-DE","typingTargetDir":"ltr","typingTargetLabel":"Wort"}	menschen-a2; a2		74
ma2-lu-0075	de-vocabulary	German	verb	Menschen A2	A2			ablehnen	رد کردن، نپذیرفتن	Deutsch	فارسی	de-DE	fa-IR	front-core	[{"text":"Ich muss das Angebot ablehnen.","lang":"de-DE","role":"example","label":"ma2-lu-0075-ex-001","order":1},{"text":"I have to reject the offer.","lang":"en-US","role":"example","label":"translation:ma2-lu-0075-ex-001","order":2}]	[]	[]	[{"title":"Formen","items":["Präsens (3. Sg.): lehnt ab","Präteritum: lehnte ab","Perfekt: hat abgelehnt","Hilfsverb: haben"]},{"title":"Grammar Notes","items":["Akkusativobjekt (Quellennotation)"]}]	{"entry_type":"verb","canonical_entry_type":"verb","learning_unit_id":"ma2-lu-0075","semantic_identity":"ma2-lu-0075","german_learning_contract":"gfp-german-learning-content@1.0.0","semantic_contract":"gfp-german-language-content@3.1.3","source_profile_id":"menschen-a2@2.1.0","german_definition":"","english":"","direction_policy":"language-pair","canonical_unit":{"id":"ma2-lu-0075","type":"verb","headword":"ablehnen","persian_meaning":"رد کردن، نپذیرفتن","core":{"present_3sg":"lehnt ab","preterite_3sg":"lehnte ab","perfect":"hat abgelehnt","auxiliary":"haben","reflexive":false,"separability":"separable"},"examples":[{"id":"ma2-lu-0075-ex-001","lang":"de-DE","text":"Ich muss das Angebot ablehnen.","order":1,"translations":[{"lang":"fa-IR","text":"باید این پیشنهاد را رد کنم."},{"lang":"en-US","text":"I have to reject the offer."}]}],"metadata":{"dataset_id":"menschen-a2","unit_order":75,"tags":["menschen-a2","a2"]},"provenance":{"sources":[{"source_id":"menschen_a2_user_screenshots","source_kind":"course","what_was_verified":["orthography","persian_gloss","morphology","example_attestation"],"verification_status":"verified","locator":"screenshot-3:row-16;source-order=75","accessed_at":"2026-09-02","evidence_note":"Authoritative user-supplied source row. Raw German bundle: ablehnen [+A], lehnt ab, lehnte ab, hat abgelehnt / zurückweisen / verweigern"},{"source_id":"assistant_translation_review","source_kind":"other","what_was_verified":["persian_example_translation","english_example_translation"],"verification_status":"verified","accessed_at":"2026-09-02","evidence_note":"Production translation generated and sense-alignment reviewed against the German example and canonical Persian meaning; this is internal production evidence, not an external lexicon claim."}]},"details":{"grammar_notes":["Akkusativobjekt (Quellennotation)"]}},"present":"lehnt ab","preterite":"lehnte ab","perfect":"hat abgelehnt","participle_ii":"","auxiliary":"haben","reflexive":false,"is_reflexive":false,"is_separable":true,"rection":"","typingCore":"ablehnen","typingStandard":"ablehnen","typingTargetLang":"de-DE","typingTargetDir":"ltr","typingTargetLabel":"Wort"}	menschen-a2; a2		75
ma2-lu-0076	de-vocabulary	German	verb	Menschen A2	A2			zustimmen	موافقت کردن، تأیید کردن	Deutsch	فارسی	de-DE	fa-IR	front-core	[{"text":"Ich stimme dir in dieser Sache völlig zu.","lang":"de-DE","role":"example","label":"ma2-lu-0076-ex-001","order":1},{"text":"I completely agree with you on this matter.","lang":"en-US","role":"example","label":"translation:ma2-lu-0076-ex-001","order":2}]	[]	[]	[{"title":"Formen","items":["Präsens (3. Sg.): stimmt zu","Präteritum: stimmte zu","Perfekt: hat zugestimmt","Hilfsverb: haben"]},{"title":"Grammar Notes","items":["Dativobjekt (Quellennotation)"]}]	{"entry_type":"verb","canonical_entry_type":"verb","learning_unit_id":"ma2-lu-0076","semantic_identity":"ma2-lu-0076","german_learning_contract":"gfp-german-learning-content@1.0.0","semantic_contract":"gfp-german-language-content@3.1.3","source_profile_id":"menschen-a2@2.1.0","german_definition":"","english":"","direction_policy":"language-pair","canonical_unit":{"id":"ma2-lu-0076","type":"verb","headword":"zustimmen","persian_meaning":"موافقت کردن، تأیید کردن","core":{"present_3sg":"stimmt zu","preterite_3sg":"stimmte zu","perfect":"hat zugestimmt","auxiliary":"haben","reflexive":false,"separability":"separable"},"examples":[{"id":"ma2-lu-0076-ex-001","lang":"de-DE","text":"Ich stimme dir in dieser Sache völlig zu.","order":1,"translations":[{"lang":"fa-IR","text":"من در این مورد کاملاً با تو موافقم."},{"lang":"en-US","text":"I completely agree with you on this matter."}]}],"metadata":{"dataset_id":"menschen-a2","unit_order":76,"tags":["menschen-a2","a2"]},"provenance":{"sources":[{"source_id":"menschen_a2_user_screenshots","source_kind":"course","what_was_verified":["orthography","persian_gloss","morphology","example_attestation"],"verification_status":"verified","locator":"screenshot-3:row-17;source-order=76","accessed_at":"2026-09-02","evidence_note":"Authoritative user-supplied source row. Raw German bundle: zustimmen [+D], stimmt zu, stimmte zu, hat zugestimmt / bejahen"},{"source_id":"assistant_translation_review","source_kind":"other","what_was_verified":["persian_example_translation","english_example_translation"],"verification_status":"verified","accessed_at":"2026-09-02","evidence_note":"Production translation generated and sense-alignment reviewed against the German example and canonical Persian meaning; this is internal production evidence, not an external lexicon claim."}]},"details":{"grammar_notes":["Dativobjekt (Quellennotation)"]}},"present":"stimmt zu","preterite":"stimmte zu","perfect":"hat zugestimmt","participle_ii":"","auxiliary":"haben","reflexive":false,"is_reflexive":false,"is_separable":true,"rection":"","typingCore":"zustimmen","typingStandard":"zustimmen","typingTargetLang":"de-DE","typingTargetDir":"ltr","typingTargetLabel":"Wort"}	menschen-a2; a2		76
ma2-lu-0077	de-vocabulary	German	phrase	Menschen A2	A2			von jdm./etw. herkommen	از جایی یا چیزی سرچشمه گرفتن، اهل جایی بودن	Deutsch	فارسی	de-DE	fa-IR	front-core	[{"text":"Das kommt von etwas anderem her.","lang":"de-DE","role":"example","label":"ma2-lu-0077-ex-001","order":1},{"text":"That comes from something else.","lang":"en-US","role":"example","label":"translation:ma2-lu-0077-ex-001","order":2}]	[]	[]	[]	{"entry_type":"phrase","canonical_entry_type":"phrase","learning_unit_id":"ma2-lu-0077","semantic_identity":"ma2-lu-0077","german_learning_contract":"gfp-german-learning-content@1.0.0","semantic_contract":"gfp-german-language-content@3.1.3","source_profile_id":"menschen-a2@2.1.0","german_definition":"","english":"","direction_policy":"language-pair","canonical_unit":{"id":"ma2-lu-0077","type":"phrase","headword":"von jdm./etw. herkommen","persian_meaning":"از جایی یا چیزی سرچشمه گرفتن، اهل جایی بودن","core":{"structure":"von jdm./etw. herkommen"},"examples":[{"id":"ma2-lu-0077-ex-001","lang":"de-DE","text":"Das kommt von etwas anderem her.","order":1,"translations":[{"lang":"fa-IR","text":"این از چیز دیگری ناشی می‌شود."},{"lang":"en-US","text":"That comes from something else."}]}],"metadata":{"dataset_id":"menschen-a2","unit_order":77,"tags":["menschen-a2","a2"]},"provenance":{"sources":[{"source_id":"menschen_a2_user_screenshots","source_kind":"course","what_was_verified":["orthography","persian_gloss","example_attestation"],"verification_status":"verified","locator":"screenshot-3:row-18;source-order=77","accessed_at":"2026-09-02","evidence_note":"Authoritative user-supplied source row. Raw German bundle: von jdm./etw. herkommen"},{"source_id":"assistant_translation_review","source_kind":"other","what_was_verified":["persian_example_translation","english_example_translation"],"verification_status":"verified","accessed_at":"2026-09-02","evidence_note":"Production translation generated and sense-alignment reviewed against the German example and canonical Persian meaning; this is internal production evidence, not an external lexicon claim."}]}}}	menschen-a2; a2		77
ma2-lu-0078	de-vocabulary	German	verb	Menschen A2	A2			trainieren	تمرین کردن، ورزش کردن	Deutsch	فارسی	de-DE	fa-IR	front-core	[{"text":"Ich trainiere jeden Tag im Fitnessstudio.","lang":"de-DE","role":"example","label":"ma2-lu-0078-ex-001","order":1},{"text":"I train at the gym every day.","lang":"en-US","role":"example","label":"translation:ma2-lu-0078-ex-001","order":2}]	[]	[]	[{"title":"Formen","items":["Präsens (3. Sg.): trainiert","Präteritum: trainierte","Perfekt: hat trainiert","Hilfsverb: haben"]},{"title":"Grammar Notes","items":["Akkusativobjekt (Quellennotation)"]}]	{"entry_type":"verb","canonical_entry_type":"verb","learning_unit_id":"ma2-lu-0078","semantic_identity":"ma2-lu-0078","german_learning_contract":"gfp-german-learning-content@1.0.0","semantic_contract":"gfp-german-language-content@3.1.3","source_profile_id":"menschen-a2@2.1.0","german_definition":"","english":"","direction_policy":"language-pair","canonical_unit":{"id":"ma2-lu-0078","type":"verb","headword":"trainieren","persian_meaning":"تمرین کردن، ورزش کردن","core":{"present_3sg":"trainiert","preterite_3sg":"trainierte","perfect":"hat trainiert","auxiliary":"haben","reflexive":false,"separability":"non_prefixed"},"examples":[{"id":"ma2-lu-0078-ex-001","lang":"de-DE","text":"Ich trainiere jeden Tag im Fitnessstudio.","order":1,"translations":[{"lang":"fa-IR","text":"هر روز در باشگاه تمرین می‌کنم."},{"lang":"en-US","text":"I train at the gym every day."}]}],"metadata":{"dataset_id":"menschen-a2","unit_order":78,"tags":["menschen-a2","a2"]},"provenance":{"sources":[{"source_id":"menschen_a2_user_screenshots","source_kind":"course","what_was_verified":["orthography","persian_gloss","morphology","example_attestation"],"verification_status":"verified","locator":"screenshot-3:row-19;source-order=78","accessed_at":"2026-09-02","evidence_note":"Authoritative user-supplied source row. Raw German bundle: trainieren [+A], trainiert, trainierte, hat trainiert"},{"source_id":"assistant_translation_review","source_kind":"other","what_was_verified":["persian_example_translation","english_example_translation"],"verification_status":"verified","accessed_at":"2026-09-02","evidence_note":"Production translation generated and sense-alignment reviewed against the German example and canonical Persian meaning; this is internal production evidence, not an external lexicon claim."}]},"details":{"grammar_notes":["Akkusativobjekt (Quellennotation)"]}},"present":"trainiert","preterite":"trainierte","perfect":"hat trainiert","participle_ii":"","auxiliary":"haben","reflexive":false,"is_reflexive":false,"is_separable":false,"rection":"","typingCore":"trainieren","typingStandard":"trainieren","typingTargetLang":"de-DE","typingTargetDir":"ltr","typingTargetLabel":"Wort"}	menschen-a2; a2		78
ma2-lu-0079	de-vocabulary	German	verb	Menschen A2	A2			abnehmen	کم کردن، برداشتن، گرفتن از	Deutsch	فارسی	de-DE	fa-IR	front-core	[{"text":"Ich nehme dir die Tasche ab.","lang":"de-DE","role":"example","label":"ma2-lu-0079-ex-001","order":1},{"text":"I'll take the bag off your hands.","lang":"en-US","role":"example","label":"translation:ma2-lu-0079-ex-001","order":2}]	[]	[]	[{"title":"Formen","items":["Präsens (3. Sg.): nimmt ab","Präteritum: nahm ab","Perfekt: hat abgenommen","Hilfsverb: haben"]},{"title":"Grammar Notes","items":["Dativ- und Akkusativobjekt (Quellennotation)"]}]	{"entry_type":"verb","canonical_entry_type":"verb","learning_unit_id":"ma2-lu-0079","semantic_identity":"ma2-lu-0079","german_learning_contract":"gfp-german-learning-content@1.0.0","semantic_contract":"gfp-german-language-content@3.1.3","source_profile_id":"menschen-a2@2.1.0","german_definition":"","english":"","direction_policy":"language-pair","canonical_unit":{"id":"ma2-lu-0079","type":"verb","headword":"abnehmen","persian_meaning":"کم کردن، برداشتن، گرفتن از","core":{"present_3sg":"nimmt ab","preterite_3sg":"nahm ab","perfect":"hat abgenommen","auxiliary":"haben","reflexive":false,"separability":"separable"},"examples":[{"id":"ma2-lu-0079-ex-001","lang":"de-DE","text":"Ich nehme dir die Tasche ab.","order":1,"translations":[{"lang":"fa-IR","text":"کیف را از دستت می‌گیرم."},{"lang":"en-US","text":"I'll take the bag off your hands."}]}],"metadata":{"dataset_id":"menschen-a2","unit_order":79,"tags":["menschen-a2","a2"]},"provenance":{"sources":[{"source_id":"menschen_a2_user_screenshots","source_kind":"course","what_was_verified":["orthography","persian_gloss","morphology","example_attestation"],"verification_status":"verified","locator":"screenshot-3:row-20;source-order=79","accessed_at":"2026-09-02","evidence_note":"Authoritative user-supplied source row. Raw German bundle: abnehmen [+D+A], nimmt ab, nahm ab, hat abgenommen"},{"source_id":"assistant_translation_review","source_kind":"other","what_was_verified":["persian_example_translation","english_example_translation"],"verification_status":"verified","accessed_at":"2026-09-02","evidence_note":"Production translation generated and sense-alignment reviewed against the German example and canonical Persian meaning; this is internal production evidence, not an external lexicon claim."}]},"details":{"grammar_notes":["Dativ- und Akkusativobjekt (Quellennotation)"]}},"present":"nimmt ab","preterite":"nahm ab","perfect":"hat abgenommen","participle_ii":"","auxiliary":"haben","reflexive":false,"is_reflexive":false,"is_separable":true,"rection":"","typingCore":"abnehmen","typingStandard":"abnehmen","typingTargetLang":"de-DE","typingTargetDir":"ltr","typingTargetLabel":"Wort"}	menschen-a2; a2		79
ma2-lu-0080	de-vocabulary	German	verb	Menschen A2	A2			sich ausruhen	استراحت کردن	Deutsch	فارسی	de-DE	fa-IR	front-core	[{"text":"Hast du dich gut ausgeruht? Ruh dich ein bisschen aus!","lang":"de-DE","role":"example","label":"ma2-lu-0080-ex-001","order":1},{"text":"Did you get a good rest? Rest a little!","lang":"en-US","role":"example","label":"translation:ma2-lu-0080-ex-001","order":2}]	[]	[]	[{"title":"Formen","items":["Präsens (3. Sg.): ruht sich aus","Präteritum: ruhte sich aus","Perfekt: hat sich ausgeruht","Hilfsverb: haben"]},{"title":"Grammar Notes","items":["Akkusativobjekt (Quellennotation)"]}]	{"entry_type":"verb","canonical_entry_type":"verb","learning_unit_id":"ma2-lu-0080","semantic_identity":"ma2-lu-0080","german_learning_contract":"gfp-german-learning-content@1.0.0","semantic_contract":"gfp-german-language-content@3.1.3","source_profile_id":"menschen-a2@2.1.0","german_definition":"","english":"","direction_policy":"language-pair","canonical_unit":{"id":"ma2-lu-0080","type":"verb","headword":"sich ausruhen","persian_meaning":"استراحت کردن","core":{"present_3sg":"ruht sich aus","preterite_3sg":"ruhte sich aus","perfect":"hat sich ausgeruht","auxiliary":"haben","reflexive":true,"separability":"separable"},"examples":[{"id":"ma2-lu-0080-ex-001","lang":"de-DE","text":"Hast du dich gut ausgeruht? Ruh dich ein bisschen aus!","order":1,"translations":[{"lang":"fa-IR","text":"خوب استراحت کردی؟ کمی استراحت کن!"},{"lang":"en-US","text":"Did you get a good rest? Rest a little!"}]}],"metadata":{"dataset_id":"menschen-a2","unit_order":80,"tags":["menschen-a2","a2"]},"provenance":{"sources":[{"source_id":"menschen_a2_user_screenshots","source_kind":"course","what_was_verified":["orthography","persian_gloss","morphology","example_attestation"],"verification_status":"verified","locator":"screenshot-3:row-21;source-order=80","accessed_at":"2026-09-02","evidence_note":"Authoritative user-supplied source row. Raw German bundle: sich ausruhen [+A], ruhte sich aus, hat sich ausgeruht"},{"source_id":"assistant_translation_review","source_kind":"other","what_was_verified":["persian_example_translation","english_example_translation"],"verification_status":"verified","accessed_at":"2026-09-02","evidence_note":"Production translation generated and sense-alignment reviewed against the German example and canonical Persian meaning; this is internal production evidence, not an external lexicon claim."}]},"details":{"grammar_notes":["Akkusativobjekt (Quellennotation)"]}},"present":"ruht sich aus","preterite":"ruhte sich aus","perfect":"hat sich ausgeruht","participle_ii":"","auxiliary":"haben","reflexive":true,"is_reflexive":true,"is_separable":true,"rection":"","typingCore":"sich ausruhen","typingStandard":"sich ausruhen","typingTargetLang":"de-DE","typingTargetDir":"ltr","typingTargetLabel":"Wort"}	menschen-a2; a2		80
ma2-lu-0081	de-vocabulary	German	verb	Menschen A2	A2			wiegen	وزن کردن، وزن داشتن	Deutsch	فارسی	de-DE	fa-IR	front-core	[{"text":"Wie viel wiegst du?","lang":"de-DE","role":"example","label":"ma2-lu-0081-ex-001","order":1},{"text":"How much do you weigh?","lang":"en-US","role":"example","label":"translation:ma2-lu-0081-ex-001","order":2}]	[]	[]	[{"title":"Formen","items":["Präsens (3. Sg.): wiegt","Präteritum: wog","Perfekt: hat gewogen","Hilfsverb: haben"]},{"title":"Grammar Notes","items":["Akkusativobjekt (Quellennotation)"]}]	{"entry_type":"verb","canonical_entry_type":"verb","learning_unit_id":"ma2-lu-0081","semantic_identity":"ma2-lu-0081","german_learning_contract":"gfp-german-learning-content@1.0.0","semantic_contract":"gfp-german-language-content@3.1.3","source_profile_id":"menschen-a2@2.1.0","german_definition":"","english":"","direction_policy":"language-pair","canonical_unit":{"id":"ma2-lu-0081","type":"verb","headword":"wiegen","persian_meaning":"وزن کردن، وزن داشتن","core":{"present_3sg":"wiegt","preterite_3sg":"wog","perfect":"hat gewogen","auxiliary":"haben","reflexive":false,"separability":"non_prefixed"},"examples":[{"id":"ma2-lu-0081-ex-001","lang":"de-DE","text":"Wie viel wiegst du?","order":1,"translations":[{"lang":"fa-IR","text":"وزنت چقدر است؟"},{"lang":"en-US","text":"How much do you weigh?"}]}],"metadata":{"dataset_id":"menschen-a2","unit_order":81,"tags":["menschen-a2","a2"]},"provenance":{"sources":[{"source_id":"menschen_a2_user_screenshots","source_kind":"course","what_was_verified":["orthography","persian_gloss","morphology","example_attestation"],"verification_status":"verified","locator":"screenshot-3:row-22;source-order=81","accessed_at":"2026-09-02","evidence_note":"Authoritative user-supplied source row. Raw German bundle: wiegen [+A], wiegt, wog, hat gewogen / abwiegen"},{"source_id":"assistant_translation_review","source_kind":"other","what_was_verified":["persian_example_translation","english_example_translation"],"verification_status":"verified","accessed_at":"2026-09-02","evidence_note":"Production translation generated and sense-alignment reviewed against the German example and canonical Persian meaning; this is internal production evidence, not an external lexicon claim."}]},"details":{"grammar_notes":["Akkusativobjekt (Quellennotation)"]}},"present":"wiegt","preterite":"wog","perfect":"hat gewogen","participle_ii":"","auxiliary":"haben","reflexive":false,"is_reflexive":false,"is_separable":false,"rection":"","typingCore":"wiegen","typingStandard":"wiegen","typingTargetLang":"de-DE","typingTargetDir":"ltr","typingTargetLabel":"Wort"}	menschen-a2; a2		81
ma2-lu-0082	de-vocabulary	German	verb	Menschen A2	A2			sich wiegen	خود را وزن کردن	Deutsch	فارسی	de-DE	fa-IR	front-core	[{"text":"Ich wiege mich jeden Morgen","lang":"de-DE","role":"example","label":"ma2-lu-0082-ex-001","order":1},{"text":"I weigh myself every morning.","lang":"en-US","role":"example","label":"translation:ma2-lu-0082-ex-001","order":2}]	[]	[]	[{"title":"Formen","items":["Präsens (3. Sg.): wiegt sich","Präteritum: wog sich","Perfekt: hat sich gewogen","Hilfsverb: haben"]},{"title":"Grammar Notes","items":["Akkusativobjekt (Quellennotation)"]}]	{"entry_type":"verb","canonical_entry_type":"verb","learning_unit_id":"ma2-lu-0082","semantic_identity":"ma2-lu-0082","german_learning_contract":"gfp-german-learning-content@1.0.0","semantic_contract":"gfp-german-language-content@3.1.3","source_profile_id":"menschen-a2@2.1.0","german_definition":"","english":"","direction_policy":"language-pair","canonical_unit":{"id":"ma2-lu-0082","type":"verb","headword":"sich wiegen","persian_meaning":"خود را وزن کردن","core":{"present_3sg":"wiegt sich","preterite_3sg":"wog sich","perfect":"hat sich gewogen","auxiliary":"haben","reflexive":true,"separability":"non_prefixed"},"examples":[{"id":"ma2-lu-0082-ex-001","lang":"de-DE","text":"Ich wiege mich jeden Morgen","order":1,"translations":[{"lang":"fa-IR","text":"هر صبح خودم را وزن می‌کنم."},{"lang":"en-US","text":"I weigh myself every morning."}]}],"metadata":{"dataset_id":"menschen-a2","unit_order":82,"tags":["menschen-a2","a2"]},"provenance":{"sources":[{"source_id":"menschen_a2_user_screenshots","source_kind":"course","what_was_verified":["orthography","persian_gloss","morphology","example_attestation"],"verification_status":"verified","locator":"screenshot-3:row-23;source-order=82","accessed_at":"2026-09-02","evidence_note":"Authoritative user-supplied source row. Raw German bundle: sich wiegen [+A], wog sich, hat sich gewogen / sein Gewicht messen / auf die Waage gehen"},{"source_id":"assistant_translation_review","source_kind":"other","what_was_verified":["persian_example_translation","english_example_translation"],"verification_status":"verified","accessed_at":"2026-09-02","evidence_note":"Production translation generated and sense-alignment reviewed against the German example and canonical Persian meaning; this is internal production evidence, not an external lexicon claim."}]},"details":{"grammar_notes":["Akkusativobjekt (Quellennotation)"]}},"present":"wiegt sich","preterite":"wog sich","perfect":"hat sich gewogen","participle_ii":"","auxiliary":"haben","reflexive":true,"is_reflexive":true,"is_separable":false,"rection":"","typingCore":"sich wiegen","typingStandard":"sich wiegen","typingTargetLang":"de-DE","typingTargetDir":"ltr","typingTargetLabel":"Wort"}	menschen-a2; a2		82
ma2-lu-0083	de-vocabulary	German	verb	Menschen A2	A2			empfehlen	توصیه یا پیشنهاد کردن	Deutsch	فارسی	de-DE	fa-IR	front-core	[{"text":"Können Sie mir einen guten Arzt empfehlen?","lang":"de-DE","role":"example","label":"ma2-lu-0083-ex-001","order":1},{"text":"Can you recommend a good doctor to me?","lang":"en-US","role":"example","label":"translation:ma2-lu-0083-ex-001","order":2}]	[]	[]	[{"title":"Formen","items":["Präsens (3. Sg.): empfiehlt","Präteritum: empfahl","Perfekt: hat empfohlen","Hilfsverb: haben"]},{"title":"Grammar Notes","items":["Dativ- und Akkusativobjekt (Quellennotation)"]}]	{"entry_type":"verb","canonical_entry_type":"verb","learning_unit_id":"ma2-lu-0083","semantic_identity":"ma2-lu-0083","german_learning_contract":"gfp-german-learning-content@1.0.0","semantic_contract":"gfp-german-language-content@3.1.3","source_profile_id":"menschen-a2@2.1.0","german_definition":"","english":"","direction_policy":"language-pair","canonical_unit":{"id":"ma2-lu-0083","type":"verb","headword":"empfehlen","persian_meaning":"توصیه یا پیشنهاد کردن","core":{"present_3sg":"empfiehlt","preterite_3sg":"empfahl","perfect":"hat empfohlen","auxiliary":"haben","reflexive":false,"separability":"inseparable"},"examples":[{"id":"ma2-lu-0083-ex-001","lang":"de-DE","text":"Können Sie mir einen guten Arzt empfehlen?","order":1,"translations":[{"lang":"fa-IR","text":"می‌توانید یک پزشک خوب به من معرفی کنید؟"},{"lang":"en-US","text":"Can you recommend a good doctor to me?"}]}],"metadata":{"dataset_id":"menschen-a2","unit_order":83,"tags":["menschen-a2","a2"]},"provenance":{"sources":[{"source_id":"menschen_a2_user_screenshots","source_kind":"course","what_was_verified":["orthography","persian_gloss","morphology","example_attestation"],"verification_status":"verified","locator":"screenshot-3:row-24;source-order=83","accessed_at":"2026-09-02","evidence_note":"Authoritative user-supplied source row. Raw German bundle: empfehlen [+D+A], empfiehlt, empfahl, hat empfohlen"},{"source_id":"assistant_translation_review","source_kind":"other","what_was_verified":["persian_example_translation","english_example_translation"],"verification_status":"verified","accessed_at":"2026-09-02","evidence_note":"Production translation generated and sense-alignment reviewed against the German example and canonical Persian meaning; this is internal production evidence, not an external lexicon claim."}]},"details":{"grammar_notes":["Dativ- und Akkusativobjekt (Quellennotation)"]}},"present":"empfiehlt","preterite":"empfahl","perfect":"hat empfohlen","participle_ii":"","auxiliary":"haben","reflexive":false,"is_reflexive":false,"is_separable":false,"rection":"","typingCore":"empfehlen","typingStandard":"empfehlen","typingTargetLang":"de-DE","typingTargetDir":"ltr","typingTargetLabel":"Wort"}	menschen-a2; a2		83
ma2-lu-0084	de-vocabulary	German	verb	Menschen A2	A2			sich empfehlen	خداحافظی کردن، مرخص شدن	Deutsch	فارسی	de-DE	fa-IR	front-core	[{"text":"Er empfahl sich bald.","lang":"de-DE","role":"example","label":"ma2-lu-0084-ex-001","order":1},{"text":"He took his leave soon afterward.","lang":"en-US","role":"example","label":"translation:ma2-lu-0084-ex-001","order":2}]	[]	[]	[{"title":"Formen","items":["Präsens (3. Sg.): empfiehlt sich","Präteritum: empfahl sich","Perfekt: hat sich empfohlen","Hilfsverb: haben"]}]	{"entry_type":"verb","canonical_entry_type":"verb","learning_unit_id":"ma2-lu-0084","semantic_identity":"ma2-lu-0084","german_learning_contract":"gfp-german-learning-content@1.0.0","semantic_contract":"gfp-german-language-content@3.1.3","source_profile_id":"menschen-a2@2.1.0","german_definition":"","english":"","direction_policy":"language-pair","canonical_unit":{"id":"ma2-lu-0084","type":"verb","headword":"sich empfehlen","persian_meaning":"خداحافظی کردن، مرخص شدن","core":{"present_3sg":"empfiehlt sich","preterite_3sg":"empfahl sich","perfect":"hat sich empfohlen","auxiliary":"haben","reflexive":true,"separability":"inseparable"},"examples":[{"id":"ma2-lu-0084-ex-001","lang":"de-DE","text":"Er empfahl sich bald.","order":1,"translations":[{"lang":"fa-IR","text":"او کمی بعد خداحافظی کرد و رفت."},{"lang":"en-US","text":"He took his leave soon afterward."}]}],"metadata":{"dataset_id":"menschen-a2","unit_order":84,"tags":["menschen-a2","a2"]},"provenance":{"sources":[{"source_id":"menschen_a2_user_screenshots","source_kind":"course","what_was_verified":["orthography","persian_gloss","morphology","example_attestation"],"verification_status":"verified","locator":"screenshot-3:row-25;source-order=84","accessed_at":"2026-09-02","evidence_note":"Authoritative user-supplied source row. Raw German bundle: sich empfehlen, empfahl sich, hat sich empfohlen"},{"source_id":"assistant_translation_review","source_kind":"other","what_was_verified":["persian_example_translation","english_example_translation"],"verification_status":"verified","accessed_at":"2026-09-02","evidence_note":"Production translation generated and sense-alignment reviewed against the German example and canonical Persian meaning; this is internal production evidence, not an external lexicon claim."}]}},"present":"empfiehlt sich","preterite":"empfahl sich","perfect":"hat sich empfohlen","participle_ii":"","auxiliary":"haben","reflexive":true,"is_reflexive":true,"is_separable":false,"rection":"","typingCore":"sich empfehlen","typingStandard":"sich empfehlen","typingTargetLang":"de-DE","typingTargetDir":"ltr","typingTargetLabel":"Wort"}	menschen-a2; a2		84
ma2-lu-0085	de-vocabulary	German	verb	Menschen A2	A2			leihen	قرض دادن	Deutsch	فارسی	de-DE	fa-IR	front-core	[{"text":"Kannst du mir einen Regenschirm leihen?","lang":"de-DE","role":"example","label":"ma2-lu-0085-ex-001","order":1},{"text":"Can you lend me an umbrella?","lang":"en-US","role":"example","label":"translation:ma2-lu-0085-ex-001","order":2}]	[]	[]	[{"title":"Formen","items":["Präsens (3. Sg.): leiht","Präteritum: lieh","Perfekt: hat geliehen","Hilfsverb: haben"]},{"title":"Grammar Notes","items":["Dativ- und Akkusativobjekt (Quellennotation)"]}]	{"entry_type":"verb","canonical_entry_type":"verb","learning_unit_id":"ma2-lu-0085","semantic_identity":"ma2-lu-0085","german_learning_contract":"gfp-german-learning-content@1.0.0","semantic_contract":"gfp-german-language-content@3.1.3","source_profile_id":"menschen-a2@2.1.0","german_definition":"","english":"","direction_policy":"language-pair","canonical_unit":{"id":"ma2-lu-0085","type":"verb","headword":"leihen","persian_meaning":"قرض دادن","core":{"present_3sg":"leiht","preterite_3sg":"lieh","perfect":"hat geliehen","auxiliary":"haben","reflexive":false,"separability":"non_prefixed"},"examples":[{"id":"ma2-lu-0085-ex-001","lang":"de-DE","text":"Kannst du mir einen Regenschirm leihen?","order":1,"translations":[{"lang":"fa-IR","text":"می‌توانی یک چتر به من قرض بدهی؟"},{"lang":"en-US","text":"Can you lend me an umbrella?"}]}],"metadata":{"dataset_id":"menschen-a2","unit_order":85,"tags":["menschen-a2","a2"]},"provenance":{"sources":[{"source_id":"menschen_a2_user_screenshots","source_kind":"course","what_was_verified":["orthography","persian_gloss","morphology","example_attestation"],"verification_status":"verified","locator":"screenshot-3:row-26;source-order=85","accessed_at":"2026-09-02","evidence_note":"Authoritative user-supplied source row. Raw German bundle: leihen [+D+A], leiht, lieh, hat geliehen / borgen"},{"source_id":"assistant_translation_review","source_kind":"other","what_was_verified":["persian_example_translation","english_example_translation"],"verification_status":"verified","accessed_at":"2026-09-02","evidence_note":"Production translation generated and sense-alignment reviewed against the German example and canonical Persian meaning; this is internal production evidence, not an external lexicon claim."}]},"details":{"grammar_notes":["Dativ- und Akkusativobjekt (Quellennotation)"]}},"present":"leiht","preterite":"lieh","perfect":"hat geliehen","participle_ii":"","auxiliary":"haben","reflexive":false,"is_reflexive":false,"is_separable":false,"rection":"","typingCore":"leihen","typingStandard":"leihen","typingTargetLang":"de-DE","typingTargetDir":"ltr","typingTargetLabel":"Wort"}	menschen-a2; a2		85
ma2-lu-0086	de-vocabulary	German	verb	Menschen A2	A2			teilnehmen	در چیزی شرکت کردن	Deutsch	فارسی	de-DE	fa-IR	front-core	[{"text":"Wir werden an der Messe teilnehmen.","lang":"de-DE","role":"example","label":"ma2-lu-0086-ex-001","order":1},{"text":"We will take part in the trade fair.","lang":"en-US","role":"example","label":"translation:ma2-lu-0086-ex-001","order":2}]	[]	[]	[{"title":"Formen","items":["Präsens (3. Sg.): nimmt teil","Präteritum: nahm teil","Perfekt: hat teilgenommen","Hilfsverb: haben"]}]	{"entry_type":"verb","canonical_entry_type":"verb","learning_unit_id":"ma2-lu-0086","semantic_identity":"ma2-lu-0086","german_learning_contract":"gfp-german-learning-content@1.0.0","semantic_contract":"gfp-german-language-content@3.1.3","source_profile_id":"menschen-a2@2.1.0","german_definition":"","english":"","direction_policy":"language-pair","canonical_unit":{"id":"ma2-lu-0086","type":"verb","headword":"teilnehmen","persian_meaning":"در چیزی شرکت کردن","core":{"present_3sg":"nimmt teil","preterite_3sg":"nahm teil","perfect":"hat teilgenommen","auxiliary":"haben","reflexive":false,"separability":"non_prefixed"},"examples":[{"id":"ma2-lu-0086-ex-001","lang":"de-DE","text":"Wir werden an der Messe teilnehmen.","order":1,"translations":[{"lang":"fa-IR","text":"ما در نمایشگاه شرکت خواهیم کرد."},{"lang":"en-US","text":"We will take part in the trade fair."}]}],"metadata":{"dataset_id":"menschen-a2","unit_order":86,"tags":["menschen-a2","a2"]},"provenance":{"sources":[{"source_id":"menschen_a2_user_screenshots","source_kind":"course","what_was_verified":["orthography","persian_gloss","morphology","example_attestation"],"verification_status":"verified","locator":"screenshot-3:row-27;source-order=86","accessed_at":"2026-09-02","evidence_note":"Authoritative user-supplied source row. Raw German bundle: teilnehmen an etw. (Dat.), nimmt teil, nahm teil, hat teilgenommen"},{"source_id":"assistant_translation_review","source_kind":"other","what_was_verified":["persian_example_translation","english_example_translation"],"verification_status":"verified","accessed_at":"2026-09-02","evidence_note":"Production translation generated and sense-alignment reviewed against the German example and canonical Persian meaning; this is internal production evidence, not an external lexicon claim."}]}},"present":"nimmt teil","preterite":"nahm teil","perfect":"hat teilgenommen","participle_ii":"","auxiliary":"haben","reflexive":false,"is_reflexive":false,"is_separable":false,"rection":"","typingCore":"teilnehmen","typingStandard":"teilnehmen","typingTargetLang":"de-DE","typingTargetDir":"ltr","typingTargetLabel":"Wort"}	menschen-a2; a2		86
ma2-lu-0087	de-vocabulary	German	phrase	Menschen A2	A2			an etw. (Dat.) teilnehmen	در چیزی شرکت کردن	Deutsch	فارسی	de-DE	fa-IR	front-core	[{"text":"An einer Prüfung teilnehmen","lang":"de-DE","role":"example","label":"ma2-lu-0087-ex-001","order":1},{"text":"to take part in an exam","lang":"en-US","role":"example","label":"translation:ma2-lu-0087-ex-001","order":2}]	[]	[]	[]	{"entry_type":"phrase","canonical_entry_type":"phrase","learning_unit_id":"ma2-lu-0087","semantic_identity":"ma2-lu-0087","german_learning_contract":"gfp-german-learning-content@1.0.0","semantic_contract":"gfp-german-language-content@3.1.3","source_profile_id":"menschen-a2@2.1.0","german_definition":"","english":"","direction_policy":"language-pair","canonical_unit":{"id":"ma2-lu-0087","type":"phrase","headword":"an etw. (Dat.) teilnehmen","persian_meaning":"در چیزی شرکت کردن","core":{"structure":"an etw. (Dat.) teilnehmen"},"examples":[{"id":"ma2-lu-0087-ex-001","lang":"de-DE","text":"An einer Prüfung teilnehmen","order":1,"translations":[{"lang":"fa-IR","text":"در یک امتحان شرکت کردن"},{"lang":"en-US","text":"to take part in an exam"}]}],"metadata":{"dataset_id":"menschen-a2","unit_order":87,"tags":["menschen-a2","a2"]},"provenance":{"sources":[{"source_id":"menschen_a2_user_screenshots","source_kind":"course","what_was_verified":["orthography","persian_gloss","example_attestation"],"verification_status":"verified","locator":"screenshot-3:row-28;source-order=87","accessed_at":"2026-09-02","evidence_note":"Authoritative user-supplied source row. Raw German bundle: an etw.Dat. teilnehmen"},{"source_id":"assistant_translation_review","source_kind":"other","what_was_verified":["persian_example_translation","english_example_translation"],"verification_status":"verified","accessed_at":"2026-09-02","evidence_note":"Production translation generated and sense-alignment reviewed against the German example and canonical Persian meaning; this is internal production evidence, not an external lexicon claim."}]}}}	menschen-a2; a2		87
ma2-lu-0088	de-vocabulary	German	verb	Menschen A2	A2			erstellen	تهیه یا ایجاد کردن	Deutsch	فارسی	de-DE	fa-IR	front-core	[{"text":"Einen Plan / einen Bericht / eine Liste erstellen","lang":"de-DE","role":"example","label":"ma2-lu-0088-ex-001","order":1},{"text":"to create a plan / a report / a list","lang":"en-US","role":"example","label":"translation:ma2-lu-0088-ex-001","order":2}]	[]	[]	[{"title":"Formen","items":["Präsens (3. Sg.): erstellt","Präteritum: erstellte","Perfekt: hat erstellt","Hilfsverb: haben"]},{"title":"Grammar Notes","items":["Akkusativobjekt (Quellennotation)"]}]	{"entry_type":"verb","canonical_entry_type":"verb","learning_unit_id":"ma2-lu-0088","semantic_identity":"ma2-lu-0088","german_learning_contract":"gfp-german-learning-content@1.0.0","semantic_contract":"gfp-german-language-content@3.1.3","source_profile_id":"menschen-a2@2.1.0","german_definition":"","english":"","direction_policy":"language-pair","canonical_unit":{"id":"ma2-lu-0088","type":"verb","headword":"erstellen","persian_meaning":"تهیه یا ایجاد کردن","core":{"present_3sg":"erstellt","preterite_3sg":"erstellte","perfect":"hat erstellt","auxiliary":"haben","reflexive":false,"separability":"inseparable"},"examples":[{"id":"ma2-lu-0088-ex-001","lang":"de-DE","text":"Einen Plan / einen Bericht / eine Liste erstellen","order":1,"translations":[{"lang":"fa-IR","text":"یک برنامه / گزارش / فهرست تهیه کردن"},{"lang":"en-US","text":"to create a plan / a report / a list"}]}],"metadata":{"dataset_id":"menschen-a2","unit_order":88,"tags":["menschen-a2","a2"]},"provenance":{"sources":[{"source_id":"menschen_a2_user_screenshots","source_kind":"course","what_was_verified":["orthography","persian_gloss","morphology","example_attestation"],"verification_status":"verified","locator":"screenshot-3:row-29;source-order=88","accessed_at":"2026-09-02","evidence_note":"Authoritative user-supplied source row. Raw German bundle: erstellen [+A], erstellt, erstellte, hat erstellt / anfertigen / anlegen"},{"source_id":"assistant_translation_review","source_kind":"other","what_was_verified":["persian_example_translation","english_example_translation"],"verification_status":"verified","accessed_at":"2026-09-02","evidence_note":"Production translation generated and sense-alignment reviewed against the German example and canonical Persian meaning; this is internal production evidence, not an external lexicon claim."}]},"details":{"grammar_notes":["Akkusativobjekt (Quellennotation)"]}},"present":"erstellt","preterite":"erstellte","perfect":"hat erstellt","participle_ii":"","auxiliary":"haben","reflexive":false,"is_reflexive":false,"is_separable":false,"rection":"","typingCore":"erstellen","typingStandard":"erstellen","typingTargetLang":"de-DE","typingTargetDir":"ltr","typingTargetLabel":"Wort"}	menschen-a2; a2		88
ma2-lu-0089	de-vocabulary	German	verb	Menschen A2	A2			verlieren	گم کردن، از دست دادن، باختن	Deutsch	فارسی	de-DE	fa-IR	front-core	[{"text":"Sie verliert immer ihren Schlüssel","lang":"de-DE","role":"example","label":"ma2-lu-0089-ex-001","order":1},{"text":"She is always losing her key.","lang":"en-US","role":"example","label":"translation:ma2-lu-0089-ex-001","order":2}]	[]	[]	[{"title":"Formen","items":["Präsens (3. Sg.): verliert","Präteritum: verlor","Perfekt: hat verloren","Hilfsverb: haben"]},{"title":"Grammar Notes","items":["Akkusativobjekt (Quellennotation)"]}]	{"entry_type":"verb","canonical_entry_type":"verb","learning_unit_id":"ma2-lu-0089","semantic_identity":"ma2-lu-0089","german_learning_contract":"gfp-german-learning-content@1.0.0","semantic_contract":"gfp-german-language-content@3.1.3","source_profile_id":"menschen-a2@2.1.0","german_definition":"","english":"","direction_policy":"language-pair","canonical_unit":{"id":"ma2-lu-0089","type":"verb","headword":"verlieren","persian_meaning":"گم کردن، از دست دادن، باختن","core":{"present_3sg":"verliert","preterite_3sg":"verlor","perfect":"hat verloren","auxiliary":"haben","reflexive":false,"separability":"inseparable"},"examples":[{"id":"ma2-lu-0089-ex-001","lang":"de-DE","text":"Sie verliert immer ihren Schlüssel","order":1,"translations":[{"lang":"fa-IR","text":"او همیشه کلیدش را گم می‌کند."},{"lang":"en-US","text":"She is always losing her key."}]}],"metadata":{"dataset_id":"menschen-a2","unit_order":89,"tags":["menschen-a2","a2"]},"provenance":{"sources":[{"source_id":"menschen_a2_user_screenshots","source_kind":"course","what_was_verified":["orthography","persian_gloss","morphology","example_attestation"],"verification_status":"verified","locator":"screenshot-3:row-30;source-order=89","accessed_at":"2026-09-02","evidence_note":"Authoritative user-supplied source row. Raw German bundle: verlieren [+A], verliert, verlor, hat verloren / einbüßen"},{"source_id":"assistant_translation_review","source_kind":"other","what_was_verified":["persian_example_translation","english_example_translation"],"verification_status":"verified","accessed_at":"2026-09-02","evidence_note":"Production translation generated and sense-alignment reviewed against the German example and canonical Persian meaning; this is internal production evidence, not an external lexicon claim."}]},"details":{"grammar_notes":["Akkusativobjekt (Quellennotation)"]}},"present":"verliert","preterite":"verlor","perfect":"hat verloren","participle_ii":"","auxiliary":"haben","reflexive":false,"is_reflexive":false,"is_separable":false,"rection":"","typingCore":"verlieren","typingStandard":"verlieren","typingTargetLang":"de-DE","typingTargetDir":"ltr","typingTargetLabel":"Wort"}	menschen-a2; a2		89
ma2-lu-0090	de-vocabulary	German	verb	Menschen A2	A2			sich verlieren	گم شدن، محو شدن، راه را گم کردن	Deutsch	فارسی	de-DE	fa-IR	front-core	[{"text":"Der Weg verliert sich im Nebel.","lang":"de-DE","role":"example","label":"ma2-lu-0090-ex-001","order":1},{"text":"The path disappears into the fog.","lang":"en-US","role":"example","label":"translation:ma2-lu-0090-ex-001","order":2}]	[]	[]	[{"title":"Formen","items":["Präsens (3. Sg.): verliert sich","Präteritum: verlor sich","Perfekt: hat sich verloren","Hilfsverb: haben"]},{"title":"Grammar Notes","items":["Akkusativobjekt (Quellennotation)"]}]	{"entry_type":"verb","canonical_entry_type":"verb","learning_unit_id":"ma2-lu-0090","semantic_identity":"ma2-lu-0090","german_learning_contract":"gfp-german-learning-content@1.0.0","semantic_contract":"gfp-german-language-content@3.1.3","source_profile_id":"menschen-a2@2.1.0","german_definition":"","english":"","direction_policy":"language-pair","canonical_unit":{"id":"ma2-lu-0090","type":"verb","headword":"sich verlieren","persian_meaning":"گم شدن، محو شدن، راه را گم کردن","core":{"present_3sg":"verliert sich","preterite_3sg":"verlor sich","perfect":"hat sich verloren","auxiliary":"haben","reflexive":true,"separability":"inseparable"},"examples":[{"id":"ma2-lu-0090-ex-001","lang":"de-DE","text":"Der Weg verliert sich im Nebel.","order":1,"translations":[{"lang":"fa-IR","text":"راه در مه محو می‌شود."},{"lang":"en-US","text":"The path disappears into the fog."}]}],"metadata":{"dataset_id":"menschen-a2","unit_order":90,"tags":["menschen-a2","a2"]},"provenance":{"sources":[{"source_id":"menschen_a2_user_screenshots","source_kind":"course","what_was_verified":["orthography","persian_gloss","morphology","example_attestation"],"verification_status":"verified","locator":"screenshot-4:row-1;source-order=90","accessed_at":"2026-09-02","evidence_note":"Authoritative user-supplied source row. Raw German bundle: sich verlieren [+A], verlor sich, hat sich verloren / verschwinden / verirren"},{"source_id":"assistant_translation_review","source_kind":"other","what_was_verified":["persian_example_translation","english_example_translation"],"verification_status":"verified","accessed_at":"2026-09-02","evidence_note":"Production translation generated and sense-alignment reviewed against the German example and canonical Persian meaning; this is internal production evidence, not an external lexicon claim."}]},"details":{"grammar_notes":["Akkusativobjekt (Quellennotation)"]}},"present":"verliert sich","preterite":"verlor sich","perfect":"hat sich verloren","participle_ii":"","auxiliary":"haben","reflexive":true,"is_reflexive":true,"is_separable":false,"rection":"","typingCore":"sich verlieren","typingStandard":"sich verlieren","typingTargetLang":"de-DE","typingTargetDir":"ltr","typingTargetLabel":"Wort"}	menschen-a2; a2		90
ma2-lu-0091	de-vocabulary	German	verb	Menschen A2	A2			sich vornehmen	تصمیم گرفتن، قصد کردن	Deutsch	فارسی	de-DE	fa-IR	front-core	[{"text":"Er hat sich vorgenommen, nicht mehr zu rauchen","lang":"de-DE","role":"example","label":"ma2-lu-0091-ex-001","order":1},{"text":"He has decided not to smoke anymore.","lang":"en-US","role":"example","label":"translation:ma2-lu-0091-ex-001","order":2}]	[]	[]	[{"title":"Formen","items":["Präsens (3. Sg.): nimmt sich vor","Präteritum: nahm sich vor","Perfekt: hat sich vorgenommen","Hilfsverb: haben"]},{"title":"Grammar Notes","items":["Dativobjekt (Quellennotation)"]}]	{"entry_type":"verb","canonical_entry_type":"verb","learning_unit_id":"ma2-lu-0091","semantic_identity":"ma2-lu-0091","german_learning_contract":"gfp-german-learning-content@1.0.0","semantic_contract":"gfp-german-language-content@3.1.3","source_profile_id":"menschen-a2@2.1.0","german_definition":"","english":"","direction_policy":"language-pair","canonical_unit":{"id":"ma2-lu-0091","type":"verb","headword":"sich vornehmen","persian_meaning":"تصمیم گرفتن، قصد کردن","core":{"present_3sg":"nimmt sich vor","preterite_3sg":"nahm sich vor","perfect":"hat sich vorgenommen","auxiliary":"haben","reflexive":true,"separability":"separable"},"examples":[{"id":"ma2-lu-0091-ex-001","lang":"de-DE","text":"Er hat sich vorgenommen, nicht mehr zu rauchen","order":1,"translations":[{"lang":"fa-IR","text":"او تصمیم گرفته دیگر سیگار نکشد."},{"lang":"en-US","text":"He has decided not to smoke anymore."}]}],"metadata":{"dataset_id":"menschen-a2","unit_order":91,"tags":["menschen-a2","a2"]},"provenance":{"sources":[{"source_id":"menschen_a2_user_screenshots","source_kind":"course","what_was_verified":["orthography","persian_gloss","morphology","example_attestation"],"verification_status":"verified","locator":"screenshot-4:row-2;source-order=91","accessed_at":"2026-09-02","evidence_note":"Authoritative user-supplied source row. Raw German bundle: sich vornehmen [+D], nimmt sich vor, nahm sich vor, hat sich vorgenommen"},{"source_id":"assistant_translation_review","source_kind":"other","what_was_verified":["persian_example_translation","english_example_translation"],"verification_status":"verified","accessed_at":"2026-09-02","evidence_note":"Production translation generated and sense-alignment reviewed against the German example and canonical Persian meaning; this is internal production evidence, not an external lexicon claim."}]},"details":{"grammar_notes":["Dativobjekt (Quellennotation)"]}},"present":"nimmt sich vor","preterite":"nahm sich vor","perfect":"hat sich vorgenommen","participle_ii":"","auxiliary":"haben","reflexive":true,"is_reflexive":true,"is_separable":true,"rection":"","typingCore":"sich vornehmen","typingStandard":"sich vornehmen","typingTargetLang":"de-DE","typingTargetDir":"ltr","typingTargetLabel":"Wort"}	menschen-a2; a2		91
ma2-lu-0092	de-vocabulary	German	verb	Menschen A2	A2			bearbeiten	ویرایش کردن، رسیدگی کردن، روی چیزی کار کردن	Deutsch	فارسی	de-DE	fa-IR	front-core	[{"text":"Das Bearbeiten eines Dokuments dauert Zeit.","lang":"de-DE","role":"example","label":"ma2-lu-0092-ex-001","order":1},{"text":"Editing a document takes time.","lang":"en-US","role":"example","label":"translation:ma2-lu-0092-ex-001","order":2}]	[]	[]	[{"title":"Formen","items":["Präsens (3. Sg.): bearbeitet","Präteritum: bearbeitete","Perfekt: hat bearbeitet","Hilfsverb: haben"]},{"title":"Grammar Notes","items":["Akkusativobjekt (Quellennotation)"]}]	{"entry_type":"verb","canonical_entry_type":"verb","learning_unit_id":"ma2-lu-0092","semantic_identity":"ma2-lu-0092","german_learning_contract":"gfp-german-learning-content@1.0.0","semantic_contract":"gfp-german-language-content@3.1.3","source_profile_id":"menschen-a2@2.1.0","german_definition":"","english":"","direction_policy":"language-pair","canonical_unit":{"id":"ma2-lu-0092","type":"verb","headword":"bearbeiten","persian_meaning":"ویرایش کردن، رسیدگی کردن، روی چیزی کار کردن","core":{"present_3sg":"bearbeitet","preterite_3sg":"bearbeitete","perfect":"hat bearbeitet","auxiliary":"haben","reflexive":false,"separability":"inseparable"},"examples":[{"id":"ma2-lu-0092-ex-001","lang":"de-DE","text":"Das Bearbeiten eines Dokuments dauert Zeit.","order":1,"translations":[{"lang":"fa-IR","text":"ویرایش یک سند زمان می‌برد."},{"lang":"en-US","text":"Editing a document takes time."}]}],"metadata":{"dataset_id":"menschen-a2","unit_order":92,"tags":["menschen-a2","a2"]},"provenance":{"sources":[{"source_id":"menschen_a2_user_screenshots","source_kind":"course","what_was_verified":["orthography","persian_gloss","morphology","example_attestation"],"verification_status":"verified","locator":"screenshot-4:row-3;source-order=92","accessed_at":"2026-09-02","evidence_note":"Authoritative user-supplied source row. Raw German bundle: bearbeiten [+A], bearbeitet, bearbeitete, hat bearbeitet / editieren"},{"source_id":"assistant_translation_review","source_kind":"other","what_was_verified":["persian_example_translation","english_example_translation"],"verification_status":"verified","accessed_at":"2026-09-02","evidence_note":"Production translation generated and sense-alignment reviewed against the German example and canonical Persian meaning; this is internal production evidence, not an external lexicon claim."}]},"details":{"grammar_notes":["Akkusativobjekt (Quellennotation)"]}},"present":"bearbeitet","preterite":"bearbeitete","perfect":"hat bearbeitet","participle_ii":"","auxiliary":"haben","reflexive":false,"is_reflexive":false,"is_separable":false,"rection":"","typingCore":"bearbeiten","typingStandard":"bearbeiten","typingTargetLang":"de-DE","typingTargetDir":"ltr","typingTargetLabel":"Wort"}	menschen-a2; a2		92
ma2-lu-0093	de-vocabulary	German	verb	Menschen A2	A2			verletzen	زخمی کردن، آسیب زدن	Deutsch	فارسی	de-DE	fa-IR	front-core	[{"text":"Er hat einen Mann verletzt.","lang":"de-DE","role":"example","label":"ma2-lu-0093-ex-001","order":1},{"text":"He injured a man.","lang":"en-US","role":"example","label":"translation:ma2-lu-0093-ex-001","order":2}]	[]	[]	[{"title":"Formen","items":["Präsens (3. Sg.): verletzt","Präteritum: verletzte","Perfekt: hat verletzt","Hilfsverb: haben"]}]	{"entry_type":"verb","canonical_entry_type":"verb","learning_unit_id":"ma2-lu-0093","semantic_identity":"ma2-lu-0093","german_learning_contract":"gfp-german-learning-content@1.0.0","semantic_contract":"gfp-german-language-content@3.1.3","source_profile_id":"menschen-a2@2.1.0","german_definition":"","english":"","direction_policy":"language-pair","canonical_unit":{"id":"ma2-lu-0093","type":"verb","headword":"verletzen","persian_meaning":"زخمی کردن، آسیب زدن","core":{"present_3sg":"verletzt","preterite_3sg":"verletzte","perfect":"hat verletzt","auxiliary":"haben","reflexive":false,"separability":"inseparable"},"examples":[{"id":"ma2-lu-0093-ex-001","lang":"de-DE","text":"Er hat einen Mann verletzt.","order":1,"translations":[{"lang":"fa-IR","text":"او مردی را زخمی کرده است."},{"lang":"en-US","text":"He injured a man."}]}],"metadata":{"dataset_id":"menschen-a2","unit_order":93,"tags":["menschen-a2","a2"]},"provenance":{"sources":[{"source_id":"menschen_a2_user_screenshots","source_kind":"course","what_was_verified":["orthography","persian_gloss","morphology","example_attestation"],"verification_status":"verified","locator":"screenshot-4:row-4;source-order=93","accessed_at":"2026-09-02","evidence_note":"Authoritative user-supplied source row. Raw German bundle: verletzen, verletzte, hat verletzt / verwunden"},{"source_id":"assistant_translation_review","source_kind":"other","what_was_verified":["persian_example_translation","english_example_translation"],"verification_status":"verified","accessed_at":"2026-09-02","evidence_note":"Production translation generated and sense-alignment reviewed against the German example and canonical Persian meaning; this is internal production evidence, not an external lexicon claim."}]}},"present":"verletzt","preterite":"verletzte","perfect":"hat verletzt","participle_ii":"","auxiliary":"haben","reflexive":false,"is_reflexive":false,"is_separable":false,"rection":"","typingCore":"verletzen","typingStandard":"verletzen","typingTargetLang":"de-DE","typingTargetDir":"ltr","typingTargetLabel":"Wort"}	menschen-a2; a2		93
ma2-lu-0094	de-vocabulary	German	verb	Menschen A2	A2			sich verletzen	زخمی شدن، به خود آسیب زدن	Deutsch	فارسی	de-DE	fa-IR	front-core	[{"text":"Ich habe mich mit der Schere verletzt","lang":"de-DE","role":"example","label":"ma2-lu-0094-ex-001","order":1},{"text":"I injured myself with the scissors.","lang":"en-US","role":"example","label":"translation:ma2-lu-0094-ex-001","order":2}]	[]	[]	[{"title":"Formen","items":["Präsens (3. Sg.): verletzt sich","Präteritum: verletzte sich","Perfekt: hat sich verletzt","Hilfsverb: haben"]},{"title":"Grammar Notes","items":["Akkusativobjekt (Quellennotation)"]}]	{"entry_type":"verb","canonical_entry_type":"verb","learning_unit_id":"ma2-lu-0094","semantic_identity":"ma2-lu-0094","german_learning_contract":"gfp-german-learning-content@1.0.0","semantic_contract":"gfp-german-language-content@3.1.3","source_profile_id":"menschen-a2@2.1.0","german_definition":"","english":"","direction_policy":"language-pair","canonical_unit":{"id":"ma2-lu-0094","type":"verb","headword":"sich verletzen","persian_meaning":"زخمی شدن، به خود آسیب زدن","core":{"present_3sg":"verletzt sich","preterite_3sg":"verletzte sich","perfect":"hat sich verletzt","auxiliary":"haben","reflexive":true,"separability":"inseparable"},"examples":[{"id":"ma2-lu-0094-ex-001","lang":"de-DE","text":"Ich habe mich mit der Schere verletzt","order":1,"translations":[{"lang":"fa-IR","text":"من با قیچی خودم را بریدم."},{"lang":"en-US","text":"I injured myself with the scissors."}]}],"metadata":{"dataset_id":"menschen-a2","unit_order":94,"tags":["menschen-a2","a2"]},"provenance":{"sources":[{"source_id":"menschen_a2_user_screenshots","source_kind":"course","what_was_verified":["orthography","persian_gloss","morphology","example_attestation"],"verification_status":"verified","locator":"screenshot-4:row-5;source-order=94","accessed_at":"2026-09-02","evidence_note":"Authoritative user-supplied source row. Raw German bundle: sich verletzen [+A], verletzte sich, sich verletzt / sich verwunden"},{"source_id":"assistant_translation_review","source_kind":"other","what_was_verified":["persian_example_translation","english_example_translation"],"verification_status":"verified","accessed_at":"2026-09-02","evidence_note":"Production translation generated and sense-alignment reviewed against the German example and canonical Persian meaning; this is internal production evidence, not an external lexicon claim."}]},"details":{"grammar_notes":["Akkusativobjekt (Quellennotation)"]}},"present":"verletzt sich","preterite":"verletzte sich","perfect":"hat sich verletzt","participle_ii":"","auxiliary":"haben","reflexive":true,"is_reflexive":true,"is_separable":false,"rection":"","typingCore":"sich verletzen","typingStandard":"sich verletzen","typingTargetLang":"de-DE","typingTargetDir":"ltr","typingTargetLabel":"Wort"}	menschen-a2; a2		94
ma2-lu-0095	de-vocabulary	German	verb	Menschen A2	A2			bluten	خونریزی کردن	Deutsch	فارسی	de-DE	fa-IR	front-core	[{"text":"Die Wunde blutet. / Meine Nase blutet.","lang":"de-DE","role":"example","label":"ma2-lu-0095-ex-001","order":1},{"text":"The wound is bleeding. / My nose is bleeding.","lang":"en-US","role":"example","label":"translation:ma2-lu-0095-ex-001","order":2}]	[]	[]	[{"title":"Formen","items":["Präsens (3. Sg.): blutet","Präteritum: blutete","Perfekt: hat geblutet","Hilfsverb: haben"]}]	{"entry_type":"verb","canonical_entry_type":"verb","learning_unit_id":"ma2-lu-0095","semantic_identity":"ma2-lu-0095","german_learning_contract":"gfp-german-learning-content@1.0.0","semantic_contract":"gfp-german-language-content@3.1.3","source_profile_id":"menschen-a2@2.1.0","german_definition":"","english":"","direction_policy":"language-pair","canonical_unit":{"id":"ma2-lu-0095","type":"verb","headword":"bluten","persian_meaning":"خونریزی کردن","core":{"present_3sg":"blutet","preterite_3sg":"blutete","perfect":"hat geblutet","auxiliary":"haben","reflexive":false,"separability":"non_prefixed"},"examples":[{"id":"ma2-lu-0095-ex-001","lang":"de-DE","text":"Die Wunde blutet. / Meine Nase blutet.","order":1,"translations":[{"lang":"fa-IR","text":"زخم خونریزی می‌کند. / بینی من خونریزی می‌کند."},{"lang":"en-US","text":"The wound is bleeding. / My nose is bleeding."}]}],"metadata":{"dataset_id":"menschen-a2","unit_order":95,"tags":["menschen-a2","a2"]},"provenance":{"sources":[{"source_id":"menschen_a2_user_screenshots","source_kind":"course","what_was_verified":["orthography","persian_gloss","morphology","example_attestation"],"verification_status":"verified","locator":"screenshot-4:row-6;source-order=95","accessed_at":"2026-09-02","evidence_note":"Authoritative user-supplied source row. Raw German bundle: bluten, blutet, blutete, hat geblutet / Blut verlieren // Blutung stoppen"},{"source_id":"assistant_translation_review","source_kind":"other","what_was_verified":["persian_example_translation","english_example_translation"],"verification_status":"verified","accessed_at":"2026-09-02","evidence_note":"Production translation generated and sense-alignment reviewed against the German example and canonical Persian meaning; this is internal production evidence, not an external lexicon claim."}]}},"present":"blutet","preterite":"blutete","perfect":"hat geblutet","participle_ii":"","auxiliary":"haben","reflexive":false,"is_reflexive":false,"is_separable":false,"rection":"","typingCore":"bluten","typingStandard":"bluten","typingTargetLang":"de-DE","typingTargetDir":"ltr","typingTargetLabel":"Wort"}	menschen-a2; a2		95
ma2-lu-0096	de-vocabulary	German	verb	Menschen A2	A2			operieren	عمل جراحی کردن	Deutsch	فارسی	de-DE	fa-IR	front-core	[{"text":"Wir müssen das Knie sofort operieren.","lang":"de-DE","role":"example","label":"ma2-lu-0096-ex-001","order":1},{"text":"We have to operate on the knee immediately.","lang":"en-US","role":"example","label":"translation:ma2-lu-0096-ex-001","order":2}]	[]	[]	[{"title":"Formen","items":["Präsens (3. Sg.): operiert","Präteritum: operierte","Perfekt: hat operiert","Hilfsverb: haben"]},{"title":"Grammar Notes","items":["Akkusativobjekt (Quellennotation)"]}]	{"entry_type":"verb","canonical_entry_type":"verb","learning_unit_id":"ma2-lu-0096","semantic_identity":"ma2-lu-0096","german_learning_contract":"gfp-german-learning-content@1.0.0","semantic_contract":"gfp-german-language-content@3.1.3","source_profile_id":"menschen-a2@2.1.0","german_definition":"","english":"","direction_policy":"language-pair","canonical_unit":{"id":"ma2-lu-0096","type":"verb","headword":"operieren","persian_meaning":"عمل جراحی کردن","core":{"present_3sg":"operiert","preterite_3sg":"operierte","perfect":"hat operiert","auxiliary":"haben","reflexive":false,"separability":"non_prefixed"},"examples":[{"id":"ma2-lu-0096-ex-001","lang":"de-DE","text":"Wir müssen das Knie sofort operieren.","order":1,"translations":[{"lang":"fa-IR","text":"باید زانو را فوراً عمل کنیم."},{"lang":"en-US","text":"We have to operate on the knee immediately."}]}],"metadata":{"dataset_id":"menschen-a2","unit_order":96,"tags":["menschen-a2","a2"]},"provenance":{"sources":[{"source_id":"menschen_a2_user_screenshots","source_kind":"course","what_was_verified":["orthography","persian_gloss","morphology","example_attestation"],"verification_status":"verified","locator":"screenshot-4:row-7;source-order=96","accessed_at":"2026-09-02","evidence_note":"Authoritative user-supplied source row. Raw German bundle: operieren [+A], operiert, operierte, hat operiert / chirurgisch behandeln"},{"source_id":"assistant_translation_review","source_kind":"other","what_was_verified":["persian_example_translation","english_example_translation"],"verification_status":"verified","accessed_at":"2026-09-02","evidence_note":"Production translation generated and sense-alignment reviewed against the German example and canonical Persian meaning; this is internal production evidence, not an external lexicon claim."}]},"details":{"grammar_notes":["Akkusativobjekt (Quellennotation)"]}},"present":"operiert","preterite":"operierte","perfect":"hat operiert","participle_ii":"","auxiliary":"haben","reflexive":false,"is_reflexive":false,"is_separable":false,"rection":"","typingCore":"operieren","typingStandard":"operieren","typingTargetLang":"de-DE","typingTargetDir":"ltr","typingTargetLabel":"Wort"}	menschen-a2; a2		96
ma2-lu-0097	de-vocabulary	German	verb	Menschen A2	A2			untersuchen	معاینه یا بررسی کردن	Deutsch	فارسی	de-DE	fa-IR	front-core	[{"text":"Der Arzt untersucht den Kranken.","lang":"de-DE","role":"example","label":"ma2-lu-0097-ex-001","order":1},{"text":"The doctor examines the patient.","lang":"en-US","role":"example","label":"translation:ma2-lu-0097-ex-001","order":2}]	[]	[]	[{"title":"Formen","items":["Präsens (3. Sg.): untersucht","Präteritum: untersuchte","Perfekt: hat untersucht","Hilfsverb: haben"]},{"title":"Grammar Notes","items":["Akkusativobjekt (Quellennotation)"]}]	{"entry_type":"verb","canonical_entry_type":"verb","learning_unit_id":"ma2-lu-0097","semantic_identity":"ma2-lu-0097","german_learning_contract":"gfp-german-learning-content@1.0.0","semantic_contract":"gfp-german-language-content@3.1.3","source_profile_id":"menschen-a2@2.1.0","german_definition":"","english":"","direction_policy":"language-pair","canonical_unit":{"id":"ma2-lu-0097","type":"verb","headword":"untersuchen","persian_meaning":"معاینه یا بررسی کردن","core":{"present_3sg":"untersucht","preterite_3sg":"untersuchte","perfect":"hat untersucht","auxiliary":"haben","reflexive":false,"separability":"inseparable"},"examples":[{"id":"ma2-lu-0097-ex-001","lang":"de-DE","text":"Der Arzt untersucht den Kranken.","order":1,"translations":[{"lang":"fa-IR","text":"پزشک بیمار را معاینه می‌کند."},{"lang":"en-US","text":"The doctor examines the patient."}]}],"metadata":{"dataset_id":"menschen-a2","unit_order":97,"tags":["menschen-a2","a2"]},"provenance":{"sources":[{"source_id":"menschen_a2_user_screenshots","source_kind":"course","what_was_verified":["orthography","persian_gloss","morphology","example_attestation"],"verification_status":"verified","locator":"screenshot-4:row-8;source-order=97","accessed_at":"2026-09-02","evidence_note":"Authoritative user-supplied source row. Raw German bundle: untersuchen [+A], untersucht, untersuchte, hat untersucht"},{"source_id":"assistant_translation_review","source_kind":"other","what_was_verified":["persian_example_translation","english_example_translation"],"verification_status":"verified","accessed_at":"2026-09-02","evidence_note":"Production translation generated and sense-alignment reviewed against the German example and canonical Persian meaning; this is internal production evidence, not an external lexicon claim."}]},"details":{"grammar_notes":["Akkusativobjekt (Quellennotation)"]}},"present":"untersucht","preterite":"untersuchte","perfect":"hat untersucht","participle_ii":"","auxiliary":"haben","reflexive":false,"is_reflexive":false,"is_separable":false,"rection":"","typingCore":"untersuchen","typingStandard":"untersuchen","typingTargetLang":"de-DE","typingTargetDir":"ltr","typingTargetLabel":"Wort"}	menschen-a2; a2		97
ma2-lu-0098	de-vocabulary	German	verb	Menschen A2	A2			verbinden	وصل کردن، باندپیچی کردن	Deutsch	فارسی	de-DE	fa-IR	front-core	[{"text":"Etw. mit etw.Dat. verbinden","lang":"de-DE","role":"example","label":"ma2-lu-0098-ex-001","order":1},{"text":"to connect something to something else","lang":"en-US","role":"example","label":"translation:ma2-lu-0098-ex-001","order":2}]	[]	[]	[{"title":"Formen","items":["Präsens (3. Sg.): verbindet","Präteritum: verband","Perfekt: hat verbunden","Hilfsverb: haben"]},{"title":"Grammar Notes","items":["Akkusativobjekt (Quellennotation)"]}]	{"entry_type":"verb","canonical_entry_type":"verb","learning_unit_id":"ma2-lu-0098","semantic_identity":"ma2-lu-0098","german_learning_contract":"gfp-german-learning-content@1.0.0","semantic_contract":"gfp-german-language-content@3.1.3","source_profile_id":"menschen-a2@2.1.0","german_definition":"","english":"","direction_policy":"language-pair","canonical_unit":{"id":"ma2-lu-0098","type":"verb","headword":"verbinden","persian_meaning":"وصل کردن، باندپیچی کردن","core":{"present_3sg":"verbindet","preterite_3sg":"verband","perfect":"hat verbunden","auxiliary":"haben","reflexive":false,"separability":"inseparable"},"examples":[{"id":"ma2-lu-0098-ex-001","lang":"de-DE","text":"Etw. mit etw.Dat. verbinden","order":1,"translations":[{"lang":"fa-IR","text":"چیزی را به چیز دیگری وصل کردن"},{"lang":"en-US","text":"to connect something to something else"}]}],"metadata":{"dataset_id":"menschen-a2","unit_order":98,"tags":["menschen-a2","a2"]},"provenance":{"sources":[{"source_id":"menschen_a2_user_screenshots","source_kind":"course","what_was_verified":["orthography","persian_gloss","morphology","example_attestation"],"verification_status":"verified","locator":"screenshot-4:row-9;source-order=98","accessed_at":"2026-09-02","evidence_note":"Authoritative user-supplied source row. Raw German bundle: verbinden [+A], verbindet, verband, hat verbunden / bandagieren"},{"source_id":"assistant_translation_review","source_kind":"other","what_was_verified":["persian_example_translation","english_example_translation"],"verification_status":"verified","accessed_at":"2026-09-02","evidence_note":"Production translation generated and sense-alignment reviewed against the German example and canonical Persian meaning; this is internal production evidence, not an external lexicon claim."}]},"details":{"grammar_notes":["Akkusativobjekt (Quellennotation)"]}},"present":"verbindet","preterite":"verband","perfect":"hat verbunden","participle_ii":"","auxiliary":"haben","reflexive":false,"is_reflexive":false,"is_separable":false,"rection":"","typingCore":"verbinden","typingStandard":"verbinden","typingTargetLang":"de-DE","typingTargetDir":"ltr","typingTargetLabel":"Wort"}	menschen-a2; a2		98
ma2-lu-0099	de-vocabulary	German	verb	Menschen A2	A2			sich verbinden	به هم وصل شدن، متحد شدن	Deutsch	فارسی	de-DE	fa-IR	front-core	[{"text":"Das Handy verbindet sich mit dem WLAN.","lang":"de-DE","role":"example","label":"ma2-lu-0099-ex-001","order":1},{"text":"The phone connects to the Wi-Fi.","lang":"en-US","role":"example","label":"translation:ma2-lu-0099-ex-001","order":2}]	[]	[]	[{"title":"Formen","items":["Präsens (3. Sg.): verbindet sich","Präteritum: verband sich","Perfekt: hat sich verbunden","Hilfsverb: haben"]},{"title":"Grammar Notes","items":["Akkusativobjekt (Quellennotation)"]}]	{"entry_type":"verb","canonical_entry_type":"verb","learning_unit_id":"ma2-lu-0099","semantic_identity":"ma2-lu-0099","german_learning_contract":"gfp-german-learning-content@1.0.0","semantic_contract":"gfp-german-language-content@3.1.3","source_profile_id":"menschen-a2@2.1.0","german_definition":"","english":"","direction_policy":"language-pair","canonical_unit":{"id":"ma2-lu-0099","type":"verb","headword":"sich verbinden","persian_meaning":"به هم وصل شدن، متحد شدن","core":{"present_3sg":"verbindet sich","preterite_3sg":"verband sich","perfect":"hat sich verbunden","auxiliary":"haben","reflexive":true,"separability":"inseparable"},"examples":[{"id":"ma2-lu-0099-ex-001","lang":"de-DE","text":"Das Handy verbindet sich mit dem WLAN.","order":1,"translations":[{"lang":"fa-IR","text":"گوشی به وای‌فای وصل می‌شود."},{"lang":"en-US","text":"The phone connects to the Wi-Fi."}]}],"metadata":{"dataset_id":"menschen-a2","unit_order":99,"tags":["menschen-a2","a2"]},"provenance":{"sources":[{"source_id":"menschen_a2_user_screenshots","source_kind":"course","what_was_verified":["orthography","persian_gloss","morphology","example_attestation"],"verification_status":"verified","locator":"screenshot-4:row-10;source-order=99","accessed_at":"2026-09-02","evidence_note":"Authoritative user-supplied source row. Raw German bundle: sich verbinden [+A], verband sich, hat sich verbunden / sich zusammenschließen"},{"source_id":"assistant_translation_review","source_kind":"other","what_was_verified":["persian_example_translation","english_example_translation"],"verification_status":"verified","accessed_at":"2026-09-02","evidence_note":"Production translation generated and sense-alignment reviewed against the German example and canonical Persian meaning; this is internal production evidence, not an external lexicon claim."}]},"details":{"grammar_notes":["Akkusativobjekt (Quellennotation)"]}},"present":"verbindet sich","preterite":"verband sich","perfect":"hat sich verbunden","participle_ii":"","auxiliary":"haben","reflexive":true,"is_reflexive":true,"is_separable":false,"rection":"","typingCore":"sich verbinden","typingStandard":"sich verbinden","typingTargetLang":"de-DE","typingTargetDir":"ltr","typingTargetLabel":"Wort"}	menschen-a2; a2		99
ma2-lu-0100	de-vocabulary	German	verb	Menschen A2	A2			sterben	مردن، فوت کردن	Deutsch	فارسی	de-DE	fa-IR	front-core	[{"text":"Sein Vater ist gestern gestorben.","lang":"de-DE","role":"example","label":"ma2-lu-0100-ex-001","order":1},{"text":"His father died yesterday.","lang":"en-US","role":"example","label":"translation:ma2-lu-0100-ex-001","order":2}]	[]	[]	[{"title":"Formen","items":["Präsens (3. Sg.): stirbt","Präteritum: starb","Perfekt: ist gestorben","Hilfsverb: sein"]}]	{"entry_type":"verb","canonical_entry_type":"verb","learning_unit_id":"ma2-lu-0100","semantic_identity":"ma2-lu-0100","german_learning_contract":"gfp-german-learning-content@1.0.0","semantic_contract":"gfp-german-language-content@3.1.3","source_profile_id":"menschen-a2@2.1.0","german_definition":"","english":"","direction_policy":"language-pair","canonical_unit":{"id":"ma2-lu-0100","type":"verb","headword":"sterben","persian_meaning":"مردن، فوت کردن","core":{"present_3sg":"stirbt","preterite_3sg":"starb","perfect":"ist gestorben","auxiliary":"sein","reflexive":false,"separability":"non_prefixed"},"examples":[{"id":"ma2-lu-0100-ex-001","lang":"de-DE","text":"Sein Vater ist gestern gestorben.","order":1,"translations":[{"lang":"fa-IR","text":"پدرش دیروز فوت کرد."},{"lang":"en-US","text":"His father died yesterday."}]}],"metadata":{"dataset_id":"menschen-a2","unit_order":100,"tags":["menschen-a2","a2"]},"provenance":{"sources":[{"source_id":"menschen_a2_user_screenshots","source_kind":"course","what_was_verified":["orthography","persian_gloss","morphology","example_attestation"],"verification_status":"verified","locator":"screenshot-4:row-11;source-order=100","accessed_at":"2026-09-02","evidence_note":"Authoritative user-supplied source row. Raw German bundle: sterben, stirbt, starb, ist gestorben / ums Leben kommen / versterben"},{"source_id":"assistant_translation_review","source_kind":"other","what_was_verified":["persian_example_translation","english_example_translation"],"verification_status":"verified","accessed_at":"2026-09-02","evidence_note":"Production translation generated and sense-alignment reviewed against the German example and canonical Persian meaning; this is internal production evidence, not an external lexicon claim."}]}},"present":"stirbt","preterite":"starb","perfect":"ist gestorben","participle_ii":"","auxiliary":"sein","reflexive":false,"is_reflexive":false,"is_separable":false,"rection":"","typingCore":"sterben","typingStandard":"sterben","typingTargetLang":"de-DE","typingTargetDir":"ltr","typingTargetLabel":"Wort"}	menschen-a2; a2		100
ma2-lu-0101	de-vocabulary	German	phrase	Menschen A2	A2			an etw. (Dat.) sterben	بر اثر چیزی مردن	Deutsch	فارسی	de-DE	fa-IR	front-core	[{"text":"Viele Menschen sterben an Krankheiten.","lang":"de-DE","role":"example","label":"ma2-lu-0101-ex-001","order":1},{"text":"Many people die from illnesses.","lang":"en-US","role":"example","label":"translation:ma2-lu-0101-ex-001","order":2}]	[]	[]	[]	{"entry_type":"phrase","canonical_entry_type":"phrase","learning_unit_id":"ma2-lu-0101","semantic_identity":"ma2-lu-0101","german_learning_contract":"gfp-german-learning-content@1.0.0","semantic_contract":"gfp-german-language-content@3.1.3","source_profile_id":"menschen-a2@2.1.0","german_definition":"","english":"","direction_policy":"language-pair","canonical_unit":{"id":"ma2-lu-0101","type":"phrase","headword":"an etw. (Dat.) sterben","persian_meaning":"بر اثر چیزی مردن","core":{"structure":"an etw. (Dat.) sterben"},"examples":[{"id":"ma2-lu-0101-ex-001","lang":"de-DE","text":"Viele Menschen sterben an Krankheiten.","order":1,"translations":[{"lang":"fa-IR","text":"افراد زیادی بر اثر بیماری‌ها می‌میرند."},{"lang":"en-US","text":"Many people die from illnesses."}]}],"metadata":{"dataset_id":"menschen-a2","unit_order":101,"tags":["menschen-a2","a2"]},"provenance":{"sources":[{"source_id":"menschen_a2_user_screenshots","source_kind":"course","what_was_verified":["orthography","persian_gloss","example_attestation"],"verification_status":"verified","locator":"screenshot-4:row-12;source-order=101","accessed_at":"2026-09-02","evidence_note":"Authoritative user-supplied source row. Raw German bundle: an etw.Dat. sterben"},{"source_id":"assistant_translation_review","source_kind":"other","what_was_verified":["persian_example_translation","english_example_translation"],"verification_status":"verified","accessed_at":"2026-09-02","evidence_note":"Production translation generated and sense-alignment reviewed against the German example and canonical Persian meaning; this is internal production evidence, not an external lexicon claim."}]}}}	menschen-a2; a2		101
ma2-lu-0102	de-vocabulary	German	verb	Menschen A2	A2			hinfallen	زمین خوردن، افتادن	Deutsch	فارسی	de-DE	fa-IR	front-core	[{"text":"Pass auf, sonst fällst du hin.","lang":"de-DE","role":"example","label":"ma2-lu-0102-ex-001","order":1},{"text":"Watch out, otherwise you'll fall down.","lang":"en-US","role":"example","label":"translation:ma2-lu-0102-ex-001","order":2}]	[]	[]	[{"title":"Formen","items":["Präsens (3. Sg.): fällt hin","Präteritum: fiel hin","Perfekt: ist hingefallen","Hilfsverb: sein"]}]	{"entry_type":"verb","canonical_entry_type":"verb","learning_unit_id":"ma2-lu-0102","semantic_identity":"ma2-lu-0102","german_learning_contract":"gfp-german-learning-content@1.0.0","semantic_contract":"gfp-german-language-content@3.1.3","source_profile_id":"menschen-a2@2.1.0","german_definition":"","english":"","direction_policy":"language-pair","canonical_unit":{"id":"ma2-lu-0102","type":"verb","headword":"hinfallen","persian_meaning":"زمین خوردن، افتادن","core":{"present_3sg":"fällt hin","preterite_3sg":"fiel hin","perfect":"ist hingefallen","auxiliary":"sein","reflexive":false,"separability":"separable"},"examples":[{"id":"ma2-lu-0102-ex-001","lang":"de-DE","text":"Pass auf, sonst fällst du hin.","order":1,"translations":[{"lang":"fa-IR","text":"مواظب باش، وگرنه زمین می‌خوری."},{"lang":"en-US","text":"Watch out, otherwise you'll fall down."}]}],"metadata":{"dataset_id":"menschen-a2","unit_order":102,"tags":["menschen-a2","a2"]},"provenance":{"sources":[{"source_id":"menschen_a2_user_screenshots","source_kind":"course","what_was_verified":["orthography","persian_gloss","morphology","example_attestation"],"verification_status":"verified","locator":"screenshot-4:row-13;source-order=102","accessed_at":"2026-09-02","evidence_note":"Authoritative user-supplied source row. Raw German bundle: hinfallen, fällt hin, fiel hin, ist hingefallen / auf den Boden fallen / stürzen"},{"source_id":"assistant_translation_review","source_kind":"other","what_was_verified":["persian_example_translation","english_example_translation"],"verification_status":"verified","accessed_at":"2026-09-02","evidence_note":"Production translation generated and sense-alignment reviewed against the German example and canonical Persian meaning; this is internal production evidence, not an external lexicon claim."}]}},"present":"fällt hin","preterite":"fiel hin","perfect":"ist hingefallen","participle_ii":"","auxiliary":"sein","reflexive":false,"is_reflexive":false,"is_separable":true,"rection":"","typingCore":"hinfallen","typingStandard":"hinfallen","typingTargetLang":"de-DE","typingTargetDir":"ltr","typingTargetLabel":"Wort"}	menschen-a2; a2		102
ma2-lu-0103	de-vocabulary	German	verb	Menschen A2	A2			vertrauen	اعتماد کردن، اعتماد داشتن	Deutsch	فارسی	de-DE	fa-IR	front-core	[{"text":"Vertrau mir! / Wir müssen einander vertrauen.","lang":"de-DE","role":"example","label":"ma2-lu-0103-ex-001","order":1},{"text":"Trust me! / We have to trust each other.","lang":"en-US","role":"example","label":"translation:ma2-lu-0103-ex-001","order":2}]	[]	[]	[{"title":"Formen","items":["Präsens (3. Sg.): vertraut","Präteritum: vertraute","Perfekt: hat vertraut","Hilfsverb: haben"]},{"title":"Grammar Notes","items":["Dativobjekt (Quellennotation)"]}]	{"entry_type":"verb","canonical_entry_type":"verb","learning_unit_id":"ma2-lu-0103","semantic_identity":"ma2-lu-0103","german_learning_contract":"gfp-german-learning-content@1.0.0","semantic_contract":"gfp-german-language-content@3.1.3","source_profile_id":"menschen-a2@2.1.0","german_definition":"","english":"","direction_policy":"language-pair","canonical_unit":{"id":"ma2-lu-0103","type":"verb","headword":"vertrauen","persian_meaning":"اعتماد کردن، اعتماد داشتن","core":{"present_3sg":"vertraut","preterite_3sg":"vertraute","perfect":"hat vertraut","auxiliary":"haben","reflexive":false,"separability":"inseparable"},"examples":[{"id":"ma2-lu-0103-ex-001","lang":"de-DE","text":"Vertrau mir! / Wir müssen einander vertrauen.","order":1,"translations":[{"lang":"fa-IR","text":"به من اعتماد کن! / باید به یکدیگر اعتماد کنیم."},{"lang":"en-US","text":"Trust me! / We have to trust each other."}]}],"metadata":{"dataset_id":"menschen-a2","unit_order":103,"tags":["menschen-a2","a2"]},"provenance":{"sources":[{"source_id":"menschen_a2_user_screenshots","source_kind":"course","what_was_verified":["orthography","persian_gloss","morphology","example_attestation"],"verification_status":"verified","locator":"screenshot-4:row-14;source-order=103","accessed_at":"2026-09-02","evidence_note":"Authoritative user-supplied source row. Raw German bundle: vertrauen [+D], vertraut, vertraute, hat vertraut"},{"source_id":"assistant_translation_review","source_kind":"other","what_was_verified":["persian_example_translation","english_example_translation"],"verification_status":"verified","accessed_at":"2026-09-02","evidence_note":"Production translation generated and sense-alignment reviewed against the German example and canonical Persian meaning; this is internal production evidence, not an external lexicon claim."}]},"details":{"grammar_notes":["Dativobjekt (Quellennotation)"]}},"present":"vertraut","preterite":"vertraute","perfect":"hat vertraut","participle_ii":"","auxiliary":"haben","reflexive":false,"is_reflexive":false,"is_separable":false,"rection":"","typingCore":"vertrauen","typingStandard":"vertrauen","typingTargetLang":"de-DE","typingTargetDir":"ltr","typingTargetLabel":"Wort"}	menschen-a2; a2		103
ma2-lu-0104	de-vocabulary	German	phrase	Menschen A2	A2			los sein (Akk.)	در جریان بودن، خبر یا اتفاقی در کار بودن	Deutsch	فارسی	de-DE	fa-IR	front-core	[{"text":"Abends ist im Stadtzentrum nicht viel los.","lang":"de-DE","role":"example","label":"ma2-lu-0104-ex-001","order":1},{"text":"There isn't much going on in the city center in the evenings.","lang":"en-US","role":"example","label":"translation:ma2-lu-0104-ex-001","order":2}]	[]	[]	[]	{"entry_type":"phrase","canonical_entry_type":"phrase","learning_unit_id":"ma2-lu-0104","semantic_identity":"ma2-lu-0104","german_learning_contract":"gfp-german-learning-content@1.0.0","semantic_contract":"gfp-german-language-content@3.1.3","source_profile_id":"menschen-a2@2.1.0","german_definition":"","english":"","direction_policy":"language-pair","canonical_unit":{"id":"ma2-lu-0104","type":"phrase","headword":"los sein (Akk.)","persian_meaning":"در جریان بودن، خبر یا اتفاقی در کار بودن","core":{"structure":"los sein (Akk.)"},"examples":[{"id":"ma2-lu-0104-ex-001","lang":"de-DE","text":"Abends ist im Stadtzentrum nicht viel los.","order":1,"translations":[{"lang":"fa-IR","text":"شب‌ها در مرکز شهر اتفاق زیادی نمی‌افتد."},{"lang":"en-US","text":"There isn't much going on in the city center in the evenings."}]}],"metadata":{"dataset_id":"menschen-a2","unit_order":104,"tags":["menschen-a2","a2"]},"provenance":{"sources":[{"source_id":"menschen_a2_user_screenshots","source_kind":"course","what_was_verified":["orthography","persian_gloss","example_attestation"],"verification_status":"verified","locator":"screenshot-4:row-15;source-order=104","accessed_at":"2026-09-02","evidence_note":"Authoritative user-supplied source row. Raw German bundle: los sein [+A], ist los, war los, ist los gewesen"},{"source_id":"assistant_translation_review","source_kind":"other","what_was_verified":["persian_example_translation","english_example_translation"],"verification_status":"verified","accessed_at":"2026-09-02","evidence_note":"Production translation generated and sense-alignment reviewed against the German example and canonical Persian meaning; this is internal production evidence, not an external lexicon claim."}]}}}	menschen-a2; a2		104
ma2-lu-0105	de-vocabulary	German	verb	Menschen A2	A2			bauen	ساختن، بنا کردن	Deutsch	فارسی	de-DE	fa-IR	front-core	[{"text":"Wir bauen nächstes Jahr ein Haus.","lang":"de-DE","role":"example","label":"ma2-lu-0105-ex-001","order":1},{"text":"We are building a house next year.","lang":"en-US","role":"example","label":"translation:ma2-lu-0105-ex-001","order":2}]	[]	[]	[{"title":"Formen","items":["Präsens (3. Sg.): baut","Präteritum: baute","Perfekt: hat gebaut","Hilfsverb: haben"]},{"title":"Grammar Notes","items":["Akkusativobjekt (Quellennotation)"]}]	{"entry_type":"verb","canonical_entry_type":"verb","learning_unit_id":"ma2-lu-0105","semantic_identity":"ma2-lu-0105","german_learning_contract":"gfp-german-learning-content@1.0.0","semantic_contract":"gfp-german-language-content@3.1.3","source_profile_id":"menschen-a2@2.1.0","german_definition":"","english":"","direction_policy":"language-pair","canonical_unit":{"id":"ma2-lu-0105","type":"verb","headword":"bauen","persian_meaning":"ساختن، بنا کردن","core":{"present_3sg":"baut","preterite_3sg":"baute","perfect":"hat gebaut","auxiliary":"haben","reflexive":false,"separability":"non_prefixed"},"examples":[{"id":"ma2-lu-0105-ex-001","lang":"de-DE","text":"Wir bauen nächstes Jahr ein Haus.","order":1,"translations":[{"lang":"fa-IR","text":"سال آینده یک خانه می‌سازیم."},{"lang":"en-US","text":"We are building a house next year."}]}],"metadata":{"dataset_id":"menschen-a2","unit_order":105,"tags":["menschen-a2","a2"]},"provenance":{"sources":[{"source_id":"menschen_a2_user_screenshots","source_kind":"course","what_was_verified":["orthography","persian_gloss","morphology","example_attestation"],"verification_status":"verified","locator":"screenshot-4:row-16;source-order=105","accessed_at":"2026-09-02","evidence_note":"Authoritative user-supplied source row. Raw German bundle: bauen [+A], baut, baute, hat gebaut / errichten"},{"source_id":"assistant_translation_review","source_kind":"other","what_was_verified":["persian_example_translation","english_example_translation"],"verification_status":"verified","accessed_at":"2026-09-02","evidence_note":"Production translation generated and sense-alignment reviewed against the German example and canonical Persian meaning; this is internal production evidence, not an external lexicon claim."}]},"details":{"grammar_notes":["Akkusativobjekt (Quellennotation)"]}},"present":"baut","preterite":"baute","perfect":"hat gebaut","participle_ii":"","auxiliary":"haben","reflexive":false,"is_reflexive":false,"is_separable":false,"rection":"","typingCore":"bauen","typingStandard":"bauen","typingTargetLang":"de-DE","typingTargetDir":"ltr","typingTargetLabel":"Wort"}	menschen-a2; a2		105
ma2-lu-0106	de-vocabulary	German	phrase	Menschen A2	A2			auf jdn./etw. bauen	به کسی یا چیزی تکیه و اعتماد کردن	Deutsch	فارسی	de-DE	fa-IR	front-core	[{"text":"Auf jemandes Freundschaft bauen","lang":"de-DE","role":"example","label":"ma2-lu-0106-ex-001","order":1},{"text":"to rely on someone's friendship","lang":"en-US","role":"example","label":"translation:ma2-lu-0106-ex-001","order":2}]	[]	[]	[]	{"entry_type":"phrase","canonical_entry_type":"phrase","learning_unit_id":"ma2-lu-0106","semantic_identity":"ma2-lu-0106","german_learning_contract":"gfp-german-learning-content@1.0.0","semantic_contract":"gfp-german-language-content@3.1.3","source_profile_id":"menschen-a2@2.1.0","german_definition":"","english":"","direction_policy":"language-pair","canonical_unit":{"id":"ma2-lu-0106","type":"phrase","headword":"auf jdn./etw. bauen","persian_meaning":"به کسی یا چیزی تکیه و اعتماد کردن","core":{"structure":"auf jdn./etw. bauen"},"examples":[{"id":"ma2-lu-0106-ex-001","lang":"de-DE","text":"Auf jemandes Freundschaft bauen","order":1,"translations":[{"lang":"fa-IR","text":"به دوستیِ کسی تکیه کردن"},{"lang":"en-US","text":"to rely on someone's friendship"}]}],"metadata":{"dataset_id":"menschen-a2","unit_order":106,"tags":["menschen-a2","a2"]},"provenance":{"sources":[{"source_id":"menschen_a2_user_screenshots","source_kind":"course","what_was_verified":["orthography","persian_gloss","example_attestation"],"verification_status":"verified","locator":"screenshot-4:row-17;source-order=106","accessed_at":"2026-09-02","evidence_note":"Authoritative user-supplied source row. Raw German bundle: auf jdn./etw. bauen"},{"source_id":"assistant_translation_review","source_kind":"other","what_was_verified":["persian_example_translation","english_example_translation"],"verification_status":"verified","accessed_at":"2026-09-02","evidence_note":"Production translation generated and sense-alignment reviewed against the German example and canonical Persian meaning; this is internal production evidence, not an external lexicon claim."}]}}}	menschen-a2; a2		106
ma2-lu-0107	de-vocabulary	German	verb	Menschen A2	A2			reparieren	تعمیر کردن، درست کردن	Deutsch	فارسی	de-DE	fa-IR	front-core	[{"text":"Er hat das Fahrrad repariert.","lang":"de-DE","role":"example","label":"ma2-lu-0107-ex-001","order":1},{"text":"He repaired the bicycle.","lang":"en-US","role":"example","label":"translation:ma2-lu-0107-ex-001","order":2}]	[]	[]	[{"title":"Formen","items":["Präsens (3. Sg.): repariert","Präteritum: reparierte","Perfekt: hat repariert","Hilfsverb: haben"]},{"title":"Grammar Notes","items":["Akkusativobjekt (Quellennotation)"]}]	{"entry_type":"verb","canonical_entry_type":"verb","learning_unit_id":"ma2-lu-0107","semantic_identity":"ma2-lu-0107","german_learning_contract":"gfp-german-learning-content@1.0.0","semantic_contract":"gfp-german-language-content@3.1.3","source_profile_id":"menschen-a2@2.1.0","german_definition":"","english":"","direction_policy":"language-pair","canonical_unit":{"id":"ma2-lu-0107","type":"verb","headword":"reparieren","persian_meaning":"تعمیر کردن، درست کردن","core":{"present_3sg":"repariert","preterite_3sg":"reparierte","perfect":"hat repariert","auxiliary":"haben","reflexive":false,"separability":"non_prefixed"},"examples":[{"id":"ma2-lu-0107-ex-001","lang":"de-DE","text":"Er hat das Fahrrad repariert.","order":1,"translations":[{"lang":"fa-IR","text":"او دوچرخه را تعمیر کرده است."},{"lang":"en-US","text":"He repaired the bicycle."}]}],"metadata":{"dataset_id":"menschen-a2","unit_order":107,"tags":["menschen-a2","a2"]},"provenance":{"sources":[{"source_id":"menschen_a2_user_screenshots","source_kind":"course","what_was_verified":["orthography","persian_gloss","morphology","example_attestation"],"verification_status":"verified","locator":"screenshot-4:row-18;source-order=107","accessed_at":"2026-09-02","evidence_note":"Authoritative user-supplied source row. Raw German bundle: reparieren [+A], repariert, reparierte, hat repariert / instand setzen / ausbessern"},{"source_id":"assistant_translation_review","source_kind":"other","what_was_verified":["persian_example_translation","english_example_translation"],"verification_status":"verified","accessed_at":"2026-09-02","evidence_note":"Production translation generated and sense-alignment reviewed against the German example and canonical Persian meaning; this is internal production evidence, not an external lexicon claim."}]},"details":{"grammar_notes":["Akkusativobjekt (Quellennotation)"]}},"present":"repariert","preterite":"reparierte","perfect":"hat repariert","participle_ii":"","auxiliary":"haben","reflexive":false,"is_reflexive":false,"is_separable":false,"rection":"","typingCore":"reparieren","typingStandard":"reparieren","typingTargetLang":"de-DE","typingTargetDir":"ltr","typingTargetLabel":"Wort"}	menschen-a2; a2		107
ma2-lu-0108	de-vocabulary	German	verb	Menschen A2	A2			sinken	پایین رفتن، کاهش یافتن، غرق شدن	Deutsch	فارسی	de-DE	fa-IR	front-core	[{"text":"Die Preise sind gesunken.","lang":"de-DE","role":"example","label":"ma2-lu-0108-ex-001","order":1},{"text":"Prices have fallen.","lang":"en-US","role":"example","label":"translation:ma2-lu-0108-ex-001","order":2}]	[]	[]	[{"title":"Formen","items":["Präsens (3. Sg.): sinkt","Präteritum: sank","Perfekt: ist gesunken","Hilfsverb: sein"]}]	{"entry_type":"verb","canonical_entry_type":"verb","learning_unit_id":"ma2-lu-0108","semantic_identity":"ma2-lu-0108","german_learning_contract":"gfp-german-learning-content@1.0.0","semantic_contract":"gfp-german-language-content@3.1.3","source_profile_id":"menschen-a2@2.1.0","german_definition":"","english":"","direction_policy":"language-pair","canonical_unit":{"id":"ma2-lu-0108","type":"verb","headword":"sinken","persian_meaning":"پایین رفتن، کاهش یافتن، غرق شدن","core":{"present_3sg":"sinkt","preterite_3sg":"sank","perfect":"ist gesunken","auxiliary":"sein","reflexive":false,"separability":"non_prefixed"},"examples":[{"id":"ma2-lu-0108-ex-001","lang":"de-DE","text":"Die Preise sind gesunken.","order":1,"translations":[{"lang":"fa-IR","text":"قیمت‌ها کاهش یافته‌اند."},{"lang":"en-US","text":"Prices have fallen."}]}],"metadata":{"dataset_id":"menschen-a2","unit_order":108,"tags":["menschen-a2","a2"]},"provenance":{"sources":[{"source_id":"menschen_a2_user_screenshots","source_kind":"course","what_was_verified":["orthography","persian_gloss","morphology","example_attestation"],"verification_status":"verified","locator":"screenshot-4:row-19;source-order=108","accessed_at":"2026-09-02","evidence_note":"Authoritative user-supplied source row. Raw German bundle: sinken, sinkt, sank, ist gesunken"},{"source_id":"assistant_translation_review","source_kind":"other","what_was_verified":["persian_example_translation","english_example_translation"],"verification_status":"verified","accessed_at":"2026-09-02","evidence_note":"Production translation generated and sense-alignment reviewed against the German example and canonical Persian meaning; this is internal production evidence, not an external lexicon claim."}]}},"present":"sinkt","preterite":"sank","perfect":"ist gesunken","participle_ii":"","auxiliary":"sein","reflexive":false,"is_reflexive":false,"is_separable":false,"rection":"","typingCore":"sinken","typingStandard":"sinken","typingTargetLang":"de-DE","typingTargetDir":"ltr","typingTargetLabel":"Wort"}	menschen-a2; a2		108
ma2-lu-0109	de-vocabulary	German	verb	Menschen A2	A2			tun	انجام دادن	Deutsch	فارسی	de-DE	fa-IR	front-core	[{"text":"Ich habe noch etwas zu tun.","lang":"de-DE","role":"example","label":"ma2-lu-0109-ex-001","order":1},{"text":"I still have something to do.","lang":"en-US","role":"example","label":"translation:ma2-lu-0109-ex-001","order":2}]	[]	[]	[{"title":"Formen","items":["Präsens (3. Sg.): tut","Präteritum: tat","Perfekt: hat getan","Hilfsverb: haben"]}]	{"entry_type":"verb","canonical_entry_type":"verb","learning_unit_id":"ma2-lu-0109","semantic_identity":"ma2-lu-0109","german_learning_contract":"gfp-german-learning-content@1.0.0","semantic_contract":"gfp-german-language-content@3.1.3","source_profile_id":"menschen-a2@2.1.0","german_definition":"","english":"","direction_policy":"language-pair","canonical_unit":{"id":"ma2-lu-0109","type":"verb","headword":"tun","persian_meaning":"انجام دادن","core":{"present_3sg":"tut","preterite_3sg":"tat","perfect":"hat getan","auxiliary":"haben","reflexive":false,"separability":"non_prefixed"},"examples":[{"id":"ma2-lu-0109-ex-001","lang":"de-DE","text":"Ich habe noch etwas zu tun.","order":1,"translations":[{"lang":"fa-IR","text":"هنوز کاری برای انجام دادن دارم."},{"lang":"en-US","text":"I still have something to do."}]}],"metadata":{"dataset_id":"menschen-a2","unit_order":109,"tags":["menschen-a2","a2"]},"provenance":{"sources":[{"source_id":"menschen_a2_user_screenshots","source_kind":"course","what_was_verified":["orthography","persian_gloss","morphology","example_attestation"],"verification_status":"verified","locator":"screenshot-4:row-20;source-order=109","accessed_at":"2026-09-02","evidence_note":"Authoritative user-supplied source row. Raw German bundle: tun, tut, tat, hat getan"},{"source_id":"assistant_translation_review","source_kind":"other","what_was_verified":["persian_example_translation","english_example_translation"],"verification_status":"verified","accessed_at":"2026-09-02","evidence_note":"Production translation generated and sense-alignment reviewed against the German example and canonical Persian meaning; this is internal production evidence, not an external lexicon claim."}]}},"present":"tut","preterite":"tat","perfect":"hat getan","participle_ii":"","auxiliary":"haben","reflexive":false,"is_reflexive":false,"is_separable":false,"rection":"","typingCore":"tun","typingStandard":"tun","typingTargetLang":"de-DE","typingTargetDir":"ltr","typingTargetLabel":"Wort"}	menschen-a2; a2		109
ma2-lu-0110	de-vocabulary	German	verb	Menschen A2	A2			lackieren	رنگ یا لاک زدن	Deutsch	فارسی	de-DE	fa-IR	front-core	[{"text":"Das Auto ist neu lackiert","lang":"de-DE","role":"example","label":"ma2-lu-0110-ex-001","order":1},{"text":"The car has just been repainted.","lang":"en-US","role":"example","label":"translation:ma2-lu-0110-ex-001","order":2}]	[]	[]	[{"title":"Formen","items":["Präsens (3. Sg.): lackiert","Präteritum: lackierte","Perfekt: hat lackiert","Hilfsverb: haben"]},{"title":"Grammar Notes","items":["Akkusativobjekt (Quellennotation)"]}]	{"entry_type":"verb","canonical_entry_type":"verb","learning_unit_id":"ma2-lu-0110","semantic_identity":"ma2-lu-0110","german_learning_contract":"gfp-german-learning-content@1.0.0","semantic_contract":"gfp-german-language-content@3.1.3","source_profile_id":"menschen-a2@2.1.0","german_definition":"","english":"","direction_policy":"language-pair","canonical_unit":{"id":"ma2-lu-0110","type":"verb","headword":"lackieren","persian_meaning":"رنگ یا لاک زدن","core":{"present_3sg":"lackiert","preterite_3sg":"lackierte","perfect":"hat lackiert","auxiliary":"haben","reflexive":false,"separability":"non_prefixed"},"examples":[{"id":"ma2-lu-0110-ex-001","lang":"de-DE","text":"Das Auto ist neu lackiert","order":1,"translations":[{"lang":"fa-IR","text":"ماشین تازه رنگ شده است."},{"lang":"en-US","text":"The car has just been repainted."}]}],"metadata":{"dataset_id":"menschen-a2","unit_order":110,"tags":["menschen-a2","a2"]},"provenance":{"sources":[{"source_id":"menschen_a2_user_screenshots","source_kind":"course","what_was_verified":["orthography","persian_gloss","morphology","example_attestation"],"verification_status":"verified","locator":"screenshot-4:row-21;source-order=110","accessed_at":"2026-09-02","evidence_note":"Authoritative user-supplied source row. Raw German bundle: lackieren [+A], lackiert, lackierte, hat lackiert // entlacken"},{"source_id":"assistant_translation_review","source_kind":"other","what_was_verified":["persian_example_translation","english_example_translation"],"verification_status":"verified","accessed_at":"2026-09-02","evidence_note":"Production translation generated and sense-alignment reviewed against the German example and canonical Persian meaning; this is internal production evidence, not an external lexicon claim."}]},"details":{"grammar_notes":["Akkusativobjekt (Quellennotation)"]}},"present":"lackiert","preterite":"lackierte","perfect":"hat lackiert","participle_ii":"","auxiliary":"haben","reflexive":false,"is_reflexive":false,"is_separable":false,"rection":"","typingCore":"lackieren","typingStandard":"lackieren","typingTargetLang":"de-DE","typingTargetDir":"ltr","typingTargetLabel":"Wort"}	menschen-a2; a2		110
ma2-lu-0111	de-vocabulary	German	verb	Menschen A2	A2			sich ändern	تغییر کردن، عوض شدن	Deutsch	فارسی	de-DE	fa-IR	front-core	[{"text":"Meine Pläne haben sich geändert.","lang":"de-DE","role":"example","label":"ma2-lu-0111-ex-001","order":1},{"text":"My plans have changed.","lang":"en-US","role":"example","label":"translation:ma2-lu-0111-ex-001","order":2}]	[]	[]	[{"title":"Formen","items":["Präsens (3. Sg.): ändert sich","Präteritum: änderte sich","Perfekt: hat sich geändert","Hilfsverb: haben"]},{"title":"Grammar Notes","items":["Akkusativobjekt (Quellennotation)"]}]	{"entry_type":"verb","canonical_entry_type":"verb","learning_unit_id":"ma2-lu-0111","semantic_identity":"ma2-lu-0111","german_learning_contract":"gfp-german-learning-content@1.0.0","semantic_contract":"gfp-german-language-content@3.1.3","source_profile_id":"menschen-a2@2.1.0","german_definition":"","english":"","direction_policy":"language-pair","canonical_unit":{"id":"ma2-lu-0111","type":"verb","headword":"sich ändern","persian_meaning":"تغییر کردن، عوض شدن","core":{"present_3sg":"ändert sich","preterite_3sg":"änderte sich","perfect":"hat sich geändert","auxiliary":"haben","reflexive":true,"separability":"non_prefixed"},"examples":[{"id":"ma2-lu-0111-ex-001","lang":"de-DE","text":"Meine Pläne haben sich geändert.","order":1,"translations":[{"lang":"fa-IR","text":"برنامه‌هایم تغییر کرده‌اند."},{"lang":"en-US","text":"My plans have changed."}]}],"metadata":{"dataset_id":"menschen-a2","unit_order":111,"tags":["menschen-a2","a2"]},"provenance":{"sources":[{"source_id":"menschen_a2_user_screenshots","source_kind":"course","what_was_verified":["orthography","persian_gloss","morphology","example_attestation"],"verification_status":"verified","locator":"screenshot-4:row-22;source-order=111","accessed_at":"2026-09-02","evidence_note":"Authoritative user-supplied source row. Raw German bundle: sich ändern [+A], ändert sich, änderte sich, hat sich geändert / sich verändern"},{"source_id":"assistant_translation_review","source_kind":"other","what_was_verified":["persian_example_translation","english_example_translation"],"verification_status":"verified","accessed_at":"2026-09-02","evidence_note":"Production translation generated and sense-alignment reviewed against the German example and canonical Persian meaning; this is internal production evidence, not an external lexicon claim."}]},"details":{"grammar_notes":["Akkusativobjekt (Quellennotation)"]}},"present":"ändert sich","preterite":"änderte sich","perfect":"hat sich geändert","participle_ii":"","auxiliary":"haben","reflexive":true,"is_reflexive":true,"is_separable":false,"rection":"","typingCore":"sich ändern","typingStandard":"sich ändern","typingTargetLang":"de-DE","typingTargetDir":"ltr","typingTargetLabel":"Wort"}	menschen-a2; a2		111
ma2-lu-0112	de-vocabulary	German	verb	Menschen A2	A2			ändern	تغییر دادن، عوض کردن	Deutsch	فارسی	de-DE	fa-IR	front-core	[{"text":"Ich ändere meine Meinung.","lang":"de-DE","role":"example","label":"ma2-lu-0112-ex-001","order":1},{"text":"I am changing my opinion.","lang":"en-US","role":"example","label":"translation:ma2-lu-0112-ex-001","order":2}]	[]	[]	[{"title":"Formen","items":["Präsens (3. Sg.): ändert","Präteritum: änderte","Perfekt: hat geändert","Hilfsverb: haben"]},{"title":"Grammar Notes","items":["Akkusativobjekt (Quellennotation)"]}]	{"entry_type":"verb","canonical_entry_type":"verb","learning_unit_id":"ma2-lu-0112","semantic_identity":"ma2-lu-0112","german_learning_contract":"gfp-german-learning-content@1.0.0","semantic_contract":"gfp-german-language-content@3.1.3","source_profile_id":"menschen-a2@2.1.0","german_definition":"","english":"","direction_policy":"language-pair","canonical_unit":{"id":"ma2-lu-0112","type":"verb","headword":"ändern","persian_meaning":"تغییر دادن، عوض کردن","core":{"present_3sg":"ändert","preterite_3sg":"änderte","perfect":"hat geändert","auxiliary":"haben","reflexive":false,"separability":"non_prefixed"},"examples":[{"id":"ma2-lu-0112-ex-001","lang":"de-DE","text":"Ich ändere meine Meinung.","order":1,"translations":[{"lang":"fa-IR","text":"نظرم را عوض می‌کنم."},{"lang":"en-US","text":"I am changing my opinion."}]}],"metadata":{"dataset_id":"menschen-a2","unit_order":112,"tags":["menschen-a2","a2"]},"provenance":{"sources":[{"source_id":"menschen_a2_user_screenshots","source_kind":"course","what_was_verified":["orthography","persian_gloss","morphology","example_attestation"],"verification_status":"verified","locator":"screenshot-4:row-23;source-order=112","accessed_at":"2026-09-02","evidence_note":"Authoritative user-supplied source row. Raw German bundle: ändern [+A], ändert, änderte, hat geändert / verändern"},{"source_id":"assistant_translation_review","source_kind":"other","what_was_verified":["persian_example_translation","english_example_translation"],"verification_status":"verified","accessed_at":"2026-09-02","evidence_note":"Production translation generated and sense-alignment reviewed against the German example and canonical Persian meaning; this is internal production evidence, not an external lexicon claim."}]},"details":{"grammar_notes":["Akkusativobjekt (Quellennotation)"]}},"present":"ändert","preterite":"änderte","perfect":"hat geändert","participle_ii":"","auxiliary":"haben","reflexive":false,"is_reflexive":false,"is_separable":false,"rection":"","typingCore":"ändern","typingStandard":"ändern","typingTargetLang":"de-DE","typingTargetDir":"ltr","typingTargetLabel":"Wort"}	menschen-a2; a2		112
ma2-lu-0113	de-vocabulary	German	phrase	Menschen A2	A2			ändern in (Akk.)	چیزی را به چیز دیگری تغییر دادن	Deutsch	فارسی	de-DE	fa-IR	front-core	[{"text":"Ich ändere den Wert in 10.","lang":"de-DE","role":"example","label":"ma2-lu-0113-ex-001","order":1},{"text":"I change the value to 10.","lang":"en-US","role":"example","label":"translation:ma2-lu-0113-ex-001","order":2}]	[]	[]	[]	{"entry_type":"phrase","canonical_entry_type":"phrase","learning_unit_id":"ma2-lu-0113","semantic_identity":"ma2-lu-0113","german_learning_contract":"gfp-german-learning-content@1.0.0","semantic_contract":"gfp-german-language-content@3.1.3","source_profile_id":"menschen-a2@2.1.0","german_definition":"","english":"","direction_policy":"language-pair","canonical_unit":{"id":"ma2-lu-0113","type":"phrase","headword":"ändern in (Akk.)","persian_meaning":"چیزی را به چیز دیگری تغییر دادن","core":{"structure":"ändern in (Akk.)"},"examples":[{"id":"ma2-lu-0113-ex-001","lang":"de-DE","text":"Ich ändere den Wert in 10.","order":1,"translations":[{"lang":"fa-IR","text":"مقدار را به ۱۰ تغییر می‌دهم."},{"lang":"en-US","text":"I change the value to 10."}]}],"metadata":{"dataset_id":"menschen-a2","unit_order":113,"tags":["menschen-a2","a2"]},"provenance":{"sources":[{"source_id":"menschen_a2_user_screenshots","source_kind":"course","what_was_verified":["orthography","persian_gloss","example_attestation"],"verification_status":"verified","locator":"screenshot-4:row-24;source-order=113","accessed_at":"2026-09-02","evidence_note":"Authoritative user-supplied source row. Raw German bundle: ändern in [+A]"},{"source_id":"assistant_translation_review","source_kind":"other","what_was_verified":["persian_example_translation","english_example_translation"],"verification_status":"verified","accessed_at":"2026-09-02","evidence_note":"Production translation generated and sense-alignment reviewed against the German example and canonical Persian meaning; this is internal production evidence, not an external lexicon claim."}]}}}	menschen-a2; a2		113
ma2-lu-0114	de-vocabulary	German	verb	Menschen A2	A2			führen	هدایت یا اداره کردن	Deutsch	فارسی	de-DE	fa-IR	front-core	[{"text":"Sie führt den Frisörsalon schon 25 Jahre.","lang":"de-DE","role":"example","label":"ma2-lu-0114-ex-001","order":1},{"text":"She has been running the hair salon for 25 years.","lang":"en-US","role":"example","label":"translation:ma2-lu-0114-ex-001","order":2}]	[]	[]	[{"title":"Formen","items":["Präsens (3. Sg.): führt","Präteritum: führte","Perfekt: hat geführt","Hilfsverb: haben"]},{"title":"Grammar Notes","items":["Akkusativobjekt (Quellennotation)"]}]	{"entry_type":"verb","canonical_entry_type":"verb","learning_unit_id":"ma2-lu-0114","semantic_identity":"ma2-lu-0114","german_learning_contract":"gfp-german-learning-content@1.0.0","semantic_contract":"gfp-german-language-content@3.1.3","source_profile_id":"menschen-a2@2.1.0","german_definition":"","english":"","direction_policy":"language-pair","canonical_unit":{"id":"ma2-lu-0114","type":"verb","headword":"führen","persian_meaning":"هدایت یا اداره کردن","core":{"present_3sg":"führt","preterite_3sg":"führte","perfect":"hat geführt","auxiliary":"haben","reflexive":false,"separability":"non_prefixed"},"examples":[{"id":"ma2-lu-0114-ex-001","lang":"de-DE","text":"Sie führt den Frisörsalon schon 25 Jahre.","order":1,"translations":[{"lang":"fa-IR","text":"او ۲۵ سال است که آرایشگاه را اداره می‌کند."},{"lang":"en-US","text":"She has been running the hair salon for 25 years."}]}],"metadata":{"dataset_id":"menschen-a2","unit_order":114,"tags":["menschen-a2","a2"]},"provenance":{"sources":[{"source_id":"menschen_a2_user_screenshots","source_kind":"course","what_was_verified":["orthography","persian_gloss","morphology","example_attestation"],"verification_status":"verified","locator":"screenshot-4:row-25;source-order=114","accessed_at":"2026-09-02","evidence_note":"Authoritative user-supplied source row. Raw German bundle: führen [+A], führt, führte, hat geführt"},{"source_id":"assistant_translation_review","source_kind":"other","what_was_verified":["persian_example_translation","english_example_translation"],"verification_status":"verified","accessed_at":"2026-09-02","evidence_note":"Production translation generated and sense-alignment reviewed against the German example and canonical Persian meaning; this is internal production evidence, not an external lexicon claim."}]},"details":{"grammar_notes":["Akkusativobjekt (Quellennotation)"]}},"present":"führt","preterite":"führte","perfect":"hat geführt","participle_ii":"","auxiliary":"haben","reflexive":false,"is_reflexive":false,"is_separable":false,"rection":"","typingCore":"führen","typingStandard":"führen","typingTargetLang":"de-DE","typingTargetDir":"ltr","typingTargetLabel":"Wort"}	menschen-a2; a2		114
ma2-lu-0115	de-vocabulary	German	verb	Menschen A2	A2			unternehmen	کاری انجام دادن، اقدام کردن	Deutsch	فارسی	de-DE	fa-IR	front-core	[{"text":"Wollen wir heute Abend etwas unternehmen?","lang":"de-DE","role":"example","label":"ma2-lu-0115-ex-001","order":1},{"text":"Shall we do something this evening?","lang":"en-US","role":"example","label":"translation:ma2-lu-0115-ex-001","order":2}]	[]	[]	[{"title":"Formen","items":["Präsens (3. Sg.): unternimmt","Präteritum: unternahm","Perfekt: hat unternommen","Hilfsverb: haben"]},{"title":"Grammar Notes","items":["Akkusativobjekt (Quellennotation)"]}]	{"entry_type":"verb","canonical_entry_type":"verb","learning_unit_id":"ma2-lu-0115","semantic_identity":"ma2-lu-0115","german_learning_contract":"gfp-german-learning-content@1.0.0","semantic_contract":"gfp-german-language-content@3.1.3","source_profile_id":"menschen-a2@2.1.0","german_definition":"","english":"","direction_policy":"language-pair","canonical_unit":{"id":"ma2-lu-0115","type":"verb","headword":"unternehmen","persian_meaning":"کاری انجام دادن، اقدام کردن","core":{"present_3sg":"unternimmt","preterite_3sg":"unternahm","perfect":"hat unternommen","auxiliary":"haben","reflexive":false,"separability":"inseparable"},"examples":[{"id":"ma2-lu-0115-ex-001","lang":"de-DE","text":"Wollen wir heute Abend etwas unternehmen?","order":1,"translations":[{"lang":"fa-IR","text":"امشب کاری انجام بدهیم؟"},{"lang":"en-US","text":"Shall we do something this evening?"}]}],"metadata":{"dataset_id":"menschen-a2","unit_order":115,"tags":["menschen-a2","a2"]},"provenance":{"sources":[{"source_id":"menschen_a2_user_screenshots","source_kind":"course","what_was_verified":["orthography","persian_gloss","morphology","example_attestation"],"verification_status":"verified","locator":"screenshot-4:row-26;source-order=115","accessed_at":"2026-09-02","evidence_note":"Authoritative user-supplied source row. Raw German bundle: unternehmen [+A], unternimmt, unternahm, hat unternommen"},{"source_id":"assistant_translation_review","source_kind":"other","what_was_verified":["persian_example_translation","english_example_translation"],"verification_status":"verified","accessed_at":"2026-09-02","evidence_note":"Production translation generated and sense-alignment reviewed against the German example and canonical Persian meaning; this is internal production evidence, not an external lexicon claim."}]},"details":{"grammar_notes":["Akkusativobjekt (Quellennotation)"]}},"present":"unternimmt","preterite":"unternahm","perfect":"hat unternommen","participle_ii":"","auxiliary":"haben","reflexive":false,"is_reflexive":false,"is_separable":false,"rection":"","typingCore":"unternehmen","typingStandard":"unternehmen","typingTargetLang":"de-DE","typingTargetDir":"ltr","typingTargetLabel":"Wort"}	menschen-a2; a2		115
ma2-lu-0116	de-vocabulary	German	phrase	Menschen A2	A2			Erfolg haben	موفق شدن، موفقیت داشتن	Deutsch	فارسی	de-DE	fa-IR	front-core	[{"text":"Keinen Erfolg haben","lang":"de-DE","role":"example","label":"ma2-lu-0116-ex-001","order":1},{"text":"not to be successful","lang":"en-US","role":"example","label":"translation:ma2-lu-0116-ex-001","order":2}]	[]	[]	[]	{"entry_type":"phrase","canonical_entry_type":"phrase","learning_unit_id":"ma2-lu-0116","semantic_identity":"ma2-lu-0116","german_learning_contract":"gfp-german-learning-content@1.0.0","semantic_contract":"gfp-german-language-content@3.1.3","source_profile_id":"menschen-a2@2.1.0","german_definition":"","english":"","direction_policy":"language-pair","canonical_unit":{"id":"ma2-lu-0116","type":"phrase","headword":"Erfolg haben","persian_meaning":"موفق شدن، موفقیت داشتن","core":{"structure":"Erfolg haben"},"examples":[{"id":"ma2-lu-0116-ex-001","lang":"de-DE","text":"Keinen Erfolg haben","order":1,"translations":[{"lang":"fa-IR","text":"موفق نبودن"},{"lang":"en-US","text":"not to be successful"}]}],"metadata":{"dataset_id":"menschen-a2","unit_order":116,"tags":["menschen-a2","a2"]},"provenance":{"sources":[{"source_id":"menschen_a2_user_screenshots","source_kind":"course","what_was_verified":["orthography","persian_gloss","example_attestation"],"verification_status":"verified","locator":"screenshot-4:row-27;source-order=116","accessed_at":"2026-09-02","evidence_note":"Authoritative user-supplied source row. Raw German bundle: Erfolg haben / Erfolg erringen / gelingen / erfolgreich werden"},{"source_id":"assistant_translation_review","source_kind":"other","what_was_verified":["persian_example_translation","english_example_translation"],"verification_status":"verified","accessed_at":"2026-09-02","evidence_note":"Production translation generated and sense-alignment reviewed against the German example and canonical Persian meaning; this is internal production evidence, not an external lexicon claim."}]}}}	menschen-a2; a2		116
ma2-lu-0117	de-vocabulary	German	verb	Menschen A2	A2			verbessern	بهبود دادن، بهتر کردن	Deutsch	فارسی	de-DE	fa-IR	front-core	[{"text":"Ich habe mein Deutsch verbessert.","lang":"de-DE","role":"example","label":"ma2-lu-0117-ex-001","order":1},{"text":"I have improved my German.","lang":"en-US","role":"example","label":"translation:ma2-lu-0117-ex-001","order":2}]	[]	[]	[{"title":"Formen","items":["Präsens (3. Sg.): verbessert","Präteritum: verbesserte","Perfekt: hat verbessert","Hilfsverb: haben"]},{"title":"Grammar Notes","items":["Akkusativobjekt (Quellennotation)"]}]	{"entry_type":"verb","canonical_entry_type":"verb","learning_unit_id":"ma2-lu-0117","semantic_identity":"ma2-lu-0117","german_learning_contract":"gfp-german-learning-content@1.0.0","semantic_contract":"gfp-german-language-content@3.1.3","source_profile_id":"menschen-a2@2.1.0","german_definition":"","english":"","direction_policy":"language-pair","canonical_unit":{"id":"ma2-lu-0117","type":"verb","headword":"verbessern","persian_meaning":"بهبود دادن، بهتر کردن","core":{"present_3sg":"verbessert","preterite_3sg":"verbesserte","perfect":"hat verbessert","auxiliary":"haben","reflexive":false,"separability":"inseparable"},"examples":[{"id":"ma2-lu-0117-ex-001","lang":"de-DE","text":"Ich habe mein Deutsch verbessert.","order":1,"translations":[{"lang":"fa-IR","text":"زبان آلمانی‌ام را بهتر کرده‌ام."},{"lang":"en-US","text":"I have improved my German."}]}],"metadata":{"dataset_id":"menschen-a2","unit_order":117,"tags":["menschen-a2","a2"]},"provenance":{"sources":[{"source_id":"menschen_a2_user_screenshots","source_kind":"course","what_was_verified":["orthography","persian_gloss","morphology","example_attestation"],"verification_status":"verified","locator":"screenshot-4:row-28;source-order=117","accessed_at":"2026-09-02","evidence_note":"Authoritative user-supplied source row. Raw German bundle: verbessern [+A], verbessert, verbesserte, hat verbessert / optimieren"},{"source_id":"assistant_translation_review","source_kind":"other","what_was_verified":["persian_example_translation","english_example_translation"],"verification_status":"verified","accessed_at":"2026-09-02","evidence_note":"Production translation generated and sense-alignment reviewed against the German example and canonical Persian meaning; this is internal production evidence, not an external lexicon claim."}]},"details":{"grammar_notes":["Akkusativobjekt (Quellennotation)"]}},"present":"verbessert","preterite":"verbesserte","perfect":"hat verbessert","participle_ii":"","auxiliary":"haben","reflexive":false,"is_reflexive":false,"is_separable":false,"rection":"","typingCore":"verbessern","typingStandard":"verbessern","typingTargetLang":"de-DE","typingTargetDir":"ltr","typingTargetLabel":"Wort"}	menschen-a2; a2		117
ma2-lu-0118	de-vocabulary	German	verb	Menschen A2	A2			sich verbessern	بهتر شدن، پیشرفت کردن	Deutsch	فارسی	de-DE	fa-IR	front-core	[{"text":"Meine Kinder haben sich in der Schule verbessert.","lang":"de-DE","role":"example","label":"ma2-lu-0118-ex-001","order":1},{"text":"My children have improved at school.","lang":"en-US","role":"example","label":"translation:ma2-lu-0118-ex-001","order":2}]	[]	[]	[{"title":"Formen","items":["Präsens (3. Sg.): verbessert sich","Präteritum: verbesserte sich","Perfekt: hat sich verbessert","Hilfsverb: haben"]},{"title":"Grammar Notes","items":["Akkusativobjekt (Quellennotation)"]}]	{"entry_type":"verb","canonical_entry_type":"verb","learning_unit_id":"ma2-lu-0118","semantic_identity":"ma2-lu-0118","german_learning_contract":"gfp-german-learning-content@1.0.0","semantic_contract":"gfp-german-language-content@3.1.3","source_profile_id":"menschen-a2@2.1.0","german_definition":"","english":"","direction_policy":"language-pair","canonical_unit":{"id":"ma2-lu-0118","type":"verb","headword":"sich verbessern","persian_meaning":"بهتر شدن، پیشرفت کردن","core":{"present_3sg":"verbessert sich","preterite_3sg":"verbesserte sich","perfect":"hat sich verbessert","auxiliary":"haben","reflexive":true,"separability":"inseparable"},"examples":[{"id":"ma2-lu-0118-ex-001","lang":"de-DE","text":"Meine Kinder haben sich in der Schule verbessert.","order":1,"translations":[{"lang":"fa-IR","text":"بچه‌هایم در مدرسه پیشرفت کرده‌اند."},{"lang":"en-US","text":"My children have improved at school."}]}],"metadata":{"dataset_id":"menschen-a2","unit_order":118,"tags":["menschen-a2","a2"]},"provenance":{"sources":[{"source_id":"menschen_a2_user_screenshots","source_kind":"course","what_was_verified":["orthography","persian_gloss","morphology","example_attestation"],"verification_status":"verified","locator":"screenshot-4:row-29;source-order=118","accessed_at":"2026-09-02","evidence_note":"Authoritative user-supplied source row. Raw German bundle: sich verbessern [+A], verbesserte sich, hat sich verbessert / besser werden"},{"source_id":"assistant_translation_review","source_kind":"other","what_was_verified":["persian_example_translation","english_example_translation"],"verification_status":"verified","accessed_at":"2026-09-02","evidence_note":"Production translation generated and sense-alignment reviewed against the German example and canonical Persian meaning; this is internal production evidence, not an external lexicon claim."}]},"details":{"grammar_notes":["Akkusativobjekt (Quellennotation)"]}},"present":"verbessert sich","preterite":"verbesserte sich","perfect":"hat sich verbessert","participle_ii":"","auxiliary":"haben","reflexive":true,"is_reflexive":true,"is_separable":false,"rection":"","typingCore":"sich verbessern","typingStandard":"sich verbessern","typingTargetLang":"de-DE","typingTargetDir":"ltr","typingTargetLabel":"Wort"}	menschen-a2; a2		118
ma2-lu-0119	de-vocabulary	German	verb	Menschen A2	A2			sich beschweren	اعتراض یا شکایت کردن	Deutsch	فارسی	de-DE	fa-IR	front-core	[{"text":"Ich möchte mich beschweren.","lang":"de-DE","role":"example","label":"ma2-lu-0119-ex-001","order":1},{"text":"I would like to complain.","lang":"en-US","role":"example","label":"translation:ma2-lu-0119-ex-001","order":2}]	[]	[]	[{"title":"Formen","items":["Präsens (3. Sg.): beschwert sich","Präteritum: beschwerte sich","Perfekt: hat sich beschwert","Hilfsverb: haben"]}]	{"entry_type":"verb","canonical_entry_type":"verb","learning_unit_id":"ma2-lu-0119","semantic_identity":"ma2-lu-0119","german_learning_contract":"gfp-german-learning-content@1.0.0","semantic_contract":"gfp-german-language-content@3.1.3","source_profile_id":"menschen-a2@2.1.0","german_definition":"","english":"","direction_policy":"language-pair","canonical_unit":{"id":"ma2-lu-0119","type":"verb","headword":"sich beschweren","persian_meaning":"اعتراض یا شکایت کردن","core":{"present_3sg":"beschwert sich","preterite_3sg":"beschwerte sich","perfect":"hat sich beschwert","auxiliary":"haben","reflexive":true,"separability":"inseparable"},"examples":[{"id":"ma2-lu-0119-ex-001","lang":"de-DE","text":"Ich möchte mich beschweren.","order":1,"translations":[{"lang":"fa-IR","text":"می‌خواهم شکایت کنم."},{"lang":"en-US","text":"I would like to complain."}]}],"metadata":{"dataset_id":"menschen-a2","unit_order":119,"tags":["menschen-a2","a2"]},"provenance":{"sources":[{"source_id":"menschen_a2_user_screenshots","source_kind":"course","what_was_verified":["orthography","persian_gloss","morphology","example_attestation"],"verification_status":"verified","locator":"screenshot-5:row-1;source-order=119","accessed_at":"2026-09-02","evidence_note":"Authoritative user-supplied source row. Raw German bundle: sich beschweren, beschwerte sich, hat sich beschwert"},{"source_id":"assistant_translation_review","source_kind":"other","what_was_verified":["persian_example_translation","english_example_translation"],"verification_status":"verified","accessed_at":"2026-09-02","evidence_note":"Production translation generated and sense-alignment reviewed against the German example and canonical Persian meaning; this is internal production evidence, not an external lexicon claim."}]}},"present":"beschwert sich","preterite":"beschwerte sich","perfect":"hat sich beschwert","participle_ii":"","auxiliary":"haben","reflexive":true,"is_reflexive":true,"is_separable":false,"rection":"","typingCore":"sich beschweren","typingStandard":"sich beschweren","typingTargetLang":"de-DE","typingTargetDir":"ltr","typingTargetLabel":"Wort"}	menschen-a2; a2		119
ma2-lu-0120	de-vocabulary	German	verb	Menschen A2	A2			reklamieren	اعتراض یا شکایت رسمی کردن	Deutsch	فارسی	de-DE	fa-IR	front-core	[{"text":"Bei jdm. wegen etw. reklamieren","lang":"de-DE","role":"example","label":"ma2-lu-0120-ex-001","order":1},{"text":"to complain to someone about something","lang":"en-US","role":"example","label":"translation:ma2-lu-0120-ex-001","order":2}]	[]	[]	[{"title":"Formen","items":["Präsens (3. Sg.): reklamiert","Präteritum: reklamierte","Perfekt: hat reklamiert","Hilfsverb: haben"]}]	{"entry_type":"verb","canonical_entry_type":"verb","learning_unit_id":"ma2-lu-0120","semantic_identity":"ma2-lu-0120","german_learning_contract":"gfp-german-learning-content@1.0.0","semantic_contract":"gfp-german-language-content@3.1.3","source_profile_id":"menschen-a2@2.1.0","german_definition":"","english":"","direction_policy":"language-pair","canonical_unit":{"id":"ma2-lu-0120","type":"verb","headword":"reklamieren","persian_meaning":"اعتراض یا شکایت رسمی کردن","core":{"present_3sg":"reklamiert","preterite_3sg":"reklamierte","perfect":"hat reklamiert","auxiliary":"haben","reflexive":false,"separability":"non_prefixed"},"examples":[{"id":"ma2-lu-0120-ex-001","lang":"de-DE","text":"Bei jdm. wegen etw. reklamieren","order":1,"translations":[{"lang":"fa-IR","text":"نزد کسی درباره چیزی شکایت کردن"},{"lang":"en-US","text":"to complain to someone about something"}]}],"metadata":{"dataset_id":"menschen-a2","unit_order":120,"tags":["menschen-a2","a2"]},"provenance":{"sources":[{"source_id":"menschen_a2_user_screenshots","source_kind":"course","what_was_verified":["orthography","persian_gloss","morphology","example_attestation"],"verification_status":"verified","locator":"screenshot-5:row-2;source-order=120","accessed_at":"2026-09-02","evidence_note":"Authoritative user-supplied source row. Raw German bundle: reklamieren, reklamiert, reklamierte, hat reklamiert"},{"source_id":"assistant_translation_review","source_kind":"other","what_was_verified":["persian_example_translation","english_example_translation"],"verification_status":"verified","accessed_at":"2026-09-02","evidence_note":"Production translation generated and sense-alignment reviewed against the German example and canonical Persian meaning; this is internal production evidence, not an external lexicon claim."}]}},"present":"reklamiert","preterite":"reklamierte","perfect":"hat reklamiert","participle_ii":"","auxiliary":"haben","reflexive":false,"is_reflexive":false,"is_separable":false,"rection":"","typingCore":"reklamieren","typingStandard":"reklamieren","typingTargetLang":"de-DE","typingTargetDir":"ltr","typingTargetLabel":"Wort"}	menschen-a2; a2		120
ma2-lu-0121	de-vocabulary	German	phrase	Menschen A2	A2			sich mit jdm. anfreunden	با کسی دوست شدن	Deutsch	فارسی	de-DE	fa-IR	front-core	[{"text":"Sich leicht, schwer mit jemandem anfreunden","lang":"de-DE","role":"example","label":"ma2-lu-0121-ex-001","order":1},{"text":"to make friends with someone easily / with difficulty","lang":"en-US","role":"example","label":"translation:ma2-lu-0121-ex-001","order":2}]	[]	[]	[]	{"entry_type":"phrase","canonical_entry_type":"phrase","learning_unit_id":"ma2-lu-0121","semantic_identity":"ma2-lu-0121","german_learning_contract":"gfp-german-learning-content@1.0.0","semantic_contract":"gfp-german-language-content@3.1.3","source_profile_id":"menschen-a2@2.1.0","german_definition":"","english":"","direction_policy":"language-pair","canonical_unit":{"id":"ma2-lu-0121","type":"phrase","headword":"sich mit jdm. anfreunden","persian_meaning":"با کسی دوست شدن","core":{"structure":"sich mit jdm. anfreunden"},"examples":[{"id":"ma2-lu-0121-ex-001","lang":"de-DE","text":"Sich leicht, schwer mit jemandem anfreunden","order":1,"translations":[{"lang":"fa-IR","text":"به‌راحتی / به‌سختی با کسی دوست شدن"},{"lang":"en-US","text":"to make friends with someone easily / with difficulty"}]}],"metadata":{"dataset_id":"menschen-a2","unit_order":121,"tags":["menschen-a2","a2"]},"provenance":{"sources":[{"source_id":"menschen_a2_user_screenshots","source_kind":"course","what_was_verified":["orthography","persian_gloss","example_attestation"],"verification_status":"verified","locator":"screenshot-5:row-3;source-order=121","accessed_at":"2026-09-02","evidence_note":"Authoritative user-supplied source row. Raw German bundle: sich mit jdm. anfreunden"},{"source_id":"assistant_translation_review","source_kind":"other","what_was_verified":["persian_example_translation","english_example_translation"],"verification_status":"verified","accessed_at":"2026-09-02","evidence_note":"Production translation generated and sense-alignment reviewed against the German example and canonical Persian meaning; this is internal production evidence, not an external lexicon claim."}]}}}	menschen-a2; a2		121
ma2-lu-0122	de-vocabulary	German	verb	Menschen A2	A2			herstellen	تولید یا ساخته کردن	Deutsch	فارسی	de-DE	fa-IR	front-core	[{"text":"HP stellt Computer her.","lang":"de-DE","role":"example","label":"ma2-lu-0122-ex-001","order":1},{"text":"HP manufactures computers.","lang":"en-US","role":"example","label":"translation:ma2-lu-0122-ex-001","order":2}]	[]	[]	[{"title":"Formen","items":["Präsens (3. Sg.): stellt her","Präteritum: stellte her","Perfekt: hat hergestellt","Hilfsverb: haben"]},{"title":"Grammar Notes","items":["Akkusativobjekt (Quellennotation)"]}]	{"entry_type":"verb","canonical_entry_type":"verb","learning_unit_id":"ma2-lu-0122","semantic_identity":"ma2-lu-0122","german_learning_contract":"gfp-german-learning-content@1.0.0","semantic_contract":"gfp-german-language-content@3.1.3","source_profile_id":"menschen-a2@2.1.0","german_definition":"","english":"","direction_policy":"language-pair","canonical_unit":{"id":"ma2-lu-0122","type":"verb","headword":"herstellen","persian_meaning":"تولید یا ساخته کردن","core":{"present_3sg":"stellt her","preterite_3sg":"stellte her","perfect":"hat hergestellt","auxiliary":"haben","reflexive":false,"separability":"separable"},"examples":[{"id":"ma2-lu-0122-ex-001","lang":"de-DE","text":"HP stellt Computer her.","order":1,"translations":[{"lang":"fa-IR","text":"اچ‌پی کامپیوتر تولید می‌کند."},{"lang":"en-US","text":"HP manufactures computers."}]}],"metadata":{"dataset_id":"menschen-a2","unit_order":122,"tags":["menschen-a2","a2"]},"provenance":{"sources":[{"source_id":"menschen_a2_user_screenshots","source_kind":"course","what_was_verified":["orthography","persian_gloss","morphology","example_attestation"],"verification_status":"verified","locator":"screenshot-5:row-4;source-order=122","accessed_at":"2026-09-02","evidence_note":"Authoritative user-supplied source row. Raw German bundle: herstellen [+A], stellte her, hat hergestellt"},{"source_id":"assistant_translation_review","source_kind":"other","what_was_verified":["persian_example_translation","english_example_translation"],"verification_status":"verified","accessed_at":"2026-09-02","evidence_note":"Production translation generated and sense-alignment reviewed against the German example and canonical Persian meaning; this is internal production evidence, not an external lexicon claim."}]},"details":{"grammar_notes":["Akkusativobjekt (Quellennotation)"]}},"present":"stellt her","preterite":"stellte her","perfect":"hat hergestellt","participle_ii":"","auxiliary":"haben","reflexive":false,"is_reflexive":false,"is_separable":true,"rection":"","typingCore":"herstellen","typingStandard":"herstellen","typingTargetLang":"de-DE","typingTargetDir":"ltr","typingTargetLabel":"Wort"}	menschen-a2; a2		122
ma2-lu-0123	de-vocabulary	German	verb	Menschen A2	A2			organisieren	سازمان‌دهی و ترتیب دادن	Deutsch	فارسی	de-DE	fa-IR	front-core	[{"text":"Die Feier wurde gut organisiert.","lang":"de-DE","role":"example","label":"ma2-lu-0123-ex-001","order":1},{"text":"The party was well organized.","lang":"en-US","role":"example","label":"translation:ma2-lu-0123-ex-001","order":2}]	[]	[]	[{"title":"Formen","items":["Präsens (3. Sg.): organisiert","Präteritum: organisierte","Perfekt: hat organisiert","Hilfsverb: haben"]},{"title":"Grammar Notes","items":["Akkusativobjekt (Quellennotation)"]}]	{"entry_type":"verb","canonical_entry_type":"verb","learning_unit_id":"ma2-lu-0123","semantic_identity":"ma2-lu-0123","german_learning_contract":"gfp-german-learning-content@1.0.0","semantic_contract":"gfp-german-language-content@3.1.3","source_profile_id":"menschen-a2@2.1.0","german_definition":"","english":"","direction_policy":"language-pair","canonical_unit":{"id":"ma2-lu-0123","type":"verb","headword":"organisieren","persian_meaning":"سازمان‌دهی و ترتیب دادن","core":{"present_3sg":"organisiert","preterite_3sg":"organisierte","perfect":"hat organisiert","auxiliary":"haben","reflexive":false,"separability":"non_prefixed"},"examples":[{"id":"ma2-lu-0123-ex-001","lang":"de-DE","text":"Die Feier wurde gut organisiert.","order":1,"translations":[{"lang":"fa-IR","text":"جشن خوب سازمان‌دهی شده بود."},{"lang":"en-US","text":"The party was well organized."}]}],"metadata":{"dataset_id":"menschen-a2","unit_order":123,"tags":["menschen-a2","a2"]},"provenance":{"sources":[{"source_id":"menschen_a2_user_screenshots","source_kind":"course","what_was_verified":["orthography","persian_gloss","morphology","example_attestation"],"verification_status":"verified","locator":"screenshot-5:row-5;source-order=123","accessed_at":"2026-09-02","evidence_note":"Authoritative user-supplied source row. Raw German bundle: organisieren [+A], organisiert, organisierte, hat organisiert"},{"source_id":"assistant_translation_review","source_kind":"other","what_was_verified":["persian_example_translation","english_example_translation"],"verification_status":"verified","accessed_at":"2026-09-02","evidence_note":"Production translation generated and sense-alignment reviewed against the German example and canonical Persian meaning; this is internal production evidence, not an external lexicon claim."}]},"details":{"grammar_notes":["Akkusativobjekt (Quellennotation)"]}},"present":"organisiert","preterite":"organisierte","perfect":"hat organisiert","participle_ii":"","auxiliary":"haben","reflexive":false,"is_reflexive":false,"is_separable":false,"rection":"","typingCore":"organisieren","typingStandard":"organisieren","typingTargetLang":"de-DE","typingTargetDir":"ltr","typingTargetLabel":"Wort"}	menschen-a2; a2		123
ma2-lu-0124	de-vocabulary	German	phrase	Menschen A2	A2			sich bei jdm. für etw. bedanken	از کسی بابت چیزی تشکر کردن	Deutsch	فارسی	de-DE	fa-IR	front-core	[{"text":"Ich bedankte mich höflich bei ihr für die Einladung","lang":"de-DE","role":"example","label":"ma2-lu-0124-ex-001","order":1},{"text":"I politely thanked her for the invitation.","lang":"en-US","role":"example","label":"translation:ma2-lu-0124-ex-001","order":2}]	[]	[]	[]	{"entry_type":"phrase","canonical_entry_type":"phrase","learning_unit_id":"ma2-lu-0124","semantic_identity":"ma2-lu-0124","german_learning_contract":"gfp-german-learning-content@1.0.0","semantic_contract":"gfp-german-language-content@3.1.3","source_profile_id":"menschen-a2@2.1.0","german_definition":"","english":"","direction_policy":"language-pair","canonical_unit":{"id":"ma2-lu-0124","type":"phrase","headword":"sich bei jdm. für etw. bedanken","persian_meaning":"از کسی بابت چیزی تشکر کردن","core":{"structure":"sich bei jdm. für etw. bedanken"},"examples":[{"id":"ma2-lu-0124-ex-001","lang":"de-DE","text":"Ich bedankte mich höflich bei ihr für die Einladung","order":1,"translations":[{"lang":"fa-IR","text":"من مؤدبانه بابت دعوت از او تشکر کردم."},{"lang":"en-US","text":"I politely thanked her for the invitation."}]}],"metadata":{"dataset_id":"menschen-a2","unit_order":124,"tags":["menschen-a2","a2"]},"provenance":{"sources":[{"source_id":"menschen_a2_user_screenshots","source_kind":"course","what_was_verified":["orthography","persian_gloss","example_attestation"],"verification_status":"verified","locator":"screenshot-5:row-6;source-order=124","accessed_at":"2026-09-02","evidence_note":"Authoritative user-supplied source row. Raw German bundle: sich bei jdm. für etw. bedanken"},{"source_id":"assistant_translation_review","source_kind":"other","what_was_verified":["persian_example_translation","english_example_translation"],"verification_status":"verified","accessed_at":"2026-09-02","evidence_note":"Production translation generated and sense-alignment reviewed against the German example and canonical Persian meaning; this is internal production evidence, not an external lexicon claim."}]}}}	menschen-a2; a2		124
ma2-lu-0125	de-vocabulary	German	phrase	Menschen A2	A2			sich an (Akk.) jdn./etw. erinnern	کسی یا چیزی را به یاد آوردن	Deutsch	فارسی	de-DE	fa-IR	front-core	[{"text":"Ich erinnere mich an meine Kindheit.","lang":"de-DE","role":"example","label":"ma2-lu-0125-ex-001","order":1},{"text":"I remember my childhood.","lang":"en-US","role":"example","label":"translation:ma2-lu-0125-ex-001","order":2}]	[]	[]	[]	{"entry_type":"phrase","canonical_entry_type":"phrase","learning_unit_id":"ma2-lu-0125","semantic_identity":"ma2-lu-0125","german_learning_contract":"gfp-german-learning-content@1.0.0","semantic_contract":"gfp-german-language-content@3.1.3","source_profile_id":"menschen-a2@2.1.0","german_definition":"","english":"","direction_policy":"language-pair","canonical_unit":{"id":"ma2-lu-0125","type":"phrase","headword":"sich an (Akk.) jdn./etw. erinnern","persian_meaning":"کسی یا چیزی را به یاد آوردن","core":{"structure":"sich an (Akk.) jdn./etw. erinnern"},"examples":[{"id":"ma2-lu-0125-ex-001","lang":"de-DE","text":"Ich erinnere mich an meine Kindheit.","order":1,"translations":[{"lang":"fa-IR","text":"من دوران کودکی‌ام را به یاد می‌آورم."},{"lang":"en-US","text":"I remember my childhood."}]}],"metadata":{"dataset_id":"menschen-a2","unit_order":125,"tags":["menschen-a2","a2"]},"provenance":{"sources":[{"source_id":"menschen_a2_user_screenshots","source_kind":"course","what_was_verified":["orthography","persian_gloss","example_attestation"],"verification_status":"verified","locator":"screenshot-5:row-7;source-order=125","accessed_at":"2026-09-02","evidence_note":"Authoritative user-supplied source row. Raw German bundle: sich an (akk.) jdn./etw. erinnern"},{"source_id":"assistant_translation_review","source_kind":"other","what_was_verified":["persian_example_translation","english_example_translation"],"verification_status":"verified","accessed_at":"2026-09-02","evidence_note":"Production translation generated and sense-alignment reviewed against the German example and canonical Persian meaning; this is internal production evidence, not an external lexicon claim."}]}}}	menschen-a2; a2		125
ma2-lu-0126	de-vocabulary	German	verb	Menschen A2	A2			sich fühlen	احساس کردن	Deutsch	فارسی	de-DE	fa-IR	front-core	[{"text":"Ich fühle mich ausgezeichnet.","lang":"de-DE","role":"example","label":"ma2-lu-0126-ex-001","order":1},{"text":"I feel excellent.","lang":"en-US","role":"example","label":"translation:ma2-lu-0126-ex-001","order":2}]	[]	[]	[{"title":"Formen","items":["Präsens (3. Sg.): fühlt sich","Präteritum: fühlte sich","Perfekt: hat sich gefühlt","Hilfsverb: haben"]}]	{"entry_type":"verb","canonical_entry_type":"verb","learning_unit_id":"ma2-lu-0126","semantic_identity":"ma2-lu-0126","german_learning_contract":"gfp-german-learning-content@1.0.0","semantic_contract":"gfp-german-language-content@3.1.3","source_profile_id":"menschen-a2@2.1.0","german_definition":"","english":"","direction_policy":"language-pair","canonical_unit":{"id":"ma2-lu-0126","type":"verb","headword":"sich fühlen","persian_meaning":"احساس کردن","core":{"present_3sg":"fühlt sich","preterite_3sg":"fühlte sich","perfect":"hat sich gefühlt","auxiliary":"haben","reflexive":true,"separability":"non_prefixed"},"examples":[{"id":"ma2-lu-0126-ex-001","lang":"de-DE","text":"Ich fühle mich ausgezeichnet.","order":1,"translations":[{"lang":"fa-IR","text":"احساس فوق‌العاده‌ای دارم."},{"lang":"en-US","text":"I feel excellent."}]}],"metadata":{"dataset_id":"menschen-a2","unit_order":126,"tags":["menschen-a2","a2"]},"provenance":{"sources":[{"source_id":"menschen_a2_user_screenshots","source_kind":"course","what_was_verified":["orthography","persian_gloss","morphology","example_attestation"],"verification_status":"verified","locator":"screenshot-5:row-8;source-order=126","accessed_at":"2026-09-02","evidence_note":"Authoritative user-supplied source row. Raw German bundle: sich fühlen, fühlte sich, hat sich gefühlt"},{"source_id":"assistant_translation_review","source_kind":"other","what_was_verified":["persian_example_translation","english_example_translation"],"verification_status":"verified","accessed_at":"2026-09-02","evidence_note":"Production translation generated and sense-alignment reviewed against the German example and canonical Persian meaning; this is internal production evidence, not an external lexicon claim."}]}},"present":"fühlt sich","preterite":"fühlte sich","perfect":"hat sich gefühlt","participle_ii":"","auxiliary":"haben","reflexive":true,"is_reflexive":true,"is_separable":false,"rection":"","typingCore":"sich fühlen","typingStandard":"sich fühlen","typingTargetLang":"de-DE","typingTargetDir":"ltr","typingTargetLabel":"Wort"}	menschen-a2; a2		126
ma2-lu-0127	de-vocabulary	German	phrase	Menschen A2	A2			sich mit jdm. über etw. streiten	با کسی درباره چیزی دعوا یا بحث کردن	Deutsch	فارسی	de-DE	fa-IR	front-core	[{"text":"Sich mit seinem Bruder [um nichts, wegen Kleinigkeiten] streiten","lang":"de-DE","role":"example","label":"ma2-lu-0127-ex-001","order":1},{"text":"to argue with one's brother about nothing or trivial things","lang":"en-US","role":"example","label":"translation:ma2-lu-0127-ex-001","order":2}]	[]	[]	[]	{"entry_type":"phrase","canonical_entry_type":"phrase","learning_unit_id":"ma2-lu-0127","semantic_identity":"ma2-lu-0127","german_learning_contract":"gfp-german-learning-content@1.0.0","semantic_contract":"gfp-german-language-content@3.1.3","source_profile_id":"menschen-a2@2.1.0","german_definition":"","english":"","direction_policy":"language-pair","canonical_unit":{"id":"ma2-lu-0127","type":"phrase","headword":"sich mit jdm. über etw. streiten","persian_meaning":"با کسی درباره چیزی دعوا یا بحث کردن","core":{"structure":"sich mit jdm. über etw. streiten"},"examples":[{"id":"ma2-lu-0127-ex-001","lang":"de-DE","text":"Sich mit seinem Bruder [um nichts, wegen Kleinigkeiten] streiten","order":1,"translations":[{"lang":"fa-IR","text":"با برادرش بر سر هیچ یا مسائل جزئی دعوا کردن"},{"lang":"en-US","text":"to argue with one's brother about nothing or trivial things"}]}],"metadata":{"dataset_id":"menschen-a2","unit_order":127,"tags":["menschen-a2","a2"]},"provenance":{"sources":[{"source_id":"menschen_a2_user_screenshots","source_kind":"course","what_was_verified":["orthography","persian_gloss","example_attestation"],"verification_status":"verified","locator":"screenshot-5:row-9;source-order=127","accessed_at":"2026-09-02","evidence_note":"Authoritative user-supplied source row. Raw German bundle: sich mit jdm. über etw. streiten"},{"source_id":"assistant_translation_review","source_kind":"other","what_was_verified":["persian_example_translation","english_example_translation"],"verification_status":"verified","accessed_at":"2026-09-02","evidence_note":"Production translation generated and sense-alignment reviewed against the German example and canonical Persian meaning; this is internal production evidence, not an external lexicon claim."}]}}}	menschen-a2; a2		127
ma2-lu-0128	de-vocabulary	German	verb	Menschen A2	A2			unterhalten	سرگرم کردن، تأمین معاش کردن	Deutsch	فارسی	de-DE	fa-IR	front-core	[{"text":"Er unterhält seine Familie.","lang":"de-DE","role":"example","label":"ma2-lu-0128-ex-001","order":1},{"text":"He supports his family.","lang":"en-US","role":"example","label":"translation:ma2-lu-0128-ex-001","order":2}]	[]	[]	[{"title":"Formen","items":["Präsens (3. Sg.): unterhält","Präteritum: unterhielt","Perfekt: hat unterhalten","Hilfsverb: haben"]},{"title":"Grammar Notes","items":["Akkusativobjekt (Quellennotation)"]}]	{"entry_type":"verb","canonical_entry_type":"verb","learning_unit_id":"ma2-lu-0128","semantic_identity":"ma2-lu-0128","german_learning_contract":"gfp-german-learning-content@1.0.0","semantic_contract":"gfp-german-language-content@3.1.3","source_profile_id":"menschen-a2@2.1.0","german_definition":"","english":"","direction_policy":"language-pair","canonical_unit":{"id":"ma2-lu-0128","type":"verb","headword":"unterhalten","persian_meaning":"سرگرم کردن، تأمین معاش کردن","core":{"present_3sg":"unterhält","preterite_3sg":"unterhielt","perfect":"hat unterhalten","auxiliary":"haben","reflexive":false,"separability":"inseparable"},"examples":[{"id":"ma2-lu-0128-ex-001","lang":"de-DE","text":"Er unterhält seine Familie.","order":1,"translations":[{"lang":"fa-IR","text":"او هزینه زندگی خانواده‌اش را تأمین می‌کند."},{"lang":"en-US","text":"He supports his family."}]}],"metadata":{"dataset_id":"menschen-a2","unit_order":128,"tags":["menschen-a2","a2"]},"provenance":{"sources":[{"source_id":"menschen_a2_user_screenshots","source_kind":"course","what_was_verified":["orthography","persian_gloss","morphology","example_attestation"],"verification_status":"verified","locator":"screenshot-5:row-10;source-order=128","accessed_at":"2026-09-02","evidence_note":"Authoritative user-supplied source row. Raw German bundle: unterhalten [+A], unterhält, unterhielt, hat unterhalten"},{"source_id":"assistant_translation_review","source_kind":"other","what_was_verified":["persian_example_translation","english_example_translation"],"verification_status":"verified","accessed_at":"2026-09-02","evidence_note":"Production translation generated and sense-alignment reviewed against the German example and canonical Persian meaning; this is internal production evidence, not an external lexicon claim."}]},"details":{"grammar_notes":["Akkusativobjekt (Quellennotation)"]}},"present":"unterhält","preterite":"unterhielt","perfect":"hat unterhalten","participle_ii":"","auxiliary":"haben","reflexive":false,"is_reflexive":false,"is_separable":false,"rection":"","typingCore":"unterhalten","typingStandard":"unterhalten","typingTargetLang":"de-DE","typingTargetDir":"ltr","typingTargetLabel":"Wort"}	menschen-a2; a2		128
ma2-lu-0129	de-vocabulary	German	verb	Menschen A2	A2			sich unterhalten	گفت‌وگو کردن	Deutsch	فارسی	de-DE	fa-IR	front-core	[{"text":"Worüber habt ihr euch unterhalten?","lang":"de-DE","role":"example","label":"ma2-lu-0129-ex-001","order":1},{"text":"What did you talk about?","lang":"en-US","role":"example","label":"translation:ma2-lu-0129-ex-001","order":2}]	[]	[]	[{"title":"Formen","items":["Präsens (3. Sg.): unterhält sich","Präteritum: unterhielt sich","Perfekt: hat sich unterhalten","Hilfsverb: haben"]},{"title":"Grammar Notes","items":["Akkusativobjekt (Quellennotation)"]}]	{"entry_type":"verb","canonical_entry_type":"verb","learning_unit_id":"ma2-lu-0129","semantic_identity":"ma2-lu-0129","german_learning_contract":"gfp-german-learning-content@1.0.0","semantic_contract":"gfp-german-language-content@3.1.3","source_profile_id":"menschen-a2@2.1.0","german_definition":"","english":"","direction_policy":"language-pair","canonical_unit":{"id":"ma2-lu-0129","type":"verb","headword":"sich unterhalten","persian_meaning":"گفت‌وگو کردن","core":{"present_3sg":"unterhält sich","preterite_3sg":"unterhielt sich","perfect":"hat sich unterhalten","auxiliary":"haben","reflexive":true,"separability":"inseparable"},"examples":[{"id":"ma2-lu-0129-ex-001","lang":"de-DE","text":"Worüber habt ihr euch unterhalten?","order":1,"translations":[{"lang":"fa-IR","text":"درباره چه چیزی با هم صحبت کردید؟"},{"lang":"en-US","text":"What did you talk about?"}]}],"metadata":{"dataset_id":"menschen-a2","unit_order":129,"tags":["menschen-a2","a2"]},"provenance":{"sources":[{"source_id":"menschen_a2_user_screenshots","source_kind":"course","what_was_verified":["orthography","persian_gloss","morphology","example_attestation"],"verification_status":"verified","locator":"screenshot-5:row-11;source-order=129","accessed_at":"2026-09-02","evidence_note":"Authoritative user-supplied source row. Raw German bundle: sich unterhalten [+A], unterhielt sich, hat sich unterhalten"},{"source_id":"assistant_translation_review","source_kind":"other","what_was_verified":["persian_example_translation","english_example_translation"],"verification_status":"verified","accessed_at":"2026-09-02","evidence_note":"Production translation generated and sense-alignment reviewed against the German example and canonical Persian meaning; this is internal production evidence, not an external lexicon claim."}]},"details":{"grammar_notes":["Akkusativobjekt (Quellennotation)"]}},"present":"unterhält sich","preterite":"unterhielt sich","perfect":"hat sich unterhalten","participle_ii":"","auxiliary":"haben","reflexive":true,"is_reflexive":true,"is_separable":false,"rection":"","typingCore":"sich unterhalten","typingStandard":"sich unterhalten","typingTargetLang":"de-DE","typingTargetDir":"ltr","typingTargetLabel":"Wort"}	menschen-a2; a2		129
ma2-lu-0130	de-vocabulary	German	phrase	Menschen A2	A2			sich mit jdm. über jdn./etw. unterhalten	با کسی درباره کسی یا چیزی گفت‌وگو کردن	Deutsch	فارسی	de-DE	fa-IR	front-core	[{"text":"Ich unterhalte mich mit ihm über das Projekt.","lang":"de-DE","role":"example","label":"ma2-lu-0130-ex-001","order":1},{"text":"I talk to him about the project.","lang":"en-US","role":"example","label":"translation:ma2-lu-0130-ex-001","order":2}]	[]	[]	[]	{"entry_type":"phrase","canonical_entry_type":"phrase","learning_unit_id":"ma2-lu-0130","semantic_identity":"ma2-lu-0130","german_learning_contract":"gfp-german-learning-content@1.0.0","semantic_contract":"gfp-german-language-content@3.1.3","source_profile_id":"menschen-a2@2.1.0","german_definition":"","english":"","direction_policy":"language-pair","canonical_unit":{"id":"ma2-lu-0130","type":"phrase","headword":"sich mit jdm. über jdn./etw. unterhalten","persian_meaning":"با کسی درباره کسی یا چیزی گفت‌وگو کردن","core":{"structure":"sich mit jdm. über jdn./etw. unterhalten"},"examples":[{"id":"ma2-lu-0130-ex-001","lang":"de-DE","text":"Ich unterhalte mich mit ihm über das Projekt.","order":1,"translations":[{"lang":"fa-IR","text":"من با او درباره پروژه صحبت می‌کنم."},{"lang":"en-US","text":"I talk to him about the project."}]}],"metadata":{"dataset_id":"menschen-a2","unit_order":130,"tags":["menschen-a2","a2"]},"provenance":{"sources":[{"source_id":"menschen_a2_user_screenshots","source_kind":"course","what_was_verified":["orthography","persian_gloss","example_attestation"],"verification_status":"verified","locator":"screenshot-5:row-12;source-order=130","accessed_at":"2026-09-02","evidence_note":"Authoritative user-supplied source row. Raw German bundle: sich mit jdm. über jdn./etw. unterhalten"},{"source_id":"assistant_translation_review","source_kind":"other","what_was_verified":["persian_example_translation","english_example_translation"],"verification_status":"verified","accessed_at":"2026-09-02","evidence_note":"Production translation generated and sense-alignment reviewed against the German example and canonical Persian meaning; this is internal production evidence, not an external lexicon claim."}]}}}	menschen-a2; a2		130
ma2-lu-0131	de-vocabulary	German	verb	Menschen A2	A2			wegwerfen	دور انداختن	Deutsch	فارسی	de-DE	fa-IR	front-core	[{"text":"Du kannst das alte Papier wegwerfen.","lang":"de-DE","role":"example","label":"ma2-lu-0131-ex-001","order":1},{"text":"You can throw away the old paper.","lang":"en-US","role":"example","label":"translation:ma2-lu-0131-ex-001","order":2}]	[]	[]	[{"title":"Formen","items":["Präsens (3. Sg.): wirft weg","Präteritum: warf weg","Perfekt: hat weggeworfen","Hilfsverb: haben"]},{"title":"Grammar Notes","items":["Akkusativobjekt (Quellennotation)"]}]	{"entry_type":"verb","canonical_entry_type":"verb","learning_unit_id":"ma2-lu-0131","semantic_identity":"ma2-lu-0131","german_learning_contract":"gfp-german-learning-content@1.0.0","semantic_contract":"gfp-german-language-content@3.1.3","source_profile_id":"menschen-a2@2.1.0","german_definition":"","english":"","direction_policy":"language-pair","canonical_unit":{"id":"ma2-lu-0131","type":"verb","headword":"wegwerfen","persian_meaning":"دور انداختن","core":{"present_3sg":"wirft weg","preterite_3sg":"warf weg","perfect":"hat weggeworfen","auxiliary":"haben","reflexive":false,"separability":"separable"},"examples":[{"id":"ma2-lu-0131-ex-001","lang":"de-DE","text":"Du kannst das alte Papier wegwerfen.","order":1,"translations":[{"lang":"fa-IR","text":"می‌توانی کاغذ قدیمی را دور بیندازی."},{"lang":"en-US","text":"You can throw away the old paper."}]}],"metadata":{"dataset_id":"menschen-a2","unit_order":131,"tags":["menschen-a2","a2"]},"provenance":{"sources":[{"source_id":"menschen_a2_user_screenshots","source_kind":"course","what_was_verified":["orthography","persian_gloss","morphology","example_attestation"],"verification_status":"verified","locator":"screenshot-5:row-13;source-order=131","accessed_at":"2026-09-02","evidence_note":"Authoritative user-supplied source row. Raw German bundle: wegwerfen [+A], wirft weg, warf weg, hat weggeworfen"},{"source_id":"assistant_translation_review","source_kind":"other","what_was_verified":["persian_example_translation","english_example_translation"],"verification_status":"verified","accessed_at":"2026-09-02","evidence_note":"Production translation generated and sense-alignment reviewed against the German example and canonical Persian meaning; this is internal production evidence, not an external lexicon claim."}]},"details":{"grammar_notes":["Akkusativobjekt (Quellennotation)"]}},"present":"wirft weg","preterite":"warf weg","perfect":"hat weggeworfen","participle_ii":"","auxiliary":"haben","reflexive":false,"is_reflexive":false,"is_separable":true,"rection":"","typingCore":"wegwerfen","typingStandard":"wegwerfen","typingTargetLang":"de-DE","typingTargetDir":"ltr","typingTargetLabel":"Wort"}	menschen-a2; a2		131
ma2-lu-0132	de-vocabulary	German	verb	Menschen A2	A2			wachsen	رشد کردن، بزرگ شدن	Deutsch	فارسی	de-DE	fa-IR	front-core	[{"text":"Die Kinder wachsen schnell.","lang":"de-DE","role":"example","label":"ma2-lu-0132-ex-001","order":1},{"text":"The children grow quickly.","lang":"en-US","role":"example","label":"translation:ma2-lu-0132-ex-001","order":2}]	[]	[]	[{"title":"Formen","items":["Präsens (3. Sg.): wächst","Präteritum: wuchs","Perfekt: ist gewachsen","Hilfsverb: sein"]},{"title":"Grammar Notes","items":["Dativobjekt (Quellennotation)"]}]	{"entry_type":"verb","canonical_entry_type":"verb","learning_unit_id":"ma2-lu-0132","semantic_identity":"ma2-lu-0132","german_learning_contract":"gfp-german-learning-content@1.0.0","semantic_contract":"gfp-german-language-content@3.1.3","source_profile_id":"menschen-a2@2.1.0","german_definition":"","english":"","direction_policy":"language-pair","canonical_unit":{"id":"ma2-lu-0132","type":"verb","headword":"wachsen","persian_meaning":"رشد کردن، بزرگ شدن","core":{"present_3sg":"wächst","preterite_3sg":"wuchs","perfect":"ist gewachsen","auxiliary":"sein","reflexive":false,"separability":"non_prefixed"},"examples":[{"id":"ma2-lu-0132-ex-001","lang":"de-DE","text":"Die Kinder wachsen schnell.","order":1,"translations":[{"lang":"fa-IR","text":"بچه‌ها سریع رشد می‌کنند."},{"lang":"en-US","text":"The children grow quickly."}]}],"metadata":{"dataset_id":"menschen-a2","unit_order":132,"tags":["menschen-a2","a2"]},"provenance":{"sources":[{"source_id":"menschen_a2_user_screenshots","source_kind":"course","what_was_verified":["orthography","persian_gloss","morphology","example_attestation"],"verification_status":"verified","locator":"screenshot-5:row-14;source-order=132","accessed_at":"2026-09-02","evidence_note":"Authoritative user-supplied source row. Raw German bundle: wachsen [+D], wächst, wuchs, ist gewachsen / größer werden"},{"source_id":"assistant_translation_review","source_kind":"other","what_was_verified":["persian_example_translation","english_example_translation"],"verification_status":"verified","accessed_at":"2026-09-02","evidence_note":"Production translation generated and sense-alignment reviewed against the German example and canonical Persian meaning; this is internal production evidence, not an external lexicon claim."}]},"details":{"grammar_notes":["Dativobjekt (Quellennotation)"]}},"present":"wächst","preterite":"wuchs","perfect":"ist gewachsen","participle_ii":"","auxiliary":"sein","reflexive":false,"is_reflexive":false,"is_separable":false,"rection":"","typingCore":"wachsen","typingStandard":"wachsen","typingTargetLang":"de-DE","typingTargetDir":"ltr","typingTargetLabel":"Wort"}	menschen-a2; a2		132
ma2-lu-0133	de-vocabulary	German	verb	Menschen A2	A2			gründen	تأسیس کردن	Deutsch	فارسی	de-DE	fa-IR	front-core	[{"text":"Sie hat eine eigene Firma gegründet.","lang":"de-DE","role":"example","label":"ma2-lu-0133-ex-001","order":1},{"text":"She founded her own company.","lang":"en-US","role":"example","label":"translation:ma2-lu-0133-ex-001","order":2}]	[]	[]	[{"title":"Formen","items":["Präsens (3. Sg.): gründet","Präteritum: gründete","Perfekt: hat gegründet","Hilfsverb: haben"]},{"title":"Grammar Notes","items":["Akkusativobjekt (Quellennotation)"]}]	{"entry_type":"verb","canonical_entry_type":"verb","learning_unit_id":"ma2-lu-0133","semantic_identity":"ma2-lu-0133","german_learning_contract":"gfp-german-learning-content@1.0.0","semantic_contract":"gfp-german-language-content@3.1.3","source_profile_id":"menschen-a2@2.1.0","german_definition":"","english":"","direction_policy":"language-pair","canonical_unit":{"id":"ma2-lu-0133","type":"verb","headword":"gründen","persian_meaning":"تأسیس کردن","core":{"present_3sg":"gründet","preterite_3sg":"gründete","perfect":"hat gegründet","auxiliary":"haben","reflexive":false,"separability":"non_prefixed"},"examples":[{"id":"ma2-lu-0133-ex-001","lang":"de-DE","text":"Sie hat eine eigene Firma gegründet.","order":1,"translations":[{"lang":"fa-IR","text":"او شرکت خودش را تأسیس کرده است."},{"lang":"en-US","text":"She founded her own company."}]}],"metadata":{"dataset_id":"menschen-a2","unit_order":133,"tags":["menschen-a2","a2"]},"provenance":{"sources":[{"source_id":"menschen_a2_user_screenshots","source_kind":"course","what_was_verified":["orthography","persian_gloss","morphology","example_attestation"],"verification_status":"verified","locator":"screenshot-5:row-15;source-order=133","accessed_at":"2026-09-02","evidence_note":"Authoritative user-supplied source row. Raw German bundle: gründen [+A], gründet, gründete, hat gegründet"},{"source_id":"assistant_translation_review","source_kind":"other","what_was_verified":["persian_example_translation","english_example_translation"],"verification_status":"verified","accessed_at":"2026-09-02","evidence_note":"Production translation generated and sense-alignment reviewed against the German example and canonical Persian meaning; this is internal production evidence, not an external lexicon claim."}]},"details":{"grammar_notes":["Akkusativobjekt (Quellennotation)"]}},"present":"gründet","preterite":"gründete","perfect":"hat gegründet","participle_ii":"","auxiliary":"haben","reflexive":false,"is_reflexive":false,"is_separable":false,"rection":"","typingCore":"gründen","typingStandard":"gründen","typingTargetLang":"de-DE","typingTargetDir":"ltr","typingTargetLabel":"Wort"}	menschen-a2; a2		133
ma2-lu-0134	de-vocabulary	German	verb	Menschen A2	A2			beschränken	محدود کردن	Deutsch	فارسی	de-DE	fa-IR	front-core	[{"text":"Die Teilnehmerzahl ist beschränkt.","lang":"de-DE","role":"example","label":"ma2-lu-0134-ex-001","order":1},{"text":"The number of participants is limited.","lang":"en-US","role":"example","label":"translation:ma2-lu-0134-ex-001","order":2}]	[]	[]	[{"title":"Formen","items":["Präsens (3. Sg.): beschränkt","Präteritum: beschränkte","Perfekt: hat beschränkt","Hilfsverb: haben"]},{"title":"Grammar Notes","items":["Akkusativobjekt (Quellennotation)"]}]	{"entry_type":"verb","canonical_entry_type":"verb","learning_unit_id":"ma2-lu-0134","semantic_identity":"ma2-lu-0134","german_learning_contract":"gfp-german-learning-content@1.0.0","semantic_contract":"gfp-german-language-content@3.1.3","source_profile_id":"menschen-a2@2.1.0","german_definition":"","english":"","direction_policy":"language-pair","canonical_unit":{"id":"ma2-lu-0134","type":"verb","headword":"beschränken","persian_meaning":"محدود کردن","core":{"present_3sg":"beschränkt","preterite_3sg":"beschränkte","perfect":"hat beschränkt","auxiliary":"haben","reflexive":false,"separability":"inseparable"},"examples":[{"id":"ma2-lu-0134-ex-001","lang":"de-DE","text":"Die Teilnehmerzahl ist beschränkt.","order":1,"translations":[{"lang":"fa-IR","text":"تعداد شرکت‌کنندگان محدود است."},{"lang":"en-US","text":"The number of participants is limited."}]}],"metadata":{"dataset_id":"menschen-a2","unit_order":134,"tags":["menschen-a2","a2"]},"provenance":{"sources":[{"source_id":"menschen_a2_user_screenshots","source_kind":"course","what_was_verified":["orthography","persian_gloss","morphology","example_attestation"],"verification_status":"verified","locator":"screenshot-5:row-16;source-order=134","accessed_at":"2026-09-02","evidence_note":"Authoritative user-supplied source row. Raw German bundle: beschränken [+A], beschränkte, hat beschränkt"},{"source_id":"assistant_translation_review","source_kind":"other","what_was_verified":["persian_example_translation","english_example_translation"],"verification_status":"verified","accessed_at":"2026-09-02","evidence_note":"Production translation generated and sense-alignment reviewed against the German example and canonical Persian meaning; this is internal production evidence, not an external lexicon claim."}]},"details":{"grammar_notes":["Akkusativobjekt (Quellennotation)"]}},"present":"beschränkt","preterite":"beschränkte","perfect":"hat beschränkt","participle_ii":"","auxiliary":"haben","reflexive":false,"is_reflexive":false,"is_separable":false,"rection":"","typingCore":"beschränken","typingStandard":"beschränken","typingTargetLang":"de-DE","typingTargetDir":"ltr","typingTargetLabel":"Wort"}	menschen-a2; a2		134
ma2-lu-0135	de-vocabulary	German	verb	Menschen A2	A2			sich beschränken	خود را محدود کردن	Deutsch	فارسی	de-DE	fa-IR	front-core	[{"text":"Wir müssen uns beschränken.","lang":"de-DE","role":"example","label":"ma2-lu-0135-ex-001","order":1},{"text":"We have to limit ourselves.","lang":"en-US","role":"example","label":"translation:ma2-lu-0135-ex-001","order":2}]	[]	[]	[{"title":"Formen","items":["Präsens (3. Sg.): beschränkt sich","Präteritum: beschränkte sich","Perfekt: hat sich beschränkt","Hilfsverb: haben"]},{"title":"Grammar Notes","items":["Akkusativobjekt (Quellennotation)"]}]	{"entry_type":"verb","canonical_entry_type":"verb","learning_unit_id":"ma2-lu-0135","semantic_identity":"ma2-lu-0135","german_learning_contract":"gfp-german-learning-content@1.0.0","semantic_contract":"gfp-german-language-content@3.1.3","source_profile_id":"menschen-a2@2.1.0","german_definition":"","english":"","direction_policy":"language-pair","canonical_unit":{"id":"ma2-lu-0135","type":"verb","headword":"sich beschränken","persian_meaning":"خود را محدود کردن","core":{"present_3sg":"beschränkt sich","preterite_3sg":"beschränkte sich","perfect":"hat sich beschränkt","auxiliary":"haben","reflexive":true,"separability":"inseparable"},"examples":[{"id":"ma2-lu-0135-ex-001","lang":"de-DE","text":"Wir müssen uns beschränken.","order":1,"translations":[{"lang":"fa-IR","text":"باید خودمان را محدود کنیم."},{"lang":"en-US","text":"We have to limit ourselves."}]}],"metadata":{"dataset_id":"menschen-a2","unit_order":135,"tags":["menschen-a2","a2"]},"provenance":{"sources":[{"source_id":"menschen_a2_user_screenshots","source_kind":"course","what_was_verified":["orthography","persian_gloss","morphology","example_attestation"],"verification_status":"verified","locator":"screenshot-5:row-17;source-order=135","accessed_at":"2026-09-02","evidence_note":"Authoritative user-supplied source row. Raw German bundle: sich beschränken [+A], beschränkte sich, hat sich beschränkt"},{"source_id":"assistant_translation_review","source_kind":"other","what_was_verified":["persian_example_translation","english_example_translation"],"verification_status":"verified","accessed_at":"2026-09-02","evidence_note":"Production translation generated and sense-alignment reviewed against the German example and canonical Persian meaning; this is internal production evidence, not an external lexicon claim."}]},"details":{"grammar_notes":["Akkusativobjekt (Quellennotation)"]}},"present":"beschränkt sich","preterite":"beschränkte sich","perfect":"hat sich beschränkt","participle_ii":"","auxiliary":"haben","reflexive":true,"is_reflexive":true,"is_separable":false,"rection":"","typingCore":"sich beschränken","typingStandard":"sich beschränken","typingTargetLang":"de-DE","typingTargetDir":"ltr","typingTargetLabel":"Wort"}	menschen-a2; a2		135
ma2-lu-0136	de-vocabulary	German	phrase	Menschen A2	A2			sich auf etw. (Akk.) beschränken	خود را به چیزی محدود کردن	Deutsch	فارسی	de-DE	fa-IR	front-core	[{"text":"Ich beschränke mich auf das Wesentliche","lang":"de-DE","role":"example","label":"ma2-lu-0136-ex-001","order":1},{"text":"I limit myself to the essentials.","lang":"en-US","role":"example","label":"translation:ma2-lu-0136-ex-001","order":2}]	[]	[]	[]	{"entry_type":"phrase","canonical_entry_type":"phrase","learning_unit_id":"ma2-lu-0136","semantic_identity":"ma2-lu-0136","german_learning_contract":"gfp-german-learning-content@1.0.0","semantic_contract":"gfp-german-language-content@3.1.3","source_profile_id":"menschen-a2@2.1.0","german_definition":"","english":"","direction_policy":"language-pair","canonical_unit":{"id":"ma2-lu-0136","type":"phrase","headword":"sich auf etw. (Akk.) beschränken","persian_meaning":"خود را به چیزی محدود کردن","core":{"structure":"sich auf etw. (Akk.) beschränken"},"examples":[{"id":"ma2-lu-0136-ex-001","lang":"de-DE","text":"Ich beschränke mich auf das Wesentliche","order":1,"translations":[{"lang":"fa-IR","text":"من خودم را به موارد ضروری محدود می‌کنم."},{"lang":"en-US","text":"I limit myself to the essentials."}]}],"metadata":{"dataset_id":"menschen-a2","unit_order":136,"tags":["menschen-a2","a2"]},"provenance":{"sources":[{"source_id":"menschen_a2_user_screenshots","source_kind":"course","what_was_verified":["orthography","persian_gloss","example_attestation"],"verification_status":"verified","locator":"screenshot-5:row-18;source-order=136","accessed_at":"2026-09-02","evidence_note":"Authoritative user-supplied source row. Raw German bundle: sich auf etw.Akk. beschränken"},{"source_id":"assistant_translation_review","source_kind":"other","what_was_verified":["persian_example_translation","english_example_translation"],"verification_status":"verified","accessed_at":"2026-09-02","evidence_note":"Production translation generated and sense-alignment reviewed against the German example and canonical Persian meaning; this is internal production evidence, not an external lexicon claim."}]}}}	menschen-a2; a2		136
ma2-lu-0137	de-vocabulary	German	verb	Menschen A2	A2			zusammenpassen	با هم جور بودن، به هم آمدن	Deutsch	فارسی	de-DE	fa-IR	front-core	[{"text":"Wir passen gut zusammen","lang":"de-DE","role":"example","label":"ma2-lu-0137-ex-001","order":1},{"text":"We fit together well.","lang":"en-US","role":"example","label":"translation:ma2-lu-0137-ex-001","order":2}]	[]	[]	[{"title":"Formen","items":["Präsens (3. Sg.): passt zusammen","Präteritum: passte zusammen","Perfekt: hat zusammengepasst","Hilfsverb: haben"]}]	{"entry_type":"verb","canonical_entry_type":"verb","learning_unit_id":"ma2-lu-0137","semantic_identity":"ma2-lu-0137","german_learning_contract":"gfp-german-learning-content@1.0.0","semantic_contract":"gfp-german-language-content@3.1.3","source_profile_id":"menschen-a2@2.1.0","german_definition":"","english":"","direction_policy":"language-pair","canonical_unit":{"id":"ma2-lu-0137","type":"verb","headword":"zusammenpassen","persian_meaning":"با هم جور بودن، به هم آمدن","core":{"present_3sg":"passt zusammen","preterite_3sg":"passte zusammen","perfect":"hat zusammengepasst","auxiliary":"haben","reflexive":false,"separability":"separable"},"examples":[{"id":"ma2-lu-0137-ex-001","lang":"de-DE","text":"Wir passen gut zusammen","order":1,"translations":[{"lang":"fa-IR","text":"ما خیلی به هم می‌آییم."},{"lang":"en-US","text":"We fit together well."}]}],"metadata":{"dataset_id":"menschen-a2","unit_order":137,"tags":["menschen-a2","a2"]},"provenance":{"sources":[{"source_id":"menschen_a2_user_screenshots","source_kind":"course","what_was_verified":["orthography","persian_gloss","morphology","example_attestation"],"verification_status":"verified","locator":"screenshot-5:row-19;source-order=137","accessed_at":"2026-09-02","evidence_note":"Authoritative user-supplied source row. Raw German bundle: zusammenpassen, passte zusammen, hat zusammengepasst"},{"source_id":"assistant_translation_review","source_kind":"other","what_was_verified":["persian_example_translation","english_example_translation"],"verification_status":"verified","accessed_at":"2026-09-02","evidence_note":"Production translation generated and sense-alignment reviewed against the German example and canonical Persian meaning; this is internal production evidence, not an external lexicon claim."}]}},"present":"passt zusammen","preterite":"passte zusammen","perfect":"hat zusammengepasst","participle_ii":"","auxiliary":"haben","reflexive":false,"is_reflexive":false,"is_separable":true,"rection":"","typingCore":"zusammenpassen","typingStandard":"zusammenpassen","typingTargetLang":"de-DE","typingTargetDir":"ltr","typingTargetLabel":"Wort"}	menschen-a2; a2		137
ma2-lu-0138	de-vocabulary	German	verb	Menschen A2	A2			loben	تحسین کردن، ستایش کردن	Deutsch	فارسی	de-DE	fa-IR	front-core	[{"text":"Der Lehrer lobte die Schülerin","lang":"de-DE","role":"example","label":"ma2-lu-0138-ex-001","order":1},{"text":"The teacher praised the student.","lang":"en-US","role":"example","label":"translation:ma2-lu-0138-ex-001","order":2}]	[]	[]	[{"title":"Formen","items":["Präsens (3. Sg.): lobt","Präteritum: lobte","Perfekt: hat gelobt","Hilfsverb: haben"]}]	{"entry_type":"verb","canonical_entry_type":"verb","learning_unit_id":"ma2-lu-0138","semantic_identity":"ma2-lu-0138","german_learning_contract":"gfp-german-learning-content@1.0.0","semantic_contract":"gfp-german-language-content@3.1.3","source_profile_id":"menschen-a2@2.1.0","german_definition":"","english":"","direction_policy":"language-pair","canonical_unit":{"id":"ma2-lu-0138","type":"verb","headword":"loben","persian_meaning":"تحسین کردن، ستایش کردن","core":{"present_3sg":"lobt","preterite_3sg":"lobte","perfect":"hat gelobt","auxiliary":"haben","reflexive":false,"separability":"non_prefixed"},"examples":[{"id":"ma2-lu-0138-ex-001","lang":"de-DE","text":"Der Lehrer lobte die Schülerin","order":1,"translations":[{"lang":"fa-IR","text":"معلم دانش‌آموز دختر را تحسین کرد."},{"lang":"en-US","text":"The teacher praised the student."}]}],"metadata":{"dataset_id":"menschen-a2","unit_order":138,"tags":["menschen-a2","a2"]},"provenance":{"sources":[{"source_id":"menschen_a2_user_screenshots","source_kind":"course","what_was_verified":["orthography","persian_gloss","morphology","example_attestation"],"verification_status":"verified","locator":"screenshot-6:row-1;source-order=138","accessed_at":"2026-09-02","evidence_note":"Authoritative user-supplied source row. Raw German bundle: loben, lobt, lobte, hat gelobt"},{"source_id":"assistant_translation_review","source_kind":"other","what_was_verified":["persian_example_translation","english_example_translation"],"verification_status":"verified","accessed_at":"2026-09-02","evidence_note":"Production translation generated and sense-alignment reviewed against the German example and canonical Persian meaning; this is internal production evidence, not an external lexicon claim."}]}},"present":"lobt","preterite":"lobte","perfect":"hat gelobt","participle_ii":"","auxiliary":"haben","reflexive":false,"is_reflexive":false,"is_separable":false,"rection":"","typingCore":"loben","typingStandard":"loben","typingTargetLang":"de-DE","typingTargetDir":"ltr","typingTargetLabel":"Wort"}	menschen-a2; a2		138
ma2-lu-0139	de-vocabulary	German	verb	Menschen A2	A2			weitergehen	ادامه دادن، جلوتر رفتن	Deutsch	فارسی	de-DE	fa-IR	front-core	[{"text":"Es geht so nicht weiter.","lang":"de-DE","role":"example","label":"ma2-lu-0139-ex-001","order":1},{"text":"It can't go on like this.","lang":"en-US","role":"example","label":"translation:ma2-lu-0139-ex-001","order":2}]	[]	[]	[{"title":"Formen","items":["Präsens (3. Sg.): geht weiter","Präteritum: ging weiter","Perfekt: ist weitergegangen","Hilfsverb: sein"]}]	{"entry_type":"verb","canonical_entry_type":"verb","learning_unit_id":"ma2-lu-0139","semantic_identity":"ma2-lu-0139","german_learning_contract":"gfp-german-learning-content@1.0.0","semantic_contract":"gfp-german-language-content@3.1.3","source_profile_id":"menschen-a2@2.1.0","german_definition":"","english":"","direction_policy":"language-pair","canonical_unit":{"id":"ma2-lu-0139","type":"verb","headword":"weitergehen","persian_meaning":"ادامه دادن، جلوتر رفتن","core":{"present_3sg":"geht weiter","preterite_3sg":"ging weiter","perfect":"ist weitergegangen","auxiliary":"sein","reflexive":false,"separability":"separable"},"examples":[{"id":"ma2-lu-0139-ex-001","lang":"de-DE","text":"Es geht so nicht weiter.","order":1,"translations":[{"lang":"fa-IR","text":"این‌طوری نمی‌شود ادامه داد."},{"lang":"en-US","text":"It can't go on like this."}]}],"metadata":{"dataset_id":"menschen-a2","unit_order":139,"tags":["menschen-a2","a2"]},"provenance":{"sources":[{"source_id":"menschen_a2_user_screenshots","source_kind":"course","what_was_verified":["orthography","persian_gloss","morphology","example_attestation"],"verification_status":"verified","locator":"screenshot-6:row-2;source-order=139","accessed_at":"2026-09-02","evidence_note":"Authoritative user-supplied source row. Raw German bundle: weitergehen, geht weiter, ging weiter, ist weitergegangen"},{"source_id":"assistant_translation_review","source_kind":"other","what_was_verified":["persian_example_translation","english_example_translation"],"verification_status":"verified","accessed_at":"2026-09-02","evidence_note":"Production translation generated and sense-alignment reviewed against the German example and canonical Persian meaning; this is internal production evidence, not an external lexicon claim."}]}},"present":"geht weiter","preterite":"ging weiter","perfect":"ist weitergegangen","participle_ii":"","auxiliary":"sein","reflexive":false,"is_reflexive":false,"is_separable":true,"rection":"","typingCore":"weitergehen","typingStandard":"weitergehen","typingTargetLang":"de-DE","typingTargetDir":"ltr","typingTargetLabel":"Wort"}	menschen-a2; a2		139
ma2-lu-0140	de-vocabulary	German	verb	Menschen A2	A2			braten	سرخ یا بریان کردن	Deutsch	فارسی	de-DE	fa-IR	front-core	[{"text":"Das Fleisch muss zehn Minuten braten.","lang":"de-DE","role":"example","label":"ma2-lu-0140-ex-001","order":1},{"text":"The meat needs to fry for ten minutes.","lang":"en-US","role":"example","label":"translation:ma2-lu-0140-ex-001","order":2}]	[]	[]	[{"title":"Formen","items":["Präsens (3. Sg.): brät","Präteritum: briet","Perfekt: hat gebraten","Hilfsverb: haben"]},{"title":"Grammar Notes","items":["Akkusativobjekt (Quellennotation)"]}]	{"entry_type":"verb","canonical_entry_type":"verb","learning_unit_id":"ma2-lu-0140","semantic_identity":"ma2-lu-0140","german_learning_contract":"gfp-german-learning-content@1.0.0","semantic_contract":"gfp-german-language-content@3.1.3","source_profile_id":"menschen-a2@2.1.0","german_definition":"","english":"","direction_policy":"language-pair","canonical_unit":{"id":"ma2-lu-0140","type":"verb","headword":"braten","persian_meaning":"سرخ یا بریان کردن","core":{"present_3sg":"brät","preterite_3sg":"briet","perfect":"hat gebraten","auxiliary":"haben","reflexive":false,"separability":"non_prefixed"},"examples":[{"id":"ma2-lu-0140-ex-001","lang":"de-DE","text":"Das Fleisch muss zehn Minuten braten.","order":1,"translations":[{"lang":"fa-IR","text":"گوشت باید ده دقیقه سرخ شود."},{"lang":"en-US","text":"The meat needs to fry for ten minutes."}]}],"metadata":{"dataset_id":"menschen-a2","unit_order":140,"tags":["menschen-a2","a2"]},"provenance":{"sources":[{"source_id":"menschen_a2_user_screenshots","source_kind":"course","what_was_verified":["orthography","persian_gloss","morphology","example_attestation"],"verification_status":"verified","locator":"screenshot-6:row-3;source-order=140","accessed_at":"2026-09-02","evidence_note":"Authoritative user-supplied source row. Raw German bundle: braten [+A], brät, briet, hat gebraten"},{"source_id":"assistant_translation_review","source_kind":"other","what_was_verified":["persian_example_translation","english_example_translation"],"verification_status":"verified","accessed_at":"2026-09-02","evidence_note":"Production translation generated and sense-alignment reviewed against the German example and canonical Persian meaning; this is internal production evidence, not an external lexicon claim."}]},"details":{"grammar_notes":["Akkusativobjekt (Quellennotation)"]}},"present":"brät","preterite":"briet","perfect":"hat gebraten","participle_ii":"","auxiliary":"haben","reflexive":false,"is_reflexive":false,"is_separable":false,"rection":"","typingCore":"braten","typingStandard":"braten","typingTargetLang":"de-DE","typingTargetDir":"ltr","typingTargetLabel":"Wort"}	menschen-a2; a2		140
ma2-lu-0141	de-vocabulary	German	verb	Menschen A2	A2			herausfinden	پی بردن، پیدا کردن	Deutsch	فارسی	de-DE	fa-IR	front-core	[{"text":"Ich habe die Antwort herausgefunden.","lang":"de-DE","role":"example","label":"ma2-lu-0141-ex-001","order":1},{"text":"I found out the answer.","lang":"en-US","role":"example","label":"translation:ma2-lu-0141-ex-001","order":2}]	[]	[]	[{"title":"Formen","items":["Präsens (3. Sg.): findet heraus","Präteritum: fand heraus","Perfekt: hat herausgefunden","Hilfsverb: haben"]},{"title":"Grammar Notes","items":["Akkusativobjekt (Quellennotation)"]}]	{"entry_type":"verb","canonical_entry_type":"verb","learning_unit_id":"ma2-lu-0141","semantic_identity":"ma2-lu-0141","german_learning_contract":"gfp-german-learning-content@1.0.0","semantic_contract":"gfp-german-language-content@3.1.3","source_profile_id":"menschen-a2@2.1.0","german_definition":"","english":"","direction_policy":"language-pair","canonical_unit":{"id":"ma2-lu-0141","type":"verb","headword":"herausfinden","persian_meaning":"پی بردن، پیدا کردن","core":{"present_3sg":"findet heraus","preterite_3sg":"fand heraus","perfect":"hat herausgefunden","auxiliary":"haben","reflexive":false,"separability":"separable"},"examples":[{"id":"ma2-lu-0141-ex-001","lang":"de-DE","text":"Ich habe die Antwort herausgefunden.","order":1,"translations":[{"lang":"fa-IR","text":"جواب را پیدا کردم."},{"lang":"en-US","text":"I found out the answer."}]}],"metadata":{"dataset_id":"menschen-a2","unit_order":141,"tags":["menschen-a2","a2"]},"provenance":{"sources":[{"source_id":"menschen_a2_user_screenshots","source_kind":"course","what_was_verified":["orthography","persian_gloss","morphology","example_attestation"],"verification_status":"verified","locator":"screenshot-6:row-4;source-order=141","accessed_at":"2026-09-02","evidence_note":"Authoritative user-supplied source row. Raw German bundle: herausfinden [+A], fand heraus, hat herausgefunden"},{"source_id":"assistant_translation_review","source_kind":"other","what_was_verified":["persian_example_translation","english_example_translation"],"verification_status":"verified","accessed_at":"2026-09-02","evidence_note":"Production translation generated and sense-alignment reviewed against the German example and canonical Persian meaning; this is internal production evidence, not an external lexicon claim."}]},"details":{"grammar_notes":["Akkusativobjekt (Quellennotation)"]}},"present":"findet heraus","preterite":"fand heraus","perfect":"hat herausgefunden","participle_ii":"","auxiliary":"haben","reflexive":false,"is_reflexive":false,"is_separable":true,"rection":"","typingCore":"herausfinden","typingStandard":"herausfinden","typingTargetLang":"de-DE","typingTargetDir":"ltr","typingTargetLabel":"Wort"}	menschen-a2; a2		141
ma2-lu-0142	de-vocabulary	German	verb	Menschen A2	A2			ausprobieren	امتحان کردن، آزمایش کردن	Deutsch	فارسی	de-DE	fa-IR	front-core	[{"text":"Etw. in der Praxis ausprobieren","lang":"de-DE","role":"example","label":"ma2-lu-0142-ex-001","order":1},{"text":"to try something out in practice","lang":"en-US","role":"example","label":"translation:ma2-lu-0142-ex-001","order":2}]	[]	[]	[{"title":"Formen","items":["Präsens (3. Sg.): probiert aus","Präteritum: probierte aus","Perfekt: hat ausprobiert","Hilfsverb: haben"]},{"title":"Grammar Notes","items":["Akkusativobjekt (Quellennotation)"]}]	{"entry_type":"verb","canonical_entry_type":"verb","learning_unit_id":"ma2-lu-0142","semantic_identity":"ma2-lu-0142","german_learning_contract":"gfp-german-learning-content@1.0.0","semantic_contract":"gfp-german-language-content@3.1.3","source_profile_id":"menschen-a2@2.1.0","german_definition":"","english":"","direction_policy":"language-pair","canonical_unit":{"id":"ma2-lu-0142","type":"verb","headword":"ausprobieren","persian_meaning":"امتحان کردن، آزمایش کردن","core":{"present_3sg":"probiert aus","preterite_3sg":"probierte aus","perfect":"hat ausprobiert","auxiliary":"haben","reflexive":false,"separability":"separable"},"examples":[{"id":"ma2-lu-0142-ex-001","lang":"de-DE","text":"Etw. in der Praxis ausprobieren","order":1,"translations":[{"lang":"fa-IR","text":"چیزی را در عمل امتحان کردن"},{"lang":"en-US","text":"to try something out in practice"}]}],"metadata":{"dataset_id":"menschen-a2","unit_order":142,"tags":["menschen-a2","a2"]},"provenance":{"sources":[{"source_id":"menschen_a2_user_screenshots","source_kind":"course","what_was_verified":["orthography","persian_gloss","morphology","example_attestation"],"verification_status":"verified","locator":"screenshot-6:row-5;source-order=142","accessed_at":"2026-09-02","evidence_note":"Authoritative user-supplied source row. Raw German bundle: ausprobieren [+A], probiert aus, probierte aus, hat ausprobiert"},{"source_id":"assistant_translation_review","source_kind":"other","what_was_verified":["persian_example_translation","english_example_translation"],"verification_status":"verified","accessed_at":"2026-09-02","evidence_note":"Production translation generated and sense-alignment reviewed against the German example and canonical Persian meaning; this is internal production evidence, not an external lexicon claim."}]},"details":{"grammar_notes":["Akkusativobjekt (Quellennotation)"]}},"present":"probiert aus","preterite":"probierte aus","perfect":"hat ausprobiert","participle_ii":"","auxiliary":"haben","reflexive":false,"is_reflexive":false,"is_separable":true,"rection":"","typingCore":"ausprobieren","typingStandard":"ausprobieren","typingTargetLang":"de-DE","typingTargetDir":"ltr","typingTargetLabel":"Wort"}	menschen-a2; a2		142
ma2-lu-0143	de-vocabulary	German	verb	Menschen A2	A2			anprobieren	پرو کردن	Deutsch	فارسی	de-DE	fa-IR	front-core	[{"text":"Schuhe sollte man vor dem Kauf anprobieren.","lang":"de-DE","role":"example","label":"ma2-lu-0143-ex-001","order":1},{"text":"You should try on shoes before buying them.","lang":"en-US","role":"example","label":"translation:ma2-lu-0143-ex-001","order":2}]	[]	[]	[{"title":"Formen","items":["Präsens (3. Sg.): probiert an","Präteritum: probierte an","Perfekt: hat anprobiert","Hilfsverb: haben"]},{"title":"Grammar Notes","items":["Akkusativobjekt (Quellennotation)"]}]	{"entry_type":"verb","canonical_entry_type":"verb","learning_unit_id":"ma2-lu-0143","semantic_identity":"ma2-lu-0143","german_learning_contract":"gfp-german-learning-content@1.0.0","semantic_contract":"gfp-german-language-content@3.1.3","source_profile_id":"menschen-a2@2.1.0","german_definition":"","english":"","direction_policy":"language-pair","canonical_unit":{"id":"ma2-lu-0143","type":"verb","headword":"anprobieren","persian_meaning":"پرو کردن","core":{"present_3sg":"probiert an","preterite_3sg":"probierte an","perfect":"hat anprobiert","auxiliary":"haben","reflexive":false,"separability":"separable"},"examples":[{"id":"ma2-lu-0143-ex-001","lang":"de-DE","text":"Schuhe sollte man vor dem Kauf anprobieren.","order":1,"translations":[{"lang":"fa-IR","text":"بهتر است کفش را پیش از خرید پرو کرد."},{"lang":"en-US","text":"You should try on shoes before buying them."}]}],"metadata":{"dataset_id":"menschen-a2","unit_order":143,"tags":["menschen-a2","a2"]},"provenance":{"sources":[{"source_id":"menschen_a2_user_screenshots","source_kind":"course","what_was_verified":["orthography","persian_gloss","morphology","example_attestation"],"verification_status":"verified","locator":"screenshot-6:row-6;source-order=143","accessed_at":"2026-09-02","evidence_note":"Authoritative user-supplied source row. Raw German bundle: anprobieren [+A], probiert an, probierte an, hat anprobiert"},{"source_id":"assistant_translation_review","source_kind":"other","what_was_verified":["persian_example_translation","english_example_translation"],"verification_status":"verified","accessed_at":"2026-09-02","evidence_note":"Production translation generated and sense-alignment reviewed against the German example and canonical Persian meaning; this is internal production evidence, not an external lexicon claim."}]},"details":{"grammar_notes":["Akkusativobjekt (Quellennotation)"]}},"present":"probiert an","preterite":"probierte an","perfect":"hat anprobiert","participle_ii":"","auxiliary":"haben","reflexive":false,"is_reflexive":false,"is_separable":true,"rection":"","typingCore":"anprobieren","typingStandard":"anprobieren","typingTargetLang":"de-DE","typingTargetDir":"ltr","typingTargetLabel":"Wort"}	menschen-a2; a2		143
ma2-lu-0144	de-vocabulary	German	verb	Menschen A2	A2			verbrauchen	مصرف کردن	Deutsch	فارسی	de-DE	fa-IR	front-core	[{"text":"Wie viel Benzin verbraucht dein Auto?","lang":"de-DE","role":"example","label":"ma2-lu-0144-ex-001","order":1},{"text":"How much gasoline does your car use?","lang":"en-US","role":"example","label":"translation:ma2-lu-0144-ex-001","order":2}]	[]	[]	[{"title":"Formen","items":["Präsens (3. Sg.): verbraucht","Präteritum: verbrauchte","Perfekt: hat verbraucht","Hilfsverb: haben"]},{"title":"Grammar Notes","items":["Akkusativobjekt (Quellennotation)"]}]	{"entry_type":"verb","canonical_entry_type":"verb","learning_unit_id":"ma2-lu-0144","semantic_identity":"ma2-lu-0144","german_learning_contract":"gfp-german-learning-content@1.0.0","semantic_contract":"gfp-german-language-content@3.1.3","source_profile_id":"menschen-a2@2.1.0","german_definition":"","english":"","direction_policy":"language-pair","canonical_unit":{"id":"ma2-lu-0144","type":"verb","headword":"verbrauchen","persian_meaning":"مصرف کردن","core":{"present_3sg":"verbraucht","preterite_3sg":"verbrauchte","perfect":"hat verbraucht","auxiliary":"haben","reflexive":false,"separability":"inseparable"},"examples":[{"id":"ma2-lu-0144-ex-001","lang":"de-DE","text":"Wie viel Benzin verbraucht dein Auto?","order":1,"translations":[{"lang":"fa-IR","text":"ماشینت چقدر بنزین مصرف می‌کند؟"},{"lang":"en-US","text":"How much gasoline does your car use?"}]}],"metadata":{"dataset_id":"menschen-a2","unit_order":144,"tags":["menschen-a2","a2"]},"provenance":{"sources":[{"source_id":"menschen_a2_user_screenshots","source_kind":"course","what_was_verified":["orthography","persian_gloss","morphology","example_attestation"],"verification_status":"verified","locator":"screenshot-6:row-7;source-order=144","accessed_at":"2026-09-02","evidence_note":"Authoritative user-supplied source row. Raw German bundle: verbrauchen [+A], verbraucht, verbrauchte, hat verbraucht"},{"source_id":"assistant_translation_review","source_kind":"other","what_was_verified":["persian_example_translation","english_example_translation"],"verification_status":"verified","accessed_at":"2026-09-02","evidence_note":"Production translation generated and sense-alignment reviewed against the German example and canonical Persian meaning; this is internal production evidence, not an external lexicon claim."}]},"details":{"grammar_notes":["Akkusativobjekt (Quellennotation)"]}},"present":"verbraucht","preterite":"verbrauchte","perfect":"hat verbraucht","participle_ii":"","auxiliary":"haben","reflexive":false,"is_reflexive":false,"is_separable":false,"rection":"","typingCore":"verbrauchen","typingStandard":"verbrauchen","typingTargetLang":"de-DE","typingTargetDir":"ltr","typingTargetLabel":"Wort"}	menschen-a2; a2		144
ma2-lu-0145	de-vocabulary	German	verb	Menschen A2	A2			sich verbrauchen	خود را فرسوده و تمام کردن	Deutsch	فارسی	de-DE	fa-IR	front-core	[{"text":"Er hat sich im Job verbraucht.","lang":"de-DE","role":"example","label":"ma2-lu-0145-ex-001","order":1},{"text":"He has worn himself out at work.","lang":"en-US","role":"example","label":"translation:ma2-lu-0145-ex-001","order":2}]	[]	[]	[{"title":"Formen","items":["Präsens (3. Sg.): verbraucht sich","Präteritum: verbrauchte sich","Perfekt: hat sich verbraucht","Hilfsverb: haben"]}]	{"entry_type":"verb","canonical_entry_type":"verb","learning_unit_id":"ma2-lu-0145","semantic_identity":"ma2-lu-0145","german_learning_contract":"gfp-german-learning-content@1.0.0","semantic_contract":"gfp-german-language-content@3.1.3","source_profile_id":"menschen-a2@2.1.0","german_definition":"","english":"","direction_policy":"language-pair","canonical_unit":{"id":"ma2-lu-0145","type":"verb","headword":"sich verbrauchen","persian_meaning":"خود را فرسوده و تمام کردن","core":{"present_3sg":"verbraucht sich","preterite_3sg":"verbrauchte sich","perfect":"hat sich verbraucht","auxiliary":"haben","reflexive":true,"separability":"inseparable"},"examples":[{"id":"ma2-lu-0145-ex-001","lang":"de-DE","text":"Er hat sich im Job verbraucht.","order":1,"translations":[{"lang":"fa-IR","text":"او در کار خودش را فرسوده کرده است."},{"lang":"en-US","text":"He has worn himself out at work."}]}],"metadata":{"dataset_id":"menschen-a2","unit_order":145,"tags":["menschen-a2","a2"]},"provenance":{"sources":[{"source_id":"menschen_a2_user_screenshots","source_kind":"course","what_was_verified":["orthography","persian_gloss","morphology","example_attestation"],"verification_status":"verified","locator":"screenshot-6:row-8;source-order=145","accessed_at":"2026-09-02","evidence_note":"Authoritative user-supplied source row. Raw German bundle: sich verbrauchen, verbrauchte sich, hat sich verbraucht"},{"source_id":"assistant_translation_review","source_kind":"other","what_was_verified":["persian_example_translation","english_example_translation"],"verification_status":"verified","accessed_at":"2026-09-02","evidence_note":"Production translation generated and sense-alignment reviewed against the German example and canonical Persian meaning; this is internal production evidence, not an external lexicon claim."}]}},"present":"verbraucht sich","preterite":"verbrauchte sich","perfect":"hat sich verbraucht","participle_ii":"","auxiliary":"haben","reflexive":true,"is_reflexive":true,"is_separable":false,"rection":"","typingCore":"sich verbrauchen","typingStandard":"sich verbrauchen","typingTargetLang":"de-DE","typingTargetDir":"ltr","typingTargetLabel":"Wort"}	menschen-a2; a2		145
ma2-lu-0146	de-vocabulary	German	verb	Menschen A2	A2			konsumieren	مصرف کردن	Deutsch	فارسی	de-DE	fa-IR	front-core	[{"text":"Viele Produkte werden schnell konsumiert.","lang":"de-DE","role":"example","label":"ma2-lu-0146-ex-001","order":1},{"text":"Many products are consumed quickly.","lang":"en-US","role":"example","label":"translation:ma2-lu-0146-ex-001","order":2}]	[]	[]	[{"title":"Formen","items":["Präsens (3. Sg.): konsumiert","Präteritum: konsumierte","Perfekt: hat konsumiert","Hilfsverb: haben"]},{"title":"Grammar Notes","items":["Akkusativobjekt (Quellennotation)"]}]	{"entry_type":"verb","canonical_entry_type":"verb","learning_unit_id":"ma2-lu-0146","semantic_identity":"ma2-lu-0146","german_learning_contract":"gfp-german-learning-content@1.0.0","semantic_contract":"gfp-german-language-content@3.1.3","source_profile_id":"menschen-a2@2.1.0","german_definition":"","english":"","direction_policy":"language-pair","canonical_unit":{"id":"ma2-lu-0146","type":"verb","headword":"konsumieren","persian_meaning":"مصرف کردن","core":{"present_3sg":"konsumiert","preterite_3sg":"konsumierte","perfect":"hat konsumiert","auxiliary":"haben","reflexive":false,"separability":"non_prefixed"},"examples":[{"id":"ma2-lu-0146-ex-001","lang":"de-DE","text":"Viele Produkte werden schnell konsumiert.","order":1,"translations":[{"lang":"fa-IR","text":"خیلی از محصولات سریع مصرف می‌شوند."},{"lang":"en-US","text":"Many products are consumed quickly."}]}],"metadata":{"dataset_id":"menschen-a2","unit_order":146,"tags":["menschen-a2","a2"]},"provenance":{"sources":[{"source_id":"menschen_a2_user_screenshots","source_kind":"course","what_was_verified":["orthography","persian_gloss","morphology","example_attestation"],"verification_status":"verified","locator":"screenshot-6:row-9;source-order=146","accessed_at":"2026-09-02","evidence_note":"Authoritative user-supplied source row. Raw German bundle: konsumieren [+A], konsumiert, konsumierte, hat konsumiert"},{"source_id":"assistant_translation_review","source_kind":"other","what_was_verified":["persian_example_translation","english_example_translation"],"verification_status":"verified","accessed_at":"2026-09-02","evidence_note":"Production translation generated and sense-alignment reviewed against the German example and canonical Persian meaning; this is internal production evidence, not an external lexicon claim."}]},"details":{"grammar_notes":["Akkusativobjekt (Quellennotation)"]}},"present":"konsumiert","preterite":"konsumierte","perfect":"hat konsumiert","participle_ii":"","auxiliary":"haben","reflexive":false,"is_reflexive":false,"is_separable":false,"rection":"","typingCore":"konsumieren","typingStandard":"konsumieren","typingTargetLang":"de-DE","typingTargetDir":"ltr","typingTargetLabel":"Wort"}	menschen-a2; a2		146
ma2-lu-0147	de-vocabulary	German	verb	Menschen A2	A2			genügen	کافی بودن	Deutsch	فارسی	de-DE	fa-IR	front-core	[{"text":"Dein Versprechen genügt mir nicht.","lang":"de-DE","role":"example","label":"ma2-lu-0147-ex-001","order":1},{"text":"Your promise is not enough for me.","lang":"en-US","role":"example","label":"translation:ma2-lu-0147-ex-001","order":2}]	[]	[]	[{"title":"Formen","items":["Präsens (3. Sg.): genügt","Präteritum: genügte","Perfekt: hat genügt","Hilfsverb: haben"]},{"title":"Grammar Notes","items":["Akkusativobjekt (Quellennotation)"]}]	{"entry_type":"verb","canonical_entry_type":"verb","learning_unit_id":"ma2-lu-0147","semantic_identity":"ma2-lu-0147","german_learning_contract":"gfp-german-learning-content@1.0.0","semantic_contract":"gfp-german-language-content@3.1.3","source_profile_id":"menschen-a2@2.1.0","german_definition":"","english":"","direction_policy":"language-pair","canonical_unit":{"id":"ma2-lu-0147","type":"verb","headword":"genügen","persian_meaning":"کافی بودن","core":{"present_3sg":"genügt","preterite_3sg":"genügte","perfect":"hat genügt","auxiliary":"haben","reflexive":false,"separability":"inseparable"},"examples":[{"id":"ma2-lu-0147-ex-001","lang":"de-DE","text":"Dein Versprechen genügt mir nicht.","order":1,"translations":[{"lang":"fa-IR","text":"قول تو برای من کافی نیست."},{"lang":"en-US","text":"Your promise is not enough for me."}]}],"metadata":{"dataset_id":"menschen-a2","unit_order":147,"tags":["menschen-a2","a2"]},"provenance":{"sources":[{"source_id":"menschen_a2_user_screenshots","source_kind":"course","what_was_verified":["orthography","persian_gloss","morphology","example_attestation"],"verification_status":"verified","locator":"screenshot-6:row-10;source-order=147","accessed_at":"2026-09-02","evidence_note":"Authoritative user-supplied source row. Raw German bundle: genügen [+A], genügte, hat genügt"},{"source_id":"assistant_translation_review","source_kind":"other","what_was_verified":["persian_example_translation","english_example_translation"],"verification_status":"verified","accessed_at":"2026-09-02","evidence_note":"Production translation generated and sense-alignment reviewed against the German example and canonical Persian meaning; this is internal production evidence, not an external lexicon claim."}]},"details":{"grammar_notes":["Akkusativobjekt (Quellennotation)"]}},"present":"genügt","preterite":"genügte","perfect":"hat genügt","participle_ii":"","auxiliary":"haben","reflexive":false,"is_reflexive":false,"is_separable":false,"rection":"","typingCore":"genügen","typingStandard":"genügen","typingTargetLang":"de-DE","typingTargetDir":"ltr","typingTargetLabel":"Wort"}	menschen-a2; a2		147
ma2-lu-0148	de-vocabulary	German	verb	Menschen A2	A2			überraschen	غافلگیر کردن	Deutsch	فارسی	de-DE	fa-IR	front-core	[{"text":"Sie überraschte ihren Mann.","lang":"de-DE","role":"example","label":"ma2-lu-0148-ex-001","order":1},{"text":"She surprised her husband.","lang":"en-US","role":"example","label":"translation:ma2-lu-0148-ex-001","order":2}]	[]	[]	[{"title":"Formen","items":["Präsens (3. Sg.): überrascht","Präteritum: überraschte","Perfekt: hat überrascht","Hilfsverb: haben"]},{"title":"Grammar Notes","items":["Akkusativobjekt (Quellennotation)"]}]	{"entry_type":"verb","canonical_entry_type":"verb","learning_unit_id":"ma2-lu-0148","semantic_identity":"ma2-lu-0148","german_learning_contract":"gfp-german-learning-content@1.0.0","semantic_contract":"gfp-german-language-content@3.1.3","source_profile_id":"menschen-a2@2.1.0","german_definition":"","english":"","direction_policy":"language-pair","canonical_unit":{"id":"ma2-lu-0148","type":"verb","headword":"überraschen","persian_meaning":"غافلگیر کردن","core":{"present_3sg":"überrascht","preterite_3sg":"überraschte","perfect":"hat überrascht","auxiliary":"haben","reflexive":false,"separability":"inseparable"},"examples":[{"id":"ma2-lu-0148-ex-001","lang":"de-DE","text":"Sie überraschte ihren Mann.","order":1,"translations":[{"lang":"fa-IR","text":"او شوهرش را غافلگیر کرد."},{"lang":"en-US","text":"She surprised her husband."}]}],"metadata":{"dataset_id":"menschen-a2","unit_order":148,"tags":["menschen-a2","a2"]},"provenance":{"sources":[{"source_id":"menschen_a2_user_screenshots","source_kind":"course","what_was_verified":["orthography","persian_gloss","morphology","example_attestation"],"verification_status":"verified","locator":"screenshot-6:row-11;source-order=148","accessed_at":"2026-09-02","evidence_note":"Authoritative user-supplied source row. Raw German bundle: überraschen [+A], überrascht, überraschte, hat überrascht"},{"source_id":"assistant_translation_review","source_kind":"other","what_was_verified":["persian_example_translation","english_example_translation"],"verification_status":"verified","accessed_at":"2026-09-02","evidence_note":"Production translation generated and sense-alignment reviewed against the German example and canonical Persian meaning; this is internal production evidence, not an external lexicon claim."}]},"details":{"grammar_notes":["Akkusativobjekt (Quellennotation)"]}},"present":"überrascht","preterite":"überraschte","perfect":"hat überrascht","participle_ii":"","auxiliary":"haben","reflexive":false,"is_reflexive":false,"is_separable":false,"rection":"","typingCore":"überraschen","typingStandard":"überraschen","typingTargetLang":"de-DE","typingTargetDir":"ltr","typingTargetLabel":"Wort"}	menschen-a2; a2		148
ma2-lu-0149	de-vocabulary	German	verb	Menschen A2	A2			sich wundern	تعجب کردن	Deutsch	فارسی	de-DE	fa-IR	front-core	[{"text":"Ich wundere mich , dass sie es geschafft hat.","lang":"de-DE","role":"example","label":"ma2-lu-0149-ex-001","order":1},{"text":"I'm surprised that she managed it.","lang":"en-US","role":"example","label":"translation:ma2-lu-0149-ex-001","order":2}]	[]	[]	[{"title":"Formen","items":["Präsens (3. Sg.): wundert sich","Präteritum: wunderte sich","Perfekt: hat sich gewundert","Hilfsverb: haben"]},{"title":"Grammar Notes","items":["Akkusativobjekt (Quellennotation)"]}]	{"entry_type":"verb","canonical_entry_type":"verb","learning_unit_id":"ma2-lu-0149","semantic_identity":"ma2-lu-0149","german_learning_contract":"gfp-german-learning-content@1.0.0","semantic_contract":"gfp-german-language-content@3.1.3","source_profile_id":"menschen-a2@2.1.0","german_definition":"","english":"","direction_policy":"language-pair","canonical_unit":{"id":"ma2-lu-0149","type":"verb","headword":"sich wundern","persian_meaning":"تعجب کردن","core":{"present_3sg":"wundert sich","preterite_3sg":"wunderte sich","perfect":"hat sich gewundert","auxiliary":"haben","reflexive":true,"separability":"non_prefixed"},"examples":[{"id":"ma2-lu-0149-ex-001","lang":"de-DE","text":"Ich wundere mich , dass sie es geschafft hat.","order":1,"translations":[{"lang":"fa-IR","text":"تعجب می‌کنم که او موفق شده است."},{"lang":"en-US","text":"I'm surprised that she managed it."}]}],"metadata":{"dataset_id":"menschen-a2","unit_order":149,"tags":["menschen-a2","a2"]},"provenance":{"sources":[{"source_id":"menschen_a2_user_screenshots","source_kind":"course","what_was_verified":["orthography","persian_gloss","morphology","example_attestation"],"verification_status":"verified","locator":"screenshot-6:row-12;source-order=149","accessed_at":"2026-09-02","evidence_note":"Authoritative user-supplied source row. Raw German bundle: sich wundern [+A], wunderte sich, hat sich gewundert"},{"source_id":"assistant_translation_review","source_kind":"other","what_was_verified":["persian_example_translation","english_example_translation"],"verification_status":"verified","accessed_at":"2026-09-02","evidence_note":"Production translation generated and sense-alignment reviewed against the German example and canonical Persian meaning; this is internal production evidence, not an external lexicon claim."}]},"details":{"grammar_notes":["Akkusativobjekt (Quellennotation)"]}},"present":"wundert sich","preterite":"wunderte sich","perfect":"hat sich gewundert","participle_ii":"","auxiliary":"haben","reflexive":true,"is_reflexive":true,"is_separable":false,"rection":"","typingCore":"sich wundern","typingStandard":"sich wundern","typingTargetLang":"de-DE","typingTargetDir":"ltr","typingTargetLabel":"Wort"}	menschen-a2; a2		149
ma2-lu-0150	de-vocabulary	German	phrase	Menschen A2	A2			sich über etw. wundern	از چیزی تعجب کردن	Deutsch	فارسی	de-DE	fa-IR	front-core	[{"text":"Ich wundere mich über gar nichts mehr","lang":"de-DE","role":"example","label":"ma2-lu-0150-ex-001","order":1},{"text":"Nothing surprises me anymore.","lang":"en-US","role":"example","label":"translation:ma2-lu-0150-ex-001","order":2}]	[]	[]	[]	{"entry_type":"phrase","canonical_entry_type":"phrase","learning_unit_id":"ma2-lu-0150","semantic_identity":"ma2-lu-0150","german_learning_contract":"gfp-german-learning-content@1.0.0","semantic_contract":"gfp-german-language-content@3.1.3","source_profile_id":"menschen-a2@2.1.0","german_definition":"","english":"","direction_policy":"language-pair","canonical_unit":{"id":"ma2-lu-0150","type":"phrase","headword":"sich über etw. wundern","persian_meaning":"از چیزی تعجب کردن","core":{"structure":"sich über etw. wundern"},"examples":[{"id":"ma2-lu-0150-ex-001","lang":"de-DE","text":"Ich wundere mich über gar nichts mehr","order":1,"translations":[{"lang":"fa-IR","text":"دیگر از هیچ چیز تعجب نمی‌کنم."},{"lang":"en-US","text":"Nothing surprises me anymore."}]}],"metadata":{"dataset_id":"menschen-a2","unit_order":150,"tags":["menschen-a2","a2"]},"provenance":{"sources":[{"source_id":"menschen_a2_user_screenshots","source_kind":"course","what_was_verified":["orthography","persian_gloss","example_attestation"],"verification_status":"verified","locator":"screenshot-6:row-13;source-order=150","accessed_at":"2026-09-02","evidence_note":"Authoritative user-supplied source row. Raw German bundle: sich über etw. wundern / staunen über"},{"source_id":"assistant_translation_review","source_kind":"other","what_was_verified":["persian_example_translation","english_example_translation"],"verification_status":"verified","accessed_at":"2026-09-02","evidence_note":"Production translation generated and sense-alignment reviewed against the German example and canonical Persian meaning; this is internal production evidence, not an external lexicon claim."}]}}}	menschen-a2; a2		150
ma2-lu-0151	de-vocabulary	German	verb	Menschen A2	A2			zubereiten	آماده کردن، تهیه کردن	Deutsch	فارسی	de-DE	fa-IR	front-core	[{"text":"Sie bereitet das Fleisch mit Kartoffeln zu.","lang":"de-DE","role":"example","label":"ma2-lu-0151-ex-001","order":1},{"text":"She prepares the meat with potatoes.","lang":"en-US","role":"example","label":"translation:ma2-lu-0151-ex-001","order":2}]	[]	[]	[{"title":"Formen","items":["Präsens (3. Sg.): bereitet zu","Präteritum: bereitete zu","Perfekt: hat zubereitet","Hilfsverb: haben"]},{"title":"Grammar Notes","items":["Akkusativobjekt (Quellennotation)"]}]	{"entry_type":"verb","canonical_entry_type":"verb","learning_unit_id":"ma2-lu-0151","semantic_identity":"ma2-lu-0151","german_learning_contract":"gfp-german-learning-content@1.0.0","semantic_contract":"gfp-german-language-content@3.1.3","source_profile_id":"menschen-a2@2.1.0","german_definition":"","english":"","direction_policy":"language-pair","canonical_unit":{"id":"ma2-lu-0151","type":"verb","headword":"zubereiten","persian_meaning":"آماده کردن، تهیه کردن","core":{"present_3sg":"bereitet zu","preterite_3sg":"bereitete zu","perfect":"hat zubereitet","auxiliary":"haben","reflexive":false,"separability":"separable"},"examples":[{"id":"ma2-lu-0151-ex-001","lang":"de-DE","text":"Sie bereitet das Fleisch mit Kartoffeln zu.","order":1,"translations":[{"lang":"fa-IR","text":"او گوشت را با سیب‌زمینی آماده می‌کند."},{"lang":"en-US","text":"She prepares the meat with potatoes."}]}],"metadata":{"dataset_id":"menschen-a2","unit_order":151,"tags":["menschen-a2","a2"]},"provenance":{"sources":[{"source_id":"menschen_a2_user_screenshots","source_kind":"course","what_was_verified":["orthography","persian_gloss","morphology","example_attestation"],"verification_status":"verified","locator":"screenshot-6:row-14;source-order=151","accessed_at":"2026-09-02","evidence_note":"Authoritative user-supplied source row. Raw German bundle: zubereiten [+A], bereitet zu, bereitete zu, hat zubereitet"},{"source_id":"assistant_translation_review","source_kind":"other","what_was_verified":["persian_example_translation","english_example_translation"],"verification_status":"verified","accessed_at":"2026-09-02","evidence_note":"Production translation generated and sense-alignment reviewed against the German example and canonical Persian meaning; this is internal production evidence, not an external lexicon claim."}]},"details":{"grammar_notes":["Akkusativobjekt (Quellennotation)"]}},"present":"bereitet zu","preterite":"bereitete zu","perfect":"hat zubereitet","participle_ii":"","auxiliary":"haben","reflexive":false,"is_reflexive":false,"is_separable":true,"rection":"","typingCore":"zubereiten","typingStandard":"zubereiten","typingTargetLang":"de-DE","typingTargetDir":"ltr","typingTargetLabel":"Wort"}	menschen-a2; a2		151
ma2-lu-0152	de-vocabulary	German	verb	Menschen A2	A2			holen	آوردن، گرفتن	Deutsch	فارسی	de-DE	fa-IR	front-core	[{"text":"Ich hole mir schnell einen Tee.","lang":"de-DE","role":"example","label":"ma2-lu-0152-ex-001","order":1},{"text":"I'll quickly get myself some tea.","lang":"en-US","role":"example","label":"translation:ma2-lu-0152-ex-001","order":2}]	[]	[]	[{"title":"Formen","items":["Präsens (3. Sg.): holt","Präteritum: holte","Perfekt: hat geholt","Hilfsverb: haben"]},{"title":"Grammar Notes","items":["Akkusativobjekt; optionales Dativobjekt (Quellennotation)"]}]	{"entry_type":"verb","canonical_entry_type":"verb","learning_unit_id":"ma2-lu-0152","semantic_identity":"ma2-lu-0152","german_learning_contract":"gfp-german-learning-content@1.0.0","semantic_contract":"gfp-german-language-content@3.1.3","source_profile_id":"menschen-a2@2.1.0","german_definition":"","english":"","direction_policy":"language-pair","canonical_unit":{"id":"ma2-lu-0152","type":"verb","headword":"holen","persian_meaning":"آوردن، گرفتن","core":{"present_3sg":"holt","preterite_3sg":"holte","perfect":"hat geholt","auxiliary":"haben","reflexive":false,"separability":"non_prefixed"},"examples":[{"id":"ma2-lu-0152-ex-001","lang":"de-DE","text":"Ich hole mir schnell einen Tee.","order":1,"translations":[{"lang":"fa-IR","text":"سریع برای خودم یک چای می‌آورم."},{"lang":"en-US","text":"I'll quickly get myself some tea."}]}],"metadata":{"dataset_id":"menschen-a2","unit_order":152,"tags":["menschen-a2","a2"]},"provenance":{"sources":[{"source_id":"menschen_a2_user_screenshots","source_kind":"course","what_was_verified":["orthography","persian_gloss","morphology","example_attestation"],"verification_status":"verified","locator":"screenshot-6:row-15;source-order=152","accessed_at":"2026-09-02","evidence_note":"Authoritative user-supplied source row. Raw German bundle: holen [(+D)+A], holt, holte, hat geholt"},{"source_id":"assistant_translation_review","source_kind":"other","what_was_verified":["persian_example_translation","english_example_translation"],"verification_status":"verified","accessed_at":"2026-09-02","evidence_note":"Production translation generated and sense-alignment reviewed against the German example and canonical Persian meaning; this is internal production evidence, not an external lexicon claim."}]},"details":{"grammar_notes":["Akkusativobjekt; optionales Dativobjekt (Quellennotation)"]}},"present":"holt","preterite":"holte","perfect":"hat geholt","participle_ii":"","auxiliary":"haben","reflexive":false,"is_reflexive":false,"is_separable":false,"rection":"","typingCore":"holen","typingStandard":"holen","typingTargetLang":"de-DE","typingTargetDir":"ltr","typingTargetLabel":"Wort"}	menschen-a2; a2		152
ma2-lu-0153	de-vocabulary	German	verb	Menschen A2	A2			schmecken	مزه دادن، مزه داشتن	Deutsch	فارسی	de-DE	fa-IR	front-core	[{"text":"Die Kirschen schmecken mir so gut.","lang":"de-DE","role":"example","label":"ma2-lu-0153-ex-001","order":1},{"text":"The cherries taste so good to me.","lang":"en-US","role":"example","label":"translation:ma2-lu-0153-ex-001","order":2}]	[]	[]	[{"title":"Formen","items":["Präsens (3. Sg.): schmeckt","Präteritum: schmeckte","Perfekt: hat geschmeckt","Hilfsverb: haben"]},{"title":"Grammar Notes","items":["Dativobjekt (Quellennotation)"]}]	{"entry_type":"verb","canonical_entry_type":"verb","learning_unit_id":"ma2-lu-0153","semantic_identity":"ma2-lu-0153","german_learning_contract":"gfp-german-learning-content@1.0.0","semantic_contract":"gfp-german-language-content@3.1.3","source_profile_id":"menschen-a2@2.1.0","german_definition":"","english":"","direction_policy":"language-pair","canonical_unit":{"id":"ma2-lu-0153","type":"verb","headword":"schmecken","persian_meaning":"مزه دادن، مزه داشتن","core":{"present_3sg":"schmeckt","preterite_3sg":"schmeckte","perfect":"hat geschmeckt","auxiliary":"haben","reflexive":false,"separability":"non_prefixed"},"examples":[{"id":"ma2-lu-0153-ex-001","lang":"de-DE","text":"Die Kirschen schmecken mir so gut.","order":1,"translations":[{"lang":"fa-IR","text":"گیلاس‌ها خیلی به مذاقم خوش می‌آیند."},{"lang":"en-US","text":"The cherries taste so good to me."}]}],"metadata":{"dataset_id":"menschen-a2","unit_order":153,"tags":["menschen-a2","a2"]},"provenance":{"sources":[{"source_id":"menschen_a2_user_screenshots","source_kind":"course","what_was_verified":["orthography","persian_gloss","morphology","example_attestation"],"verification_status":"verified","locator":"screenshot-6:row-16;source-order=153","accessed_at":"2026-09-02","evidence_note":"Authoritative user-supplied source row. Raw German bundle: schmecken [+D], schmeckt, schmeckte, hat geschmeckt"},{"source_id":"assistant_translation_review","source_kind":"other","what_was_verified":["persian_example_translation","english_example_translation"],"verification_status":"verified","accessed_at":"2026-09-02","evidence_note":"Production translation generated and sense-alignment reviewed against the German example and canonical Persian meaning; this is internal production evidence, not an external lexicon claim."}]},"details":{"grammar_notes":["Dativobjekt (Quellennotation)"]}},"present":"schmeckt","preterite":"schmeckte","perfect":"hat geschmeckt","participle_ii":"","auxiliary":"haben","reflexive":false,"is_reflexive":false,"is_separable":false,"rection":"","typingCore":"schmecken","typingStandard":"schmecken","typingTargetLang":"de-DE","typingTargetDir":"ltr","typingTargetLabel":"Wort"}	menschen-a2; a2		153
ma2-lu-0154	de-vocabulary	German	verb	Menschen A2	A2			abschmecken	مزه را تنظیم کردن، چاشنی زدن	Deutsch	فارسی	de-DE	fa-IR	front-core	[{"text":"Das Essen ist gut abgeschmeckt","lang":"de-DE","role":"example","label":"ma2-lu-0154-ex-001","order":1},{"text":"The food is well seasoned.","lang":"en-US","role":"example","label":"translation:ma2-lu-0154-ex-001","order":2}]	[]	[]	[{"title":"Formen","items":["Präsens (3. Sg.): schmeckt ab","Präteritum: schmeckt ab","Perfekt: hat abgeschmeckt","Hilfsverb: haben"]},{"title":"Grammar Notes","items":["Akkusativobjekt (Quellennotation)"]}]	{"entry_type":"verb","canonical_entry_type":"verb","learning_unit_id":"ma2-lu-0154","semantic_identity":"ma2-lu-0154","german_learning_contract":"gfp-german-learning-content@1.0.0","semantic_contract":"gfp-german-language-content@3.1.3","source_profile_id":"menschen-a2@2.1.0","german_definition":"","english":"","direction_policy":"language-pair","canonical_unit":{"id":"ma2-lu-0154","type":"verb","headword":"abschmecken","persian_meaning":"مزه را تنظیم کردن، چاشنی زدن","core":{"present_3sg":"schmeckt ab","preterite_3sg":"schmeckt ab","perfect":"hat abgeschmeckt","auxiliary":"haben","reflexive":false,"separability":"separable"},"examples":[{"id":"ma2-lu-0154-ex-001","lang":"de-DE","text":"Das Essen ist gut abgeschmeckt","order":1,"translations":[{"lang":"fa-IR","text":"غذا خوب مزه‌دار شده است."},{"lang":"en-US","text":"The food is well seasoned."}]}],"metadata":{"dataset_id":"menschen-a2","unit_order":154,"tags":["menschen-a2","a2"]},"provenance":{"sources":[{"source_id":"menschen_a2_user_screenshots","source_kind":"course","what_was_verified":["orthography","persian_gloss","morphology","example_attestation"],"verification_status":"verified","locator":"screenshot-6:row-17;source-order=154","accessed_at":"2026-09-02","evidence_note":"Authoritative user-supplied source row. Raw German bundle: abschmecken [+A], schmeckt ab, hat abgeschmeckt"},{"source_id":"assistant_translation_review","source_kind":"other","what_was_verified":["persian_example_translation","english_example_translation"],"verification_status":"verified","accessed_at":"2026-09-02","evidence_note":"Production translation generated and sense-alignment reviewed against the German example and canonical Persian meaning; this is internal production evidence, not an external lexicon claim."}]},"details":{"grammar_notes":["Akkusativobjekt (Quellennotation)"]}},"present":"schmeckt ab","preterite":"schmeckt ab","perfect":"hat abgeschmeckt","participle_ii":"","auxiliary":"haben","reflexive":false,"is_reflexive":false,"is_separable":true,"rection":"","typingCore":"abschmecken","typingStandard":"abschmecken","typingTargetLang":"de-DE","typingTargetDir":"ltr","typingTargetLabel":"Wort"}	menschen-a2; a2		154
ma2-lu-0155	de-vocabulary	German	verb	Menschen A2	A2			anschauen	نگاه کردن، تماشا کردن	Deutsch	فارسی	de-DE	fa-IR	front-core	[{"text":"Er schaute mich lange an.","lang":"de-DE","role":"example","label":"ma2-lu-0155-ex-001","order":1},{"text":"He looked at me for a long time.","lang":"en-US","role":"example","label":"translation:ma2-lu-0155-ex-001","order":2}]	[]	[]	[{"title":"Formen","items":["Präsens (3. Sg.): schaut an","Präteritum: schaute an","Perfekt: hat angeschaut","Hilfsverb: haben"]},{"title":"Grammar Notes","items":["Akkusativobjekt (Quellennotation)"]}]	{"entry_type":"verb","canonical_entry_type":"verb","learning_unit_id":"ma2-lu-0155","semantic_identity":"ma2-lu-0155","german_learning_contract":"gfp-german-learning-content@1.0.0","semantic_contract":"gfp-german-language-content@3.1.3","source_profile_id":"menschen-a2@2.1.0","german_definition":"","english":"","direction_policy":"language-pair","canonical_unit":{"id":"ma2-lu-0155","type":"verb","headword":"anschauen","persian_meaning":"نگاه کردن، تماشا کردن","core":{"present_3sg":"schaut an","preterite_3sg":"schaute an","perfect":"hat angeschaut","auxiliary":"haben","reflexive":false,"separability":"separable"},"examples":[{"id":"ma2-lu-0155-ex-001","lang":"de-DE","text":"Er schaute mich lange an.","order":1,"translations":[{"lang":"fa-IR","text":"او مدت زیادی به من نگاه کرد."},{"lang":"en-US","text":"He looked at me for a long time."}]}],"metadata":{"dataset_id":"menschen-a2","unit_order":155,"tags":["menschen-a2","a2"]},"provenance":{"sources":[{"source_id":"menschen_a2_user_screenshots","source_kind":"course","what_was_verified":["orthography","persian_gloss","morphology","example_attestation"],"verification_status":"verified","locator":"screenshot-6:row-18;source-order=155","accessed_at":"2026-09-02","evidence_note":"Authoritative user-supplied source row. Raw German bundle: anschauen [+A], schaute an, hat angeschaut / ansehen"},{"source_id":"assistant_translation_review","source_kind":"other","what_was_verified":["persian_example_translation","english_example_translation"],"verification_status":"verified","accessed_at":"2026-09-02","evidence_note":"Production translation generated and sense-alignment reviewed against the German example and canonical Persian meaning; this is internal production evidence, not an external lexicon claim."}]},"details":{"grammar_notes":["Akkusativobjekt (Quellennotation)"]}},"present":"schaut an","preterite":"schaute an","perfect":"hat angeschaut","participle_ii":"","auxiliary":"haben","reflexive":false,"is_reflexive":false,"is_separable":true,"rection":"","typingCore":"anschauen","typingStandard":"anschauen","typingTargetLang":"de-DE","typingTargetDir":"ltr","typingTargetLabel":"Wort"}	menschen-a2; a2		155
ma2-lu-0156	de-vocabulary	German	verb	Menschen A2	A2			übersetzen	ترجمه کردن	Deutsch	فارسی	de-DE	fa-IR	front-core	[{"text":"Kannst du diesen Satz übersetzen?","lang":"de-DE","role":"example","label":"ma2-lu-0156-ex-001","order":1},{"text":"Can you translate this sentence?","lang":"en-US","role":"example","label":"translation:ma2-lu-0156-ex-001","order":2}]	[]	[]	[{"title":"Formen","items":["Präsens (3. Sg.): übersetzt","Präteritum: übersetzte","Perfekt: hat übersetzt","Hilfsverb: haben"]},{"title":"Grammar Notes","items":["Akkusativobjekt (Quellennotation)"]}]	{"entry_type":"verb","canonical_entry_type":"verb","learning_unit_id":"ma2-lu-0156","semantic_identity":"ma2-lu-0156","german_learning_contract":"gfp-german-learning-content@1.0.0","semantic_contract":"gfp-german-language-content@3.1.3","source_profile_id":"menschen-a2@2.1.0","german_definition":"","english":"","direction_policy":"language-pair","canonical_unit":{"id":"ma2-lu-0156","type":"verb","headword":"übersetzen","persian_meaning":"ترجمه کردن","core":{"present_3sg":"übersetzt","preterite_3sg":"übersetzte","perfect":"hat übersetzt","auxiliary":"haben","reflexive":false,"separability":"inseparable"},"examples":[{"id":"ma2-lu-0156-ex-001","lang":"de-DE","text":"Kannst du diesen Satz übersetzen?","order":1,"translations":[{"lang":"fa-IR","text":"می‌توانی این جمله را ترجمه کنی؟"},{"lang":"en-US","text":"Can you translate this sentence?"}]}],"metadata":{"dataset_id":"menschen-a2","unit_order":156,"tags":["menschen-a2","a2"]},"provenance":{"sources":[{"source_id":"menschen_a2_user_screenshots","source_kind":"course","what_was_verified":["orthography","persian_gloss","morphology","example_attestation"],"verification_status":"verified","locator":"screenshot-6:row-19;source-order=156","accessed_at":"2026-09-02","evidence_note":"Authoritative user-supplied source row. Raw German bundle: übersetzen [+A], übersetzt, übersetzte, hat übersetzt"},{"source_id":"assistant_translation_review","source_kind":"other","what_was_verified":["persian_example_translation","english_example_translation"],"verification_status":"verified","accessed_at":"2026-09-02","evidence_note":"Production translation generated and sense-alignment reviewed against the German example and canonical Persian meaning; this is internal production evidence, not an external lexicon claim."}]},"details":{"grammar_notes":["Akkusativobjekt (Quellennotation)"]}},"present":"übersetzt","preterite":"übersetzte","perfect":"hat übersetzt","participle_ii":"","auxiliary":"haben","reflexive":false,"is_reflexive":false,"is_separable":false,"rection":"","typingCore":"übersetzen","typingStandard":"übersetzen","typingTargetLang":"de-DE","typingTargetDir":"ltr","typingTargetLabel":"Wort"}	menschen-a2; a2		156
ma2-lu-0157	de-vocabulary	German	verb	Menschen A2	A2			mitsingen	همراه دیگران آواز خواندن	Deutsch	فارسی	de-DE	fa-IR	front-core	[{"text":"Die Kinder sangen laut mit.","lang":"de-DE","role":"example","label":"ma2-lu-0157-ex-001","order":1},{"text":"The children sang along loudly.","lang":"en-US","role":"example","label":"translation:ma2-lu-0157-ex-001","order":2}]	[]	[]	[{"title":"Formen","items":["Präsens (3. Sg.): singt mit","Präteritum: sang mit","Perfekt: hat mitgesungen","Hilfsverb: haben"]}]	{"entry_type":"verb","canonical_entry_type":"verb","learning_unit_id":"ma2-lu-0157","semantic_identity":"ma2-lu-0157","german_learning_contract":"gfp-german-learning-content@1.0.0","semantic_contract":"gfp-german-language-content@3.1.3","source_profile_id":"menschen-a2@2.1.0","german_definition":"","english":"","direction_policy":"language-pair","canonical_unit":{"id":"ma2-lu-0157","type":"verb","headword":"mitsingen","persian_meaning":"همراه دیگران آواز خواندن","core":{"present_3sg":"singt mit","preterite_3sg":"sang mit","perfect":"hat mitgesungen","auxiliary":"haben","reflexive":false,"separability":"separable"},"examples":[{"id":"ma2-lu-0157-ex-001","lang":"de-DE","text":"Die Kinder sangen laut mit.","order":1,"translations":[{"lang":"fa-IR","text":"بچه‌ها با صدای بلند همراهی کردند و خواندند."},{"lang":"en-US","text":"The children sang along loudly."}]}],"metadata":{"dataset_id":"menschen-a2","unit_order":157,"tags":["menschen-a2","a2"]},"provenance":{"sources":[{"source_id":"menschen_a2_user_screenshots","source_kind":"course","what_was_verified":["orthography","persian_gloss","morphology","example_attestation"],"verification_status":"verified","locator":"screenshot-6:row-20;source-order=157","accessed_at":"2026-09-02","evidence_note":"Authoritative user-supplied source row. Raw German bundle: mitsingen, sang mit, hat mitgesungen"},{"source_id":"assistant_translation_review","source_kind":"other","what_was_verified":["persian_example_translation","english_example_translation"],"verification_status":"verified","accessed_at":"2026-09-02","evidence_note":"Production translation generated and sense-alignment reviewed against the German example and canonical Persian meaning; this is internal production evidence, not an external lexicon claim."}]}},"present":"singt mit","preterite":"sang mit","perfect":"hat mitgesungen","participle_ii":"","auxiliary":"haben","reflexive":false,"is_reflexive":false,"is_separable":true,"rection":"","typingCore":"mitsingen","typingStandard":"mitsingen","typingTargetLang":"de-DE","typingTargetDir":"ltr","typingTargetLabel":"Wort"}	menschen-a2; a2		157
ma2-lu-0158	de-vocabulary	German	verb	Menschen A2	A2			aufschreiben	یادداشت کردن، نوشتن	Deutsch	فارسی	de-DE	fa-IR	front-core	[{"text":"Schreib dir die Nummer auf!","lang":"de-DE","role":"example","label":"ma2-lu-0158-ex-001","order":1},{"text":"Write down the number!","lang":"en-US","role":"example","label":"translation:ma2-lu-0158-ex-001","order":2}]	[]	[]	[{"title":"Formen","items":["Präsens (3. Sg.): schreibt auf","Präteritum: schrieb auf","Perfekt: hat aufgeschrieben","Hilfsverb: haben"]}]	{"entry_type":"verb","canonical_entry_type":"verb","learning_unit_id":"ma2-lu-0158","semantic_identity":"ma2-lu-0158","german_learning_contract":"gfp-german-learning-content@1.0.0","semantic_contract":"gfp-german-language-content@3.1.3","source_profile_id":"menschen-a2@2.1.0","german_definition":"","english":"","direction_policy":"language-pair","canonical_unit":{"id":"ma2-lu-0158","type":"verb","headword":"aufschreiben","persian_meaning":"یادداشت کردن، نوشتن","core":{"present_3sg":"schreibt auf","preterite_3sg":"schrieb auf","perfect":"hat aufgeschrieben","auxiliary":"haben","reflexive":false,"separability":"separable"},"examples":[{"id":"ma2-lu-0158-ex-001","lang":"de-DE","text":"Schreib dir die Nummer auf!","order":1,"translations":[{"lang":"fa-IR","text":"شماره را برای خودت یادداشت کن!"},{"lang":"en-US","text":"Write down the number!"}]}],"metadata":{"dataset_id":"menschen-a2","unit_order":158,"tags":["menschen-a2","a2"]},"provenance":{"sources":[{"source_id":"menschen_a2_user_screenshots","source_kind":"course","what_was_verified":["orthography","persian_gloss","morphology","example_attestation"],"verification_status":"verified","locator":"screenshot-6:row-21;source-order=158","accessed_at":"2026-09-02","evidence_note":"Authoritative user-supplied source row. Raw German bundle: aufschreiben, schreibt auf, schrieb auf, hat aufgeschrieben"},{"source_id":"assistant_translation_review","source_kind":"other","what_was_verified":["persian_example_translation","english_example_translation"],"verification_status":"verified","accessed_at":"2026-09-02","evidence_note":"Production translation generated and sense-alignment reviewed against the German example and canonical Persian meaning; this is internal production evidence, not an external lexicon claim."}]}},"present":"schreibt auf","preterite":"schrieb auf","perfect":"hat aufgeschrieben","participle_ii":"","auxiliary":"haben","reflexive":false,"is_reflexive":false,"is_separable":true,"rection":"","typingCore":"aufschreiben","typingStandard":"aufschreiben","typingTargetLang":"de-DE","typingTargetDir":"ltr","typingTargetLabel":"Wort"}	menschen-a2; a2		158
ma2-lu-0159	de-vocabulary	German	verb	Menschen A2	A2			nachsprechen	تکرار کردن، بعد از کسی گفتن	Deutsch	فارسی	de-DE	fa-IR	front-core	[{"text":"Herr Meier, ich lese vor, Sie sprechen nach","lang":"de-DE","role":"example","label":"ma2-lu-0159-ex-001","order":1},{"text":"Mr. Meier, I'll read it aloud and you repeat it.","lang":"en-US","role":"example","label":"translation:ma2-lu-0159-ex-001","order":2}]	[]	[]	[{"title":"Formen","items":["Präsens (3. Sg.): spricht nach","Präteritum: sprach nach","Perfekt: hat nachgesprochen","Hilfsverb: haben"]},{"title":"Grammar Notes","items":["Dativobjekt (Quellennotation)"]}]	{"entry_type":"verb","canonical_entry_type":"verb","learning_unit_id":"ma2-lu-0159","semantic_identity":"ma2-lu-0159","german_learning_contract":"gfp-german-learning-content@1.0.0","semantic_contract":"gfp-german-language-content@3.1.3","source_profile_id":"menschen-a2@2.1.0","german_definition":"","english":"","direction_policy":"language-pair","canonical_unit":{"id":"ma2-lu-0159","type":"verb","headword":"nachsprechen","persian_meaning":"تکرار کردن، بعد از کسی گفتن","core":{"present_3sg":"spricht nach","preterite_3sg":"sprach nach","perfect":"hat nachgesprochen","auxiliary":"haben","reflexive":false,"separability":"separable"},"examples":[{"id":"ma2-lu-0159-ex-001","lang":"de-DE","text":"Herr Meier, ich lese vor, Sie sprechen nach","order":1,"translations":[{"lang":"fa-IR","text":"آقای مایر، من می‌خوانم و شما تکرار کنید."},{"lang":"en-US","text":"Mr. Meier, I'll read it aloud and you repeat it."}]}],"metadata":{"dataset_id":"menschen-a2","unit_order":159,"tags":["menschen-a2","a2"]},"provenance":{"sources":[{"source_id":"menschen_a2_user_screenshots","source_kind":"course","what_was_verified":["orthography","persian_gloss","morphology","example_attestation"],"verification_status":"verified","locator":"screenshot-6:row-22;source-order=159","accessed_at":"2026-09-02","evidence_note":"Authoritative user-supplied source row. Raw German bundle: nachsprechen [+D], spricht nach, sprach nach, hat nachgesprochen"},{"source_id":"assistant_translation_review","source_kind":"other","what_was_verified":["persian_example_translation","english_example_translation"],"verification_status":"verified","accessed_at":"2026-09-02","evidence_note":"Production translation generated and sense-alignment reviewed against the German example and canonical Persian meaning; this is internal production evidence, not an external lexicon claim."}]},"details":{"grammar_notes":["Dativobjekt (Quellennotation)"]}},"present":"spricht nach","preterite":"sprach nach","perfect":"hat nachgesprochen","participle_ii":"","auxiliary":"haben","reflexive":false,"is_reflexive":false,"is_separable":true,"rection":"","typingCore":"nachsprechen","typingStandard":"nachsprechen","typingTargetLang":"de-DE","typingTargetDir":"ltr","typingTargetLabel":"Wort"}	menschen-a2; a2		159
ma2-lu-0160	de-vocabulary	German	verb	Menschen A2	A2			lösen	حل کردن، باز کردن	Deutsch	فارسی	de-DE	fa-IR	front-core	[{"text":"Alexander konnte das Rätsel lösen.","lang":"de-DE","role":"example","label":"ma2-lu-0160-ex-001","order":1},{"text":"Alexander was able to solve the puzzle.","lang":"en-US","role":"example","label":"translation:ma2-lu-0160-ex-001","order":2}]	[]	[]	[{"title":"Formen","items":["Präsens (3. Sg.): löst","Präteritum: löste","Perfekt: hat gelöst","Hilfsverb: haben"]},{"title":"Grammar Notes","items":["Akkusativobjekt (Quellennotation)"]}]	{"entry_type":"verb","canonical_entry_type":"verb","learning_unit_id":"ma2-lu-0160","semantic_identity":"ma2-lu-0160","german_learning_contract":"gfp-german-learning-content@1.0.0","semantic_contract":"gfp-german-language-content@3.1.3","source_profile_id":"menschen-a2@2.1.0","german_definition":"","english":"","direction_policy":"language-pair","canonical_unit":{"id":"ma2-lu-0160","type":"verb","headword":"lösen","persian_meaning":"حل کردن، باز کردن","core":{"present_3sg":"löst","preterite_3sg":"löste","perfect":"hat gelöst","auxiliary":"haben","reflexive":false,"separability":"non_prefixed"},"examples":[{"id":"ma2-lu-0160-ex-001","lang":"de-DE","text":"Alexander konnte das Rätsel lösen.","order":1,"translations":[{"lang":"fa-IR","text":"الکساندر توانست معما را حل کند."},{"lang":"en-US","text":"Alexander was able to solve the puzzle."}]}],"metadata":{"dataset_id":"menschen-a2","unit_order":160,"tags":["menschen-a2","a2"]},"provenance":{"sources":[{"source_id":"menschen_a2_user_screenshots","source_kind":"course","what_was_verified":["orthography","persian_gloss","morphology","example_attestation"],"verification_status":"verified","locator":"screenshot-6:row-23;source-order=160","accessed_at":"2026-09-02","evidence_note":"Authoritative user-supplied source row. Raw German bundle: lösen [+A], löst, löste, hat gelöst"},{"source_id":"assistant_translation_review","source_kind":"other","what_was_verified":["persian_example_translation","english_example_translation"],"verification_status":"verified","accessed_at":"2026-09-02","evidence_note":"Production translation generated and sense-alignment reviewed against the German example and canonical Persian meaning; this is internal production evidence, not an external lexicon claim."}]},"details":{"grammar_notes":["Akkusativobjekt (Quellennotation)"]}},"present":"löst","preterite":"löste","perfect":"hat gelöst","participle_ii":"","auxiliary":"haben","reflexive":false,"is_reflexive":false,"is_separable":false,"rection":"","typingCore":"lösen","typingStandard":"lösen","typingTargetLang":"de-DE","typingTargetDir":"ltr","typingTargetLabel":"Wort"}	menschen-a2; a2		160
ma2-lu-0161	de-vocabulary	German	verb	Menschen A2	A2			sich lösen	شل یا جدا شدن، حل شدن	Deutsch	فارسی	de-DE	fa-IR	front-core	[{"text":"Sich aus dem Elternhaus, von seinen Freunden lösen","lang":"de-DE","role":"example","label":"ma2-lu-0161-ex-001","order":1},{"text":"to detach oneself from one's parental home or friends","lang":"en-US","role":"example","label":"translation:ma2-lu-0161-ex-001","order":2}]	[]	[]	[{"title":"Formen","items":["Präsens (3. Sg.): löst sich","Präteritum: löste sich","Perfekt: hat sich gelöst","Hilfsverb: haben"]}]	{"entry_type":"verb","canonical_entry_type":"verb","learning_unit_id":"ma2-lu-0161","semantic_identity":"ma2-lu-0161","german_learning_contract":"gfp-german-learning-content@1.0.0","semantic_contract":"gfp-german-language-content@3.1.3","source_profile_id":"menschen-a2@2.1.0","german_definition":"","english":"","direction_policy":"language-pair","canonical_unit":{"id":"ma2-lu-0161","type":"verb","headword":"sich lösen","persian_meaning":"شل یا جدا شدن، حل شدن","core":{"present_3sg":"löst sich","preterite_3sg":"löste sich","perfect":"hat sich gelöst","auxiliary":"haben","reflexive":true,"separability":"non_prefixed"},"examples":[{"id":"ma2-lu-0161-ex-001","lang":"de-DE","text":"Sich aus dem Elternhaus, von seinen Freunden lösen","order":1,"translations":[{"lang":"fa-IR","text":"از خانه پدری یا دوستان خود جدا شدن"},{"lang":"en-US","text":"to detach oneself from one's parental home or friends"}]}],"metadata":{"dataset_id":"menschen-a2","unit_order":161,"tags":["menschen-a2","a2"]},"provenance":{"sources":[{"source_id":"menschen_a2_user_screenshots","source_kind":"course","what_was_verified":["orthography","persian_gloss","morphology","example_attestation"],"verification_status":"verified","locator":"screenshot-6:row-24;source-order=161","accessed_at":"2026-09-02","evidence_note":"Authoritative user-supplied source row. Raw German bundle: sich lösen, löste sich, hat sich gelöst"},{"source_id":"assistant_translation_review","source_kind":"other","what_was_verified":["persian_example_translation","english_example_translation"],"verification_status":"verified","accessed_at":"2026-09-02","evidence_note":"Production translation generated and sense-alignment reviewed against the German example and canonical Persian meaning; this is internal production evidence, not an external lexicon claim."}]}},"present":"löst sich","preterite":"löste sich","perfect":"hat sich gelöst","participle_ii":"","auxiliary":"haben","reflexive":true,"is_reflexive":true,"is_separable":false,"rection":"","typingCore":"sich lösen","typingStandard":"sich lösen","typingTargetLang":"de-DE","typingTargetDir":"ltr","typingTargetLabel":"Wort"}	menschen-a2; a2		161
ma2-lu-0162	de-vocabulary	German	verb	Menschen A2	A2			verreisen	به سفر رفتن	Deutsch	فارسی	de-DE	fa-IR	front-core	[{"text":"Zu Ostern verreisen wir immer","lang":"de-DE","role":"example","label":"ma2-lu-0162-ex-001","order":1},{"text":"We always travel at Easter.","lang":"en-US","role":"example","label":"translation:ma2-lu-0162-ex-001","order":2}]	[]	[]	[{"title":"Formen","items":["Präsens (3. Sg.): verreist","Präteritum: verreiste","Perfekt: ist verreist","Hilfsverb: sein"]}]	{"entry_type":"verb","canonical_entry_type":"verb","learning_unit_id":"ma2-lu-0162","semantic_identity":"ma2-lu-0162","german_learning_contract":"gfp-german-learning-content@1.0.0","semantic_contract":"gfp-german-language-content@3.1.3","source_profile_id":"menschen-a2@2.1.0","german_definition":"","english":"","direction_policy":"language-pair","canonical_unit":{"id":"ma2-lu-0162","type":"verb","headword":"verreisen","persian_meaning":"به سفر رفتن","core":{"present_3sg":"verreist","preterite_3sg":"verreiste","perfect":"ist verreist","auxiliary":"sein","reflexive":false,"separability":"inseparable"},"examples":[{"id":"ma2-lu-0162-ex-001","lang":"de-DE","text":"Zu Ostern verreisen wir immer","order":1,"translations":[{"lang":"fa-IR","text":"ما همیشه برای عید پاک سفر می‌کنیم."},{"lang":"en-US","text":"We always travel at Easter."}]}],"metadata":{"dataset_id":"menschen-a2","unit_order":162,"tags":["menschen-a2","a2"]},"provenance":{"sources":[{"source_id":"menschen_a2_user_screenshots","source_kind":"course","what_was_verified":["orthography","persian_gloss","morphology","example_attestation"],"verification_status":"verified","locator":"screenshot-6:row-25;source-order=162","accessed_at":"2026-09-02","evidence_note":"Authoritative user-supplied source row. Raw German bundle: verreisen, verreist, verreiste, ist verreist"},{"source_id":"assistant_translation_review","source_kind":"other","what_was_verified":["persian_example_translation","english_example_translation"],"verification_status":"verified","accessed_at":"2026-09-02","evidence_note":"Production translation generated and sense-alignment reviewed against the German example and canonical Persian meaning; this is internal production evidence, not an external lexicon claim."}]}},"present":"verreist","preterite":"verreiste","perfect":"ist verreist","participle_ii":"","auxiliary":"sein","reflexive":false,"is_reflexive":false,"is_separable":false,"rection":"","typingCore":"verreisen","typingStandard":"verreisen","typingTargetLang":"de-DE","typingTargetDir":"ltr","typingTargetLabel":"Wort"}	menschen-a2; a2		162
ma2-lu-0163	de-vocabulary	German	verb	Menschen A2	A2			zurückgehen	برگشتن، عقب رفتن	Deutsch	فارسی	de-DE	fa-IR	front-core	[{"text":"Ich bin müde, lass uns zum Hotel zurückgehen.","lang":"de-DE","role":"example","label":"ma2-lu-0163-ex-001","order":1},{"text":"I'm tired; let's go back to the hotel.","lang":"en-US","role":"example","label":"translation:ma2-lu-0163-ex-001","order":2}]	[]	[]	[{"title":"Formen","items":["Präsens (3. Sg.): geht zurück","Präteritum: ging zurück","Perfekt: ist zurückgegangen","Hilfsverb: sein"]}]	{"entry_type":"verb","canonical_entry_type":"verb","learning_unit_id":"ma2-lu-0163","semantic_identity":"ma2-lu-0163","german_learning_contract":"gfp-german-learning-content@1.0.0","semantic_contract":"gfp-german-language-content@3.1.3","source_profile_id":"menschen-a2@2.1.0","german_definition":"","english":"","direction_policy":"language-pair","canonical_unit":{"id":"ma2-lu-0163","type":"verb","headword":"zurückgehen","persian_meaning":"برگشتن، عقب رفتن","core":{"present_3sg":"geht zurück","preterite_3sg":"ging zurück","perfect":"ist zurückgegangen","auxiliary":"sein","reflexive":false,"separability":"separable"},"examples":[{"id":"ma2-lu-0163-ex-001","lang":"de-DE","text":"Ich bin müde, lass uns zum Hotel zurückgehen.","order":1,"translations":[{"lang":"fa-IR","text":"خسته‌ام، برگردیم هتل."},{"lang":"en-US","text":"I'm tired; let's go back to the hotel."}]}],"metadata":{"dataset_id":"menschen-a2","unit_order":163,"tags":["menschen-a2","a2"]},"provenance":{"sources":[{"source_id":"menschen_a2_user_screenshots","source_kind":"course","what_was_verified":["orthography","persian_gloss","morphology","example_attestation"],"verification_status":"verified","locator":"screenshot-6:row-26;source-order=163","accessed_at":"2026-09-02","evidence_note":"Authoritative user-supplied source row. Raw German bundle: zurückgehen, geht zurück, ging zurück, ist zurückgegangen"},{"source_id":"assistant_translation_review","source_kind":"other","what_was_verified":["persian_example_translation","english_example_translation"],"verification_status":"verified","accessed_at":"2026-09-02","evidence_note":"Production translation generated and sense-alignment reviewed against the German example and canonical Persian meaning; this is internal production evidence, not an external lexicon claim."}]}},"present":"geht zurück","preterite":"ging zurück","perfect":"ist zurückgegangen","participle_ii":"","auxiliary":"sein","reflexive":false,"is_reflexive":false,"is_separable":true,"rection":"","typingCore":"zurückgehen","typingStandard":"zurückgehen","typingTargetLang":"de-DE","typingTargetDir":"ltr","typingTargetLabel":"Wort"}	menschen-a2; a2		163
ma2-lu-0164	de-vocabulary	German	phrase	Menschen A2	A2			auf jdn./etw. zurückgehen	به چیزی برگردد یا ناشی از چیزی بودن	Deutsch	فارسی	de-DE	fa-IR	front-core	[{"text":"Auf seinen Platz zurückgehen","lang":"de-DE","role":"example","label":"ma2-lu-0164-ex-001","order":1},{"text":"to go back to one's place","lang":"en-US","role":"example","label":"translation:ma2-lu-0164-ex-001","order":2}]	[]	[]	[]	{"entry_type":"phrase","canonical_entry_type":"phrase","learning_unit_id":"ma2-lu-0164","semantic_identity":"ma2-lu-0164","german_learning_contract":"gfp-german-learning-content@1.0.0","semantic_contract":"gfp-german-language-content@3.1.3","source_profile_id":"menschen-a2@2.1.0","german_definition":"","english":"","direction_policy":"language-pair","canonical_unit":{"id":"ma2-lu-0164","type":"phrase","headword":"auf jdn./etw. zurückgehen","persian_meaning":"به چیزی برگردد یا ناشی از چیزی بودن","core":{"structure":"auf jdn./etw. zurückgehen"},"examples":[{"id":"ma2-lu-0164-ex-001","lang":"de-DE","text":"Auf seinen Platz zurückgehen","order":1,"translations":[{"lang":"fa-IR","text":"به جای خود برگشتن"},{"lang":"en-US","text":"to go back to one's place"}]}],"metadata":{"dataset_id":"menschen-a2","unit_order":164,"tags":["menschen-a2","a2"]},"provenance":{"sources":[{"source_id":"menschen_a2_user_screenshots","source_kind":"course","what_was_verified":["orthography","persian_gloss","example_attestation"],"verification_status":"verified","locator":"screenshot-6:row-27;source-order=164","accessed_at":"2026-09-02","evidence_note":"Authoritative user-supplied source row. Raw German bundle: auf jdn./etw. zurückgehen"},{"source_id":"assistant_translation_review","source_kind":"other","what_was_verified":["persian_example_translation","english_example_translation"],"verification_status":"verified","accessed_at":"2026-09-02","evidence_note":"Production translation generated and sense-alignment reviewed against the German example and canonical Persian meaning; this is internal production evidence, not an external lexicon claim."}]}}}	menschen-a2; a2		164
ma2-lu-0165	de-vocabulary	German	verb	Menschen A2	A2			merken	به خاطر سپردن، متوجه شدن	Deutsch	فارسی	de-DE	fa-IR	front-core	[{"text":"Ich kann mir deine Nummer nicht merken.","lang":"de-DE","role":"example","label":"ma2-lu-0165-ex-001","order":1},{"text":"I can't remember your number.","lang":"en-US","role":"example","label":"translation:ma2-lu-0165-ex-001","order":2}]	[]	[]	[{"title":"Formen","items":["Präsens (3. Sg.): merkt","Präteritum: merkte","Perfekt: hat gemerkt","Hilfsverb: haben"]},{"title":"Grammar Notes","items":["Akkusativobjekt; optionales Dativobjekt (Quellennotation)"]}]	{"entry_type":"verb","canonical_entry_type":"verb","learning_unit_id":"ma2-lu-0165","semantic_identity":"ma2-lu-0165","german_learning_contract":"gfp-german-learning-content@1.0.0","semantic_contract":"gfp-german-language-content@3.1.3","source_profile_id":"menschen-a2@2.1.0","german_definition":"","english":"","direction_policy":"language-pair","canonical_unit":{"id":"ma2-lu-0165","type":"verb","headword":"merken","persian_meaning":"به خاطر سپردن، متوجه شدن","core":{"present_3sg":"merkt","preterite_3sg":"merkte","perfect":"hat gemerkt","auxiliary":"haben","reflexive":false,"separability":"non_prefixed"},"examples":[{"id":"ma2-lu-0165-ex-001","lang":"de-DE","text":"Ich kann mir deine Nummer nicht merken.","order":1,"translations":[{"lang":"fa-IR","text":"نمی‌توانم شماره‌ات را به خاطر بسپارم."},{"lang":"en-US","text":"I can't remember your number."}]}],"metadata":{"dataset_id":"menschen-a2","unit_order":165,"tags":["menschen-a2","a2"]},"provenance":{"sources":[{"source_id":"menschen_a2_user_screenshots","source_kind":"course","what_was_verified":["orthography","persian_gloss","morphology","example_attestation"],"verification_status":"verified","locator":"screenshot-6:row-28;source-order=165","accessed_at":"2026-09-02","evidence_note":"Authoritative user-supplied source row. Raw German bundle: merken [(+D)+A], merkt, merkte, hat gemerkt"},{"source_id":"assistant_translation_review","source_kind":"other","what_was_verified":["persian_example_translation","english_example_translation"],"verification_status":"verified","accessed_at":"2026-09-02","evidence_note":"Production translation generated and sense-alignment reviewed against the German example and canonical Persian meaning; this is internal production evidence, not an external lexicon claim."}]},"details":{"grammar_notes":["Akkusativobjekt; optionales Dativobjekt (Quellennotation)"]}},"present":"merkt","preterite":"merkte","perfect":"hat gemerkt","participle_ii":"","auxiliary":"haben","reflexive":false,"is_reflexive":false,"is_separable":false,"rection":"","typingCore":"merken","typingStandard":"merken","typingTargetLang":"de-DE","typingTargetDir":"ltr","typingTargetLabel":"Wort"}	menschen-a2; a2		165
ma2-lu-0166	de-vocabulary	German	phrase	Menschen A2	A2			sich Dat. etw. merken	چیزی را به خاطر سپردن	Deutsch	فارسی	de-DE	fa-IR	front-core	[{"text":"Diese Telefonnummer kann man sich gut merken","lang":"de-DE","role":"example","label":"ma2-lu-0166-ex-001","order":1},{"text":"This phone number is easy to remember.","lang":"en-US","role":"example","label":"translation:ma2-lu-0166-ex-001","order":2}]	[]	[]	[]	{"entry_type":"phrase","canonical_entry_type":"phrase","learning_unit_id":"ma2-lu-0166","semantic_identity":"ma2-lu-0166","german_learning_contract":"gfp-german-learning-content@1.0.0","semantic_contract":"gfp-german-language-content@3.1.3","source_profile_id":"menschen-a2@2.1.0","german_definition":"","english":"","direction_policy":"language-pair","canonical_unit":{"id":"ma2-lu-0166","type":"phrase","headword":"sich Dat. etw. merken","persian_meaning":"چیزی را به خاطر سپردن","core":{"structure":"sich Dat. etw. merken"},"examples":[{"id":"ma2-lu-0166-ex-001","lang":"de-DE","text":"Diese Telefonnummer kann man sich gut merken","order":1,"translations":[{"lang":"fa-IR","text":"این شماره تلفن را می‌شود خوب به خاطر سپرد."},{"lang":"en-US","text":"This phone number is easy to remember."}]}],"metadata":{"dataset_id":"menschen-a2","unit_order":166,"tags":["menschen-a2","a2"]},"provenance":{"sources":[{"source_id":"menschen_a2_user_screenshots","source_kind":"course","what_was_verified":["orthography","persian_gloss","example_attestation"],"verification_status":"verified","locator":"screenshot-6:row-29;source-order=166","accessed_at":"2026-09-02","evidence_note":"Authoritative user-supplied source row. Raw German bundle: sich Dat. etw. merken"},{"source_id":"assistant_translation_review","source_kind":"other","what_was_verified":["persian_example_translation","english_example_translation"],"verification_status":"verified","accessed_at":"2026-09-02","evidence_note":"Production translation generated and sense-alignment reviewed against the German example and canonical Persian meaning; this is internal production evidence, not an external lexicon claim."}]}}}	menschen-a2; a2		166
ma2-lu-0167	de-vocabulary	German	verb	Menschen A2	A2			bewegen	حرکت دادن	Deutsch	فارسی	de-DE	fa-IR	front-core	[{"text":"Ich kann meinen Finger nicht mehr bewegen.","lang":"de-DE","role":"example","label":"ma2-lu-0167-ex-001","order":1},{"text":"I can no longer move my finger.","lang":"en-US","role":"example","label":"translation:ma2-lu-0167-ex-001","order":2}]	[]	[]	[{"title":"Formen","items":["Präsens (3. Sg.): bewegt","Präteritum: bewegte","Perfekt: hat bewegt","Hilfsverb: haben"]},{"title":"Grammar Notes","items":["Akkusativobjekt (Quellennotation)"]}]	{"entry_type":"verb","canonical_entry_type":"verb","learning_unit_id":"ma2-lu-0167","semantic_identity":"ma2-lu-0167","german_learning_contract":"gfp-german-learning-content@1.0.0","semantic_contract":"gfp-german-language-content@3.1.3","source_profile_id":"menschen-a2@2.1.0","german_definition":"","english":"","direction_policy":"language-pair","canonical_unit":{"id":"ma2-lu-0167","type":"verb","headword":"bewegen","persian_meaning":"حرکت دادن","core":{"present_3sg":"bewegt","preterite_3sg":"bewegte","perfect":"hat bewegt","auxiliary":"haben","reflexive":false,"separability":"inseparable"},"examples":[{"id":"ma2-lu-0167-ex-001","lang":"de-DE","text":"Ich kann meinen Finger nicht mehr bewegen.","order":1,"translations":[{"lang":"fa-IR","text":"دیگر نمی‌توانم انگشتم را حرکت بدهم."},{"lang":"en-US","text":"I can no longer move my finger."}]}],"metadata":{"dataset_id":"menschen-a2","unit_order":167,"tags":["menschen-a2","a2"]},"provenance":{"sources":[{"source_id":"menschen_a2_user_screenshots","source_kind":"course","what_was_verified":["orthography","persian_gloss","morphology","example_attestation"],"verification_status":"verified","locator":"screenshot-6:row-30;source-order=167","accessed_at":"2026-09-02","evidence_note":"Authoritative user-supplied source row. Raw German bundle: bewegen [+A], bewegte, hat bewegt"},{"source_id":"assistant_translation_review","source_kind":"other","what_was_verified":["persian_example_translation","english_example_translation"],"verification_status":"verified","accessed_at":"2026-09-02","evidence_note":"Production translation generated and sense-alignment reviewed against the German example and canonical Persian meaning; this is internal production evidence, not an external lexicon claim."}]},"details":{"grammar_notes":["Akkusativobjekt (Quellennotation)"]}},"present":"bewegt","preterite":"bewegte","perfect":"hat bewegt","participle_ii":"","auxiliary":"haben","reflexive":false,"is_reflexive":false,"is_separable":false,"rection":"","typingCore":"bewegen","typingStandard":"bewegen","typingTargetLang":"de-DE","typingTargetDir":"ltr","typingTargetLabel":"Wort"}	menschen-a2; a2		167
ma2-lu-0168	de-vocabulary	German	verb	Menschen A2	A2			sich bewegen	حرکت کردن	Deutsch	فارسی	de-DE	fa-IR	front-core	[{"text":"Die Hose ist mir zu eng. Ich kann mich kaum bewegen.","lang":"de-DE","role":"example","label":"ma2-lu-0168-ex-001","order":1},{"text":"The trousers are too tight for me. I can hardly move.","lang":"en-US","role":"example","label":"translation:ma2-lu-0168-ex-001","order":2}]	[]	[]	[{"title":"Formen","items":["Präsens (3. Sg.): bewegt sich","Präteritum: bewegte sich","Perfekt: hat sich bewegt","Hilfsverb: haben"]},{"title":"Grammar Notes","items":["Akkusativobjekt (Quellennotation)"]}]	{"entry_type":"verb","canonical_entry_type":"verb","learning_unit_id":"ma2-lu-0168","semantic_identity":"ma2-lu-0168","german_learning_contract":"gfp-german-learning-content@1.0.0","semantic_contract":"gfp-german-language-content@3.1.3","source_profile_id":"menschen-a2@2.1.0","german_definition":"","english":"","direction_policy":"language-pair","canonical_unit":{"id":"ma2-lu-0168","type":"verb","headword":"sich bewegen","persian_meaning":"حرکت کردن","core":{"present_3sg":"bewegt sich","preterite_3sg":"bewegte sich","perfect":"hat sich bewegt","auxiliary":"haben","reflexive":true,"separability":"inseparable"},"examples":[{"id":"ma2-lu-0168-ex-001","lang":"de-DE","text":"Die Hose ist mir zu eng. Ich kann mich kaum bewegen.","order":1,"translations":[{"lang":"fa-IR","text":"شلوار برایم خیلی تنگ است. به‌سختی می‌توانم حرکت کنم."},{"lang":"en-US","text":"The trousers are too tight for me. I can hardly move."}]}],"metadata":{"dataset_id":"menschen-a2","unit_order":168,"tags":["menschen-a2","a2"]},"provenance":{"sources":[{"source_id":"menschen_a2_user_screenshots","source_kind":"course","what_was_verified":["orthography","persian_gloss","morphology","example_attestation"],"verification_status":"verified","locator":"screenshot-6:row-31;source-order=168","accessed_at":"2026-09-02","evidence_note":"Authoritative user-supplied source row. Raw German bundle: sich bewegen [+A], bewegt sich, bewegte sich, hat sich bewegt"},{"source_id":"assistant_translation_review","source_kind":"other","what_was_verified":["persian_example_translation","english_example_translation"],"verification_status":"verified","accessed_at":"2026-09-02","evidence_note":"Production translation generated and sense-alignment reviewed against the German example and canonical Persian meaning; this is internal production evidence, not an external lexicon claim."}]},"details":{"grammar_notes":["Akkusativobjekt (Quellennotation)"]}},"present":"bewegt sich","preterite":"bewegte sich","perfect":"hat sich bewegt","participle_ii":"","auxiliary":"haben","reflexive":true,"is_reflexive":true,"is_separable":false,"rection":"","typingCore":"sich bewegen","typingStandard":"sich bewegen","typingTargetLang":"de-DE","typingTargetDir":"ltr","typingTargetLabel":"Wort"}	menschen-a2; a2		168
ma2-lu-0169	de-vocabulary	German	phrase	Menschen A2	A2			jdn. zu etw. (Dat.) bewegen	کسی را به کاری وادار یا ترغیب کردن	Deutsch	فارسی	de-DE	fa-IR	front-core	[{"text":"Seine Worte bewegten mich zum Nachdenken.","lang":"de-DE","role":"example","label":"ma2-lu-0169-ex-001","order":1},{"text":"His words made me think.","lang":"en-US","role":"example","label":"translation:ma2-lu-0169-ex-001","order":2}]	[]	[]	[]	{"entry_type":"phrase","canonical_entry_type":"phrase","learning_unit_id":"ma2-lu-0169","semantic_identity":"ma2-lu-0169","german_learning_contract":"gfp-german-learning-content@1.0.0","semantic_contract":"gfp-german-language-content@3.1.3","source_profile_id":"menschen-a2@2.1.0","german_definition":"","english":"","direction_policy":"language-pair","canonical_unit":{"id":"ma2-lu-0169","type":"phrase","headword":"jdn. zu etw. (Dat.) bewegen","persian_meaning":"کسی را به کاری وادار یا ترغیب کردن","core":{"structure":"jdn. zu etw. (Dat.) bewegen"},"examples":[{"id":"ma2-lu-0169-ex-001","lang":"de-DE","text":"Seine Worte bewegten mich zum Nachdenken.","order":1,"translations":[{"lang":"fa-IR","text":"حرف‌هایش من را به فکر کردن واداشت."},{"lang":"en-US","text":"His words made me think."}]}],"metadata":{"dataset_id":"menschen-a2","unit_order":169,"tags":["menschen-a2","a2"]},"provenance":{"sources":[{"source_id":"menschen_a2_user_screenshots","source_kind":"course","what_was_verified":["orthography","persian_gloss","example_attestation"],"verification_status":"verified","locator":"screenshot-7:row-2;source-order=169","accessed_at":"2026-09-02","evidence_note":"Authoritative user-supplied source row. Raw German bundle: jdn. zu etw.Dat. bewegen / motivieren"},{"source_id":"assistant_translation_review","source_kind":"other","what_was_verified":["persian_example_translation","english_example_translation"],"verification_status":"verified","accessed_at":"2026-09-02","evidence_note":"Production translation generated and sense-alignment reviewed against the German example and canonical Persian meaning; this is internal production evidence, not an external lexicon claim."}]}}}	menschen-a2; a2		169
ma2-lu-0170	de-vocabulary	German	verb	Menschen A2	A2			gewinnen	برنده شدن، پیروز شدن	Deutsch	فارسی	de-DE	fa-IR	front-core	[{"text":"Wer gewinnt das Spiel?","lang":"de-DE","role":"example","label":"ma2-lu-0170-ex-001","order":1},{"text":"Who wins the game?","lang":"en-US","role":"example","label":"translation:ma2-lu-0170-ex-001","order":2}]	[]	[]	[{"title":"Formen","items":["Präsens (3. Sg.): gewinnt","Präteritum: gewann","Perfekt: hat gewonnen","Hilfsverb: haben"]},{"title":"Grammar Notes","items":["Akkusativobjekt (Quellennotation)"]}]	{"entry_type":"verb","canonical_entry_type":"verb","learning_unit_id":"ma2-lu-0170","semantic_identity":"ma2-lu-0170","german_learning_contract":"gfp-german-learning-content@1.0.0","semantic_contract":"gfp-german-language-content@3.1.3","source_profile_id":"menschen-a2@2.1.0","german_definition":"","english":"","direction_policy":"language-pair","canonical_unit":{"id":"ma2-lu-0170","type":"verb","headword":"gewinnen","persian_meaning":"برنده شدن، پیروز شدن","core":{"present_3sg":"gewinnt","preterite_3sg":"gewann","perfect":"hat gewonnen","auxiliary":"haben","reflexive":false,"separability":"inseparable"},"examples":[{"id":"ma2-lu-0170-ex-001","lang":"de-DE","text":"Wer gewinnt das Spiel?","order":1,"translations":[{"lang":"fa-IR","text":"چه کسی بازی را می‌برد؟"},{"lang":"en-US","text":"Who wins the game?"}]}],"metadata":{"dataset_id":"menschen-a2","unit_order":170,"tags":["menschen-a2","a2"]},"provenance":{"sources":[{"source_id":"menschen_a2_user_screenshots","source_kind":"course","what_was_verified":["orthography","persian_gloss","morphology","example_attestation"],"verification_status":"verified","locator":"screenshot-7:row-3;source-order=170","accessed_at":"2026-09-02","evidence_note":"Authoritative user-supplied source row. Raw German bundle: gewinnen [+A], gewinnt, gewann, hat gewonnen / siegen"},{"source_id":"assistant_translation_review","source_kind":"other","what_was_verified":["persian_example_translation","english_example_translation"],"verification_status":"verified","accessed_at":"2026-09-02","evidence_note":"Production translation generated and sense-alignment reviewed against the German example and canonical Persian meaning; this is internal production evidence, not an external lexicon claim."}]},"details":{"grammar_notes":["Akkusativobjekt (Quellennotation)"]}},"present":"gewinnt","preterite":"gewann","perfect":"hat gewonnen","participle_ii":"","auxiliary":"haben","reflexive":false,"is_reflexive":false,"is_separable":false,"rection":"","typingCore":"gewinnen","typingStandard":"gewinnen","typingTargetLang":"de-DE","typingTargetDir":"ltr","typingTargetLabel":"Wort"}	menschen-a2; a2		170
ma2-lu-0171	de-vocabulary	German	verb	Menschen A2	A2			packen	بستن و جمع کردن، بسته‌بندی کردن	Deutsch	فارسی	de-DE	fa-IR	front-core	[{"text":"Ich muss noch meinen Koffer packen.","lang":"de-DE","role":"example","label":"ma2-lu-0171-ex-001","order":1},{"text":"I still have to pack my suitcase.","lang":"en-US","role":"example","label":"translation:ma2-lu-0171-ex-001","order":2}]	[]	[]	[{"title":"Formen","items":["Präsens (3. Sg.): packt","Präteritum: packte","Perfekt: hat gepackt","Hilfsverb: haben"]},{"title":"Grammar Notes","items":["Akkusativobjekt (Quellennotation)"]}]	{"entry_type":"verb","canonical_entry_type":"verb","learning_unit_id":"ma2-lu-0171","semantic_identity":"ma2-lu-0171","german_learning_contract":"gfp-german-learning-content@1.0.0","semantic_contract":"gfp-german-language-content@3.1.3","source_profile_id":"menschen-a2@2.1.0","german_definition":"","english":"","direction_policy":"language-pair","canonical_unit":{"id":"ma2-lu-0171","type":"verb","headword":"packen","persian_meaning":"بستن و جمع کردن، بسته‌بندی کردن","core":{"present_3sg":"packt","preterite_3sg":"packte","perfect":"hat gepackt","auxiliary":"haben","reflexive":false,"separability":"non_prefixed"},"examples":[{"id":"ma2-lu-0171-ex-001","lang":"de-DE","text":"Ich muss noch meinen Koffer packen.","order":1,"translations":[{"lang":"fa-IR","text":"هنوز باید چمدانم را ببندم."},{"lang":"en-US","text":"I still have to pack my suitcase."}]}],"metadata":{"dataset_id":"menschen-a2","unit_order":171,"tags":["menschen-a2","a2"]},"provenance":{"sources":[{"source_id":"menschen_a2_user_screenshots","source_kind":"course","what_was_verified":["orthography","persian_gloss","morphology","example_attestation"],"verification_status":"verified","locator":"screenshot-7:row-4;source-order=171","accessed_at":"2026-09-02","evidence_note":"Authoritative user-supplied source row. Raw German bundle: packen [+A], packt, packte, hat gepackt"},{"source_id":"assistant_translation_review","source_kind":"other","what_was_verified":["persian_example_translation","english_example_translation"],"verification_status":"verified","accessed_at":"2026-09-02","evidence_note":"Production translation generated and sense-alignment reviewed against the German example and canonical Persian meaning; this is internal production evidence, not an external lexicon claim."}]},"details":{"grammar_notes":["Akkusativobjekt (Quellennotation)"]}},"present":"packt","preterite":"packte","perfect":"hat gepackt","participle_ii":"","auxiliary":"haben","reflexive":false,"is_reflexive":false,"is_separable":false,"rection":"","typingCore":"packen","typingStandard":"packen","typingTargetLang":"de-DE","typingTargetDir":"ltr","typingTargetLabel":"Wort"}	menschen-a2; a2		171
ma2-lu-0172	de-vocabulary	German	verb	Menschen A2	A2			unterschreiben	امضا کردن	Deutsch	فارسی	de-DE	fa-IR	front-core	[{"text":"Unterschreiben Sie den Vertrag hier unten.","lang":"de-DE","role":"example","label":"ma2-lu-0172-ex-001","order":1},{"text":"Sign the contract down here.","lang":"en-US","role":"example","label":"translation:ma2-lu-0172-ex-001","order":2}]	[]	[]	[{"title":"Formen","items":["Präsens (3. Sg.): unterschreibt","Präteritum: unterschrieb","Perfekt: hat unterschrieben","Hilfsverb: haben"]},{"title":"Grammar Notes","items":["Akkusativobjekt (Quellennotation)"]}]	{"entry_type":"verb","canonical_entry_type":"verb","learning_unit_id":"ma2-lu-0172","semantic_identity":"ma2-lu-0172","german_learning_contract":"gfp-german-learning-content@1.0.0","semantic_contract":"gfp-german-language-content@3.1.3","source_profile_id":"menschen-a2@2.1.0","german_definition":"","english":"","direction_policy":"language-pair","canonical_unit":{"id":"ma2-lu-0172","type":"verb","headword":"unterschreiben","persian_meaning":"امضا کردن","core":{"present_3sg":"unterschreibt","preterite_3sg":"unterschrieb","perfect":"hat unterschrieben","auxiliary":"haben","reflexive":false,"separability":"inseparable"},"examples":[{"id":"ma2-lu-0172-ex-001","lang":"de-DE","text":"Unterschreiben Sie den Vertrag hier unten.","order":1,"translations":[{"lang":"fa-IR","text":"قرارداد را این پایین امضا کنید."},{"lang":"en-US","text":"Sign the contract down here."}]}],"metadata":{"dataset_id":"menschen-a2","unit_order":172,"tags":["menschen-a2","a2"]},"provenance":{"sources":[{"source_id":"menschen_a2_user_screenshots","source_kind":"course","what_was_verified":["orthography","persian_gloss","morphology","example_attestation"],"verification_status":"verified","locator":"screenshot-7:row-5;source-order=172","accessed_at":"2026-09-02","evidence_note":"Authoritative user-supplied source row. Raw German bundle: unterschreiben [+A], unterschrieb, hat unterschrieben / signieren / unterzeichnen"},{"source_id":"assistant_translation_review","source_kind":"other","what_was_verified":["persian_example_translation","english_example_translation"],"verification_status":"verified","accessed_at":"2026-09-02","evidence_note":"Production translation generated and sense-alignment reviewed against the German example and canonical Persian meaning; this is internal production evidence, not an external lexicon claim."}]},"details":{"grammar_notes":["Akkusativobjekt (Quellennotation)"]}},"present":"unterschreibt","preterite":"unterschrieb","perfect":"hat unterschrieben","participle_ii":"","auxiliary":"haben","reflexive":false,"is_reflexive":false,"is_separable":false,"rection":"","typingCore":"unterschreiben","typingStandard":"unterschreiben","typingTargetLang":"de-DE","typingTargetDir":"ltr","typingTargetLabel":"Wort"}	menschen-a2; a2		172
ma2-lu-0173	de-vocabulary	German	verb	Menschen A2	A2			bekleben	روی چیزی پوشش چسباندن	Deutsch	فارسی	de-DE	fa-IR	front-core	[{"text":"Sie haben das Fenster mit Papier beklebt.","lang":"de-DE","role":"example","label":"ma2-lu-0173-ex-001","order":1},{"text":"They covered the window with paper.","lang":"en-US","role":"example","label":"translation:ma2-lu-0173-ex-001","order":2}]	[]	[]	[{"title":"Formen","items":["Präsens (3. Sg.): beklebt","Präteritum: beklebte","Perfekt: hat beklebt","Hilfsverb: haben"]},{"title":"Grammar Notes","items":["Akkusativobjekt (Quellennotation)"]}]	{"entry_type":"verb","canonical_entry_type":"verb","learning_unit_id":"ma2-lu-0173","semantic_identity":"ma2-lu-0173","german_learning_contract":"gfp-german-learning-content@1.0.0","semantic_contract":"gfp-german-language-content@3.1.3","source_profile_id":"menschen-a2@2.1.0","german_definition":"","english":"","direction_policy":"language-pair","canonical_unit":{"id":"ma2-lu-0173","type":"verb","headword":"bekleben","persian_meaning":"روی چیزی پوشش چسباندن","core":{"present_3sg":"beklebt","preterite_3sg":"beklebte","perfect":"hat beklebt","auxiliary":"haben","reflexive":false,"separability":"inseparable"},"examples":[{"id":"ma2-lu-0173-ex-001","lang":"de-DE","text":"Sie haben das Fenster mit Papier beklebt.","order":1,"translations":[{"lang":"fa-IR","text":"آن‌ها پنجره را با کاغذ پوشانده‌اند."},{"lang":"en-US","text":"They covered the window with paper."}]}],"metadata":{"dataset_id":"menschen-a2","unit_order":173,"tags":["menschen-a2","a2"]},"provenance":{"sources":[{"source_id":"menschen_a2_user_screenshots","source_kind":"course","what_was_verified":["orthography","persian_gloss","morphology","example_attestation"],"verification_status":"verified","locator":"screenshot-7:row-6;source-order=173","accessed_at":"2026-09-02","evidence_note":"Authoritative user-supplied source row. Raw German bundle: bekleben [+A], beklebte, hat beklebt"},{"source_id":"assistant_translation_review","source_kind":"other","what_was_verified":["persian_example_translation","english_example_translation"],"verification_status":"verified","accessed_at":"2026-09-02","evidence_note":"Production translation generated and sense-alignment reviewed against the German example and canonical Persian meaning; this is internal production evidence, not an external lexicon claim."}]},"details":{"grammar_notes":["Akkusativobjekt (Quellennotation)"]}},"present":"beklebt","preterite":"beklebte","perfect":"hat beklebt","participle_ii":"","auxiliary":"haben","reflexive":false,"is_reflexive":false,"is_separable":false,"rection":"","typingCore":"bekleben","typingStandard":"bekleben","typingTargetLang":"de-DE","typingTargetDir":"ltr","typingTargetLabel":"Wort"}	menschen-a2; a2		173
ma2-lu-0174	de-vocabulary	German	verb	Menschen A2	A2			aufkleben	چسباندن روی چیزی	Deutsch	فارسی	de-DE	fa-IR	front-core	[{"text":"Man kann die Briefmarken leicht aufkleben.","lang":"de-DE","role":"example","label":"ma2-lu-0174-ex-001","order":1},{"text":"You can easily stick on the stamps.","lang":"en-US","role":"example","label":"translation:ma2-lu-0174-ex-001","order":2}]	[]	[]	[{"title":"Formen","items":["Präsens (3. Sg.): klebt auf","Präteritum: klebte auf","Perfekt: hat aufgeklebt","Hilfsverb: haben"]}]	{"entry_type":"verb","canonical_entry_type":"verb","learning_unit_id":"ma2-lu-0174","semantic_identity":"ma2-lu-0174","german_learning_contract":"gfp-german-learning-content@1.0.0","semantic_contract":"gfp-german-language-content@3.1.3","source_profile_id":"menschen-a2@2.1.0","german_definition":"","english":"","direction_policy":"language-pair","canonical_unit":{"id":"ma2-lu-0174","type":"verb","headword":"aufkleben","persian_meaning":"چسباندن روی چیزی","core":{"present_3sg":"klebt auf","preterite_3sg":"klebte auf","perfect":"hat aufgeklebt","auxiliary":"haben","reflexive":false,"separability":"separable"},"examples":[{"id":"ma2-lu-0174-ex-001","lang":"de-DE","text":"Man kann die Briefmarken leicht aufkleben.","order":1,"translations":[{"lang":"fa-IR","text":"می‌توان تمبرها را به‌راحتی چسباند."},{"lang":"en-US","text":"You can easily stick on the stamps."}]}],"metadata":{"dataset_id":"menschen-a2","unit_order":174,"tags":["menschen-a2","a2"]},"provenance":{"sources":[{"source_id":"menschen_a2_user_screenshots","source_kind":"course","what_was_verified":["orthography","persian_gloss","morphology","example_attestation"],"verification_status":"verified","locator":"screenshot-7:row-7;source-order=174","accessed_at":"2026-09-02","evidence_note":"Authoritative user-supplied source row. Raw German bundle: aufkleben, klebt auf, klebte auf, hat aufgeklebt"},{"source_id":"assistant_translation_review","source_kind":"other","what_was_verified":["persian_example_translation","english_example_translation"],"verification_status":"verified","accessed_at":"2026-09-02","evidence_note":"Production translation generated and sense-alignment reviewed against the German example and canonical Persian meaning; this is internal production evidence, not an external lexicon claim."}]}},"present":"klebt auf","preterite":"klebte auf","perfect":"hat aufgeklebt","participle_ii":"","auxiliary":"haben","reflexive":false,"is_reflexive":false,"is_separable":true,"rection":"","typingCore":"aufkleben","typingStandard":"aufkleben","typingTargetLang":"de-DE","typingTargetDir":"ltr","typingTargetLabel":"Wort"}	menschen-a2; a2		174
ma2-lu-0175	de-vocabulary	German	verb	Menschen A2	A2			verschließen	بستن و قفل کردن	Deutsch	فارسی	de-DE	fa-IR	front-core	[{"text":"Verschließen Sie die Tür.","lang":"de-DE","role":"example","label":"ma2-lu-0175-ex-001","order":1},{"text":"Close the door securely.","lang":"en-US","role":"example","label":"translation:ma2-lu-0175-ex-001","order":2}]	[]	[]	[{"title":"Formen","items":["Präsens (3. Sg.): verschließt","Präteritum: verschloss","Perfekt: hat verschlossen","Hilfsverb: haben"]}]	{"entry_type":"verb","canonical_entry_type":"verb","learning_unit_id":"ma2-lu-0175","semantic_identity":"ma2-lu-0175","german_learning_contract":"gfp-german-learning-content@1.0.0","semantic_contract":"gfp-german-language-content@3.1.3","source_profile_id":"menschen-a2@2.1.0","german_definition":"","english":"","direction_policy":"language-pair","canonical_unit":{"id":"ma2-lu-0175","type":"verb","headword":"verschließen","persian_meaning":"بستن و قفل کردن","core":{"present_3sg":"verschließt","preterite_3sg":"verschloss","perfect":"hat verschlossen","auxiliary":"haben","reflexive":false,"separability":"inseparable"},"examples":[{"id":"ma2-lu-0175-ex-001","lang":"de-DE","text":"Verschließen Sie die Tür.","order":1,"translations":[{"lang":"fa-IR","text":"در را محکم ببندید."},{"lang":"en-US","text":"Close the door securely."}]}],"metadata":{"dataset_id":"menschen-a2","unit_order":175,"tags":["menschen-a2","a2"]},"provenance":{"sources":[{"source_id":"menschen_a2_user_screenshots","source_kind":"course","what_was_verified":["orthography","persian_gloss","morphology","example_attestation"],"verification_status":"verified","locator":"screenshot-7:row-8;source-order=175","accessed_at":"2026-09-02","evidence_note":"Authoritative user-supplied source row. Raw German bundle: verschließen, verschloss, hat verschlossen / schließen"},{"source_id":"assistant_translation_review","source_kind":"other","what_was_verified":["persian_example_translation","english_example_translation"],"verification_status":"verified","accessed_at":"2026-09-02","evidence_note":"Production translation generated and sense-alignment reviewed against the German example and canonical Persian meaning; this is internal production evidence, not an external lexicon claim."}]}},"present":"verschließt","preterite":"verschloss","perfect":"hat verschlossen","participle_ii":"","auxiliary":"haben","reflexive":false,"is_reflexive":false,"is_separable":false,"rection":"","typingCore":"verschließen","typingStandard":"verschließen","typingTargetLang":"de-DE","typingTargetDir":"ltr","typingTargetLabel":"Wort"}	menschen-a2; a2		175
ma2-lu-0176	de-vocabulary	German	phrase	Menschen A2	A2			sich etw. (Dat.) verschließen	خود را به روی چیزی بستن، چیزی را نپذیرفتن	Deutsch	فارسی	de-DE	fa-IR	front-core	[{"text":"Sich den Tatsachen verschließen","lang":"de-DE","role":"example","label":"ma2-lu-0176-ex-001","order":1},{"text":"to close oneself off to the facts","lang":"en-US","role":"example","label":"translation:ma2-lu-0176-ex-001","order":2}]	[]	[]	[]	{"entry_type":"phrase","canonical_entry_type":"phrase","learning_unit_id":"ma2-lu-0176","semantic_identity":"ma2-lu-0176","german_learning_contract":"gfp-german-learning-content@1.0.0","semantic_contract":"gfp-german-language-content@3.1.3","source_profile_id":"menschen-a2@2.1.0","german_definition":"","english":"","direction_policy":"language-pair","canonical_unit":{"id":"ma2-lu-0176","type":"phrase","headword":"sich etw. (Dat.) verschließen","persian_meaning":"خود را به روی چیزی بستن، چیزی را نپذیرفتن","core":{"structure":"sich etw. (Dat.) verschließen"},"examples":[{"id":"ma2-lu-0176-ex-001","lang":"de-DE","text":"Sich den Tatsachen verschließen","order":1,"translations":[{"lang":"fa-IR","text":"واقعیت‌ها را نپذیرفتن"},{"lang":"en-US","text":"to close oneself off to the facts"}]}],"metadata":{"dataset_id":"menschen-a2","unit_order":176,"tags":["menschen-a2","a2"]},"provenance":{"sources":[{"source_id":"menschen_a2_user_screenshots","source_kind":"course","what_was_verified":["orthography","persian_gloss","example_attestation"],"verification_status":"verified","locator":"screenshot-7:row-9;source-order=176","accessed_at":"2026-09-02","evidence_note":"Authoritative user-supplied source row. Raw German bundle: sich etw.Dat. verschließen"},{"source_id":"assistant_translation_review","source_kind":"other","what_was_verified":["persian_example_translation","english_example_translation"],"verification_status":"verified","accessed_at":"2026-09-02","evidence_note":"Production translation generated and sense-alignment reviewed against the German example and canonical Persian meaning; this is internal production evidence, not an external lexicon claim."}]}}}	menschen-a2; a2		176
ma2-lu-0178	de-vocabulary	German	verb	Menschen A2	A2			verteilen	پخش و توزیع کردن	Deutsch	فارسی	de-DE	fa-IR	front-core	[{"text":"Der Weihnachtsmann verteilt die Geschenke.","lang":"de-DE","role":"example","label":"ma2-lu-0178-ex-001","order":1},{"text":"Santa Claus distributes the gifts.","lang":"en-US","role":"example","label":"translation:ma2-lu-0178-ex-001","order":2}]	[]	[]	[{"title":"Formen","items":["Präsens (3. Sg.): verteilt","Präteritum: verteilte","Perfekt: hat verteilt","Hilfsverb: haben"]},{"title":"Grammar Notes","items":["Akkusativobjekt (Quellennotation)"]}]	{"entry_type":"verb","canonical_entry_type":"verb","learning_unit_id":"ma2-lu-0178","semantic_identity":"ma2-lu-0178","german_learning_contract":"gfp-german-learning-content@1.0.0","semantic_contract":"gfp-german-language-content@3.1.3","source_profile_id":"menschen-a2@2.1.0","german_definition":"","english":"","direction_policy":"language-pair","canonical_unit":{"id":"ma2-lu-0178","type":"verb","headword":"verteilen","persian_meaning":"پخش و توزیع کردن","core":{"present_3sg":"verteilt","preterite_3sg":"verteilte","perfect":"hat verteilt","auxiliary":"haben","reflexive":false,"separability":"inseparable"},"examples":[{"id":"ma2-lu-0178-ex-001","lang":"de-DE","text":"Der Weihnachtsmann verteilt die Geschenke.","order":1,"translations":[{"lang":"fa-IR","text":"بابانوئل هدیه‌ها را پخش می‌کند."},{"lang":"en-US","text":"Santa Claus distributes the gifts."}]}],"metadata":{"dataset_id":"menschen-a2","unit_order":178,"tags":["menschen-a2","a2"]},"provenance":{"sources":[{"source_id":"menschen_a2_user_screenshots","source_kind":"course","what_was_verified":["orthography","persian_gloss","morphology","example_attestation"],"verification_status":"verified","locator":"screenshot-7:row-11;source-order=178","accessed_at":"2026-09-02","evidence_note":"Authoritative user-supplied source row. Raw German bundle: verteilen [+A], verteilt, verteilte, hat verteilt / austeilen"},{"source_id":"assistant_translation_review","source_kind":"other","what_was_verified":["persian_example_translation","english_example_translation"],"verification_status":"verified","accessed_at":"2026-09-02","evidence_note":"Production translation generated and sense-alignment reviewed against the German example and canonical Persian meaning; this is internal production evidence, not an external lexicon claim."}]},"details":{"grammar_notes":["Akkusativobjekt (Quellennotation)"]}},"present":"verteilt","preterite":"verteilte","perfect":"hat verteilt","participle_ii":"","auxiliary":"haben","reflexive":false,"is_reflexive":false,"is_separable":false,"rection":"","typingCore":"verteilen","typingStandard":"verteilen","typingTargetLang":"de-DE","typingTargetDir":"ltr","typingTargetLabel":"Wort"}	menschen-a2; a2		178
ma2-lu-0179	de-vocabulary	German	verb	Menschen A2	A2			gucken	نگاه کردن	Deutsch	فارسی	de-DE	fa-IR	front-core	[{"text":"Guck doch mal! Es schneit.","lang":"de-DE","role":"example","label":"ma2-lu-0179-ex-001","order":1},{"text":"Look! It's snowing.","lang":"en-US","role":"example","label":"translation:ma2-lu-0179-ex-001","order":2}]	[]	[]	[{"title":"Formen","items":["Präsens (3. Sg.): guckt","Präteritum: guckte","Perfekt: hat geguckt","Hilfsverb: haben"]}]	{"entry_type":"verb","canonical_entry_type":"verb","learning_unit_id":"ma2-lu-0179","semantic_identity":"ma2-lu-0179","german_learning_contract":"gfp-german-learning-content@1.0.0","semantic_contract":"gfp-german-language-content@3.1.3","source_profile_id":"menschen-a2@2.1.0","german_definition":"","english":"","direction_policy":"language-pair","canonical_unit":{"id":"ma2-lu-0179","type":"verb","headword":"gucken","persian_meaning":"نگاه کردن","core":{"present_3sg":"guckt","preterite_3sg":"guckte","perfect":"hat geguckt","auxiliary":"haben","reflexive":false,"separability":"non_prefixed"},"examples":[{"id":"ma2-lu-0179-ex-001","lang":"de-DE","text":"Guck doch mal! Es schneit.","order":1,"translations":[{"lang":"fa-IR","text":"نگاه کن! برف می‌بارد."},{"lang":"en-US","text":"Look! It's snowing."}]}],"metadata":{"dataset_id":"menschen-a2","unit_order":179,"tags":["menschen-a2","a2"]},"provenance":{"sources":[{"source_id":"menschen_a2_user_screenshots","source_kind":"course","what_was_verified":["orthography","persian_gloss","morphology","example_attestation"],"verification_status":"verified","locator":"screenshot-7:row-12;source-order=179","accessed_at":"2026-09-02","evidence_note":"Authoritative user-supplied source row. Raw German bundle: gucken, guckt, guckte, hat geguckt"},{"source_id":"assistant_translation_review","source_kind":"other","what_was_verified":["persian_example_translation","english_example_translation"],"verification_status":"verified","accessed_at":"2026-09-02","evidence_note":"Production translation generated and sense-alignment reviewed against the German example and canonical Persian meaning; this is internal production evidence, not an external lexicon claim."}]}},"present":"guckt","preterite":"guckte","perfect":"hat geguckt","participle_ii":"","auxiliary":"haben","reflexive":false,"is_reflexive":false,"is_separable":false,"rection":"","typingCore":"gucken","typingStandard":"gucken","typingTargetLang":"de-DE","typingTargetDir":"ltr","typingTargetLabel":"Wort"}	menschen-a2; a2		179
ma2-lu-0180	de-vocabulary	German	verb	Menschen A2	A2			produzieren	تولید کردن	Deutsch	فارسی	de-DE	fa-IR	front-core	[{"text":"Die Fabrik produziert Reifen für Baumaschinen.","lang":"de-DE","role":"example","label":"ma2-lu-0180-ex-001","order":1},{"text":"The factory produces tires for construction machinery.","lang":"en-US","role":"example","label":"translation:ma2-lu-0180-ex-001","order":2}]	[]	[]	[{"title":"Formen","items":["Präsens (3. Sg.): produziert","Präteritum: produzierte","Perfekt: hat produziert","Hilfsverb: haben"]}]	{"entry_type":"verb","canonical_entry_type":"verb","learning_unit_id":"ma2-lu-0180","semantic_identity":"ma2-lu-0180","german_learning_contract":"gfp-german-learning-content@1.0.0","semantic_contract":"gfp-german-language-content@3.1.3","source_profile_id":"menschen-a2@2.1.0","german_definition":"","english":"","direction_policy":"language-pair","canonical_unit":{"id":"ma2-lu-0180","type":"verb","headword":"produzieren","persian_meaning":"تولید کردن","core":{"present_3sg":"produziert","preterite_3sg":"produzierte","perfect":"hat produziert","auxiliary":"haben","reflexive":false,"separability":"non_prefixed"},"examples":[{"id":"ma2-lu-0180-ex-001","lang":"de-DE","text":"Die Fabrik produziert Reifen für Baumaschinen.","order":1,"translations":[{"lang":"fa-IR","text":"کارخانه برای ماشین‌آلات ساختمانی لاستیک تولید می‌کند."},{"lang":"en-US","text":"The factory produces tires for construction machinery."}]}],"metadata":{"dataset_id":"menschen-a2","unit_order":180,"tags":["menschen-a2","a2"]},"provenance":{"sources":[{"source_id":"menschen_a2_user_screenshots","source_kind":"course","what_was_verified":["orthography","persian_gloss","morphology","example_attestation"],"verification_status":"verified","locator":"screenshot-7:row-13;source-order=180","accessed_at":"2026-09-02","evidence_note":"Authoritative user-supplied source row. Raw German bundle: produzieren, produziert, produzierte, hat produziert"},{"source_id":"assistant_translation_review","source_kind":"other","what_was_verified":["persian_example_translation","english_example_translation"],"verification_status":"verified","accessed_at":"2026-09-02","evidence_note":"Production translation generated and sense-alignment reviewed against the German example and canonical Persian meaning; this is internal production evidence, not an external lexicon claim."}]}},"present":"produziert","preterite":"produzierte","perfect":"hat produziert","participle_ii":"","auxiliary":"haben","reflexive":false,"is_reflexive":false,"is_separable":false,"rection":"","typingCore":"produzieren","typingStandard":"produzieren","typingTargetLang":"de-DE","typingTargetDir":"ltr","typingTargetLabel":"Wort"}	menschen-a2; a2		180
ma2-lu-0181	de-vocabulary	German	phrase	Menschen A2	A2			aufhören zu produzieren	تولید را متوقف کردن	Deutsch	فارسی	de-DE	fa-IR	front-core	[{"text":"Die Firma hat die Produktion eingestellt.","lang":"de-DE","role":"example","label":"ma2-lu-0181-ex-001","order":1},{"text":"The company stopped production.","lang":"en-US","role":"example","label":"translation:ma2-lu-0181-ex-001","order":2}]	[]	[]	[]	{"entry_type":"phrase","canonical_entry_type":"phrase","learning_unit_id":"ma2-lu-0181","semantic_identity":"ma2-lu-0181","german_learning_contract":"gfp-german-learning-content@1.0.0","semantic_contract":"gfp-german-language-content@3.1.3","source_profile_id":"menschen-a2@2.1.0","german_definition":"","english":"","direction_policy":"language-pair","canonical_unit":{"id":"ma2-lu-0181","type":"phrase","headword":"aufhören zu produzieren","persian_meaning":"تولید را متوقف کردن","core":{"structure":"aufhören zu produzieren"},"examples":[{"id":"ma2-lu-0181-ex-001","lang":"de-DE","text":"Die Firma hat die Produktion eingestellt.","order":1,"translations":[{"lang":"fa-IR","text":"شرکت تولید را متوقف کرده است."},{"lang":"en-US","text":"The company stopped production."}]}],"metadata":{"dataset_id":"menschen-a2","unit_order":181,"tags":["menschen-a2","a2"]},"provenance":{"sources":[{"source_id":"menschen_a2_user_screenshots","source_kind":"course","what_was_verified":["orthography","persian_gloss","example_attestation"],"verification_status":"verified","locator":"screenshot-7:row-14;source-order=181","accessed_at":"2026-09-02","evidence_note":"Authoritative user-supplied source row. Raw German bundle: aufhören zu produzieren / die Produktion einstellen / stoppen / die Fabrikation einstellen"},{"source_id":"assistant_translation_review","source_kind":"other","what_was_verified":["persian_example_translation","english_example_translation"],"verification_status":"verified","accessed_at":"2026-09-02","evidence_note":"Production translation generated and sense-alignment reviewed against the German example and canonical Persian meaning; this is internal production evidence, not an external lexicon claim."}]}}}	menschen-a2; a2		181
ma2-lu-0182	de-vocabulary	German	phrase	Menschen A2	A2			aufzeigen	نشان دادن، آشکار کردن	Deutsch	فارسی	de-DE	fa-IR	front-core	[{"text":"Der Bericht zeigt Fehler auf.","lang":"de-DE","role":"example","label":"ma2-lu-0182-ex-001","order":1},{"text":"The report points out errors.","lang":"en-US","role":"example","label":"translation:ma2-lu-0182-ex-001","order":2}]	[]	[]	[]	{"entry_type":"phrase","canonical_entry_type":"phrase","learning_unit_id":"ma2-lu-0182","semantic_identity":"ma2-lu-0182","german_learning_contract":"gfp-german-learning-content@1.0.0","semantic_contract":"gfp-german-language-content@3.1.3","source_profile_id":"menschen-a2@2.1.0","german_definition":"","english":"","direction_policy":"language-pair","canonical_unit":{"id":"ma2-lu-0182","type":"phrase","headword":"aufzeigen","persian_meaning":"نشان دادن، آشکار کردن","core":{"structure":"aufzeigen"},"examples":[{"id":"ma2-lu-0182-ex-001","lang":"de-DE","text":"Der Bericht zeigt Fehler auf.","order":1,"translations":[{"lang":"fa-IR","text":"گزارش خطاها را نشان می‌دهد."},{"lang":"en-US","text":"The report points out errors."}]}],"metadata":{"dataset_id":"menschen-a2","unit_order":182,"tags":["menschen-a2","a2"]},"provenance":{"sources":[{"source_id":"menschen_a2_user_screenshots","source_kind":"course","what_was_verified":["orthography","persian_gloss","example_attestation"],"verification_status":"verified","locator":"screenshot-7:row-15;source-order=182","accessed_at":"2026-09-02","evidence_note":"Authoritative user-supplied source row. Raw German bundle: aufzeigen / enthüllen / zeigen / offenlegen"},{"source_id":"assistant_translation_review","source_kind":"other","what_was_verified":["persian_example_translation","english_example_translation"],"verification_status":"verified","accessed_at":"2026-09-02","evidence_note":"Production translation generated and sense-alignment reviewed against the German example and canonical Persian meaning; this is internal production evidence, not an external lexicon claim."}]}}}	menschen-a2; a2		182
ma2-lu-0183	de-vocabulary	German	verb	Menschen A2	A2			bedeuten	معنی دادن، به معنای چیزی بودن	Deutsch	فارسی	de-DE	fa-IR	front-core	[{"text":"Was bedeutet das Wort?","lang":"de-DE","role":"example","label":"ma2-lu-0183-ex-001","order":1},{"text":"What does this word mean?","lang":"en-US","role":"example","label":"translation:ma2-lu-0183-ex-001","order":2}]	[]	[]	[{"title":"Formen","items":["Präsens (3. Sg.): bedeutet","Präteritum: bedeutete","Perfekt: hat bedeutet","Hilfsverb: haben"]}]	{"entry_type":"verb","canonical_entry_type":"verb","learning_unit_id":"ma2-lu-0183","semantic_identity":"ma2-lu-0183","german_learning_contract":"gfp-german-learning-content@1.0.0","semantic_contract":"gfp-german-language-content@3.1.3","source_profile_id":"menschen-a2@2.1.0","german_definition":"","english":"","direction_policy":"language-pair","canonical_unit":{"id":"ma2-lu-0183","type":"verb","headword":"bedeuten","persian_meaning":"معنی دادن، به معنای چیزی بودن","core":{"present_3sg":"bedeutet","preterite_3sg":"bedeutete","perfect":"hat bedeutet","auxiliary":"haben","reflexive":false,"separability":"inseparable"},"examples":[{"id":"ma2-lu-0183-ex-001","lang":"de-DE","text":"Was bedeutet das Wort?","order":1,"translations":[{"lang":"fa-IR","text":"این کلمه یعنی چه؟"},{"lang":"en-US","text":"What does this word mean?"}]}],"metadata":{"dataset_id":"menschen-a2","unit_order":183,"tags":["menschen-a2","a2"]},"provenance":{"sources":[{"source_id":"menschen_a2_user_screenshots","source_kind":"course","what_was_verified":["orthography","persian_gloss","morphology","example_attestation"],"verification_status":"verified","locator":"screenshot-7:row-16;source-order=183","accessed_at":"2026-09-02","evidence_note":"Authoritative user-supplied source row. Raw German bundle: bedeuten, bedeutet, bedeutete, hat bedeutet"},{"source_id":"assistant_translation_review","source_kind":"other","what_was_verified":["persian_example_translation","english_example_translation"],"verification_status":"verified","accessed_at":"2026-09-02","evidence_note":"Production translation generated and sense-alignment reviewed against the German example and canonical Persian meaning; this is internal production evidence, not an external lexicon claim."}]}},"present":"bedeutet","preterite":"bedeutete","perfect":"hat bedeutet","participle_ii":"","auxiliary":"haben","reflexive":false,"is_reflexive":false,"is_separable":false,"rection":"","typingCore":"bedeuten","typingStandard":"bedeuten","typingTargetLang":"de-DE","typingTargetDir":"ltr","typingTargetLabel":"Wort"}	menschen-a2; a2		183
ma2-lu-0184	de-vocabulary	German	verb	Menschen A2	A2			begegnen	ملاقات یا برخورد کردن	Deutsch	فارسی	de-DE	fa-IR	front-core	[{"text":"Wir sind uns begegnet.","lang":"de-DE","role":"example","label":"ma2-lu-0184-ex-001","order":1},{"text":"We met each other.","lang":"en-US","role":"example","label":"translation:ma2-lu-0184-ex-001","order":2}]	[]	[]	[{"title":"Formen","items":["Präsens (3. Sg.): begegnet","Präteritum: begegnete","Perfekt: ist begegnet","Hilfsverb: sein"]},{"title":"Grammar Notes","items":["Dativobjekt (Quellennotation)"]}]	{"entry_type":"verb","canonical_entry_type":"verb","learning_unit_id":"ma2-lu-0184","semantic_identity":"ma2-lu-0184","german_learning_contract":"gfp-german-learning-content@1.0.0","semantic_contract":"gfp-german-language-content@3.1.3","source_profile_id":"menschen-a2@2.1.0","german_definition":"","english":"","direction_policy":"language-pair","canonical_unit":{"id":"ma2-lu-0184","type":"verb","headword":"begegnen","persian_meaning":"ملاقات یا برخورد کردن","core":{"present_3sg":"begegnet","preterite_3sg":"begegnete","perfect":"ist begegnet","auxiliary":"sein","reflexive":false,"separability":"inseparable"},"examples":[{"id":"ma2-lu-0184-ex-001","lang":"de-DE","text":"Wir sind uns begegnet.","order":1,"translations":[{"lang":"fa-IR","text":"ما با هم برخورد کردیم / همدیگر را دیدیم."},{"lang":"en-US","text":"We met each other."}]}],"metadata":{"dataset_id":"menschen-a2","unit_order":184,"tags":["menschen-a2","a2"]},"provenance":{"sources":[{"source_id":"menschen_a2_user_screenshots","source_kind":"course","what_was_verified":["orthography","persian_gloss","morphology","example_attestation"],"verification_status":"verified","locator":"screenshot-7:row-17;source-order=184","accessed_at":"2026-09-02","evidence_note":"Authoritative user-supplied source row. Raw German bundle: begegnen [+D], begegnet, begegnete, ist begegnet"},{"source_id":"assistant_translation_review","source_kind":"other","what_was_verified":["persian_example_translation","english_example_translation"],"verification_status":"verified","accessed_at":"2026-09-02","evidence_note":"Production translation generated and sense-alignment reviewed against the German example and canonical Persian meaning; this is internal production evidence, not an external lexicon claim."}]},"details":{"grammar_notes":["Dativobjekt (Quellennotation)"]}},"present":"begegnet","preterite":"begegnete","perfect":"ist begegnet","participle_ii":"","auxiliary":"sein","reflexive":false,"is_reflexive":false,"is_separable":false,"rection":"","typingCore":"begegnen","typingStandard":"begegnen","typingTargetLang":"de-DE","typingTargetDir":"ltr","typingTargetLabel":"Wort"}	menschen-a2; a2		184
ma2-lu-0185	de-vocabulary	German	verb	Menschen A2	A2			kühlen	سرد کردن، خنک کردن	Deutsch	فارسی	de-DE	fa-IR	front-core	[{"text":"Wir sollten die Getränke kühlen.","lang":"de-DE","role":"example","label":"ma2-lu-0185-ex-001","order":1},{"text":"We should chill the drinks.","lang":"en-US","role":"example","label":"translation:ma2-lu-0185-ex-001","order":2}]	[]	[]	[{"title":"Formen","items":["Präsens (3. Sg.): kühlt","Präteritum: kühlte","Perfekt: hat gekühlt","Hilfsverb: haben"]}]	{"entry_type":"verb","canonical_entry_type":"verb","learning_unit_id":"ma2-lu-0185","semantic_identity":"ma2-lu-0185","german_learning_contract":"gfp-german-learning-content@1.0.0","semantic_contract":"gfp-german-language-content@3.1.3","source_profile_id":"menschen-a2@2.1.0","german_definition":"","english":"","direction_policy":"language-pair","canonical_unit":{"id":"ma2-lu-0185","type":"verb","headword":"kühlen","persian_meaning":"سرد کردن، خنک کردن","core":{"present_3sg":"kühlt","preterite_3sg":"kühlte","perfect":"hat gekühlt","auxiliary":"haben","reflexive":false,"separability":"non_prefixed"},"examples":[{"id":"ma2-lu-0185-ex-001","lang":"de-DE","text":"Wir sollten die Getränke kühlen.","order":1,"translations":[{"lang":"fa-IR","text":"بهتر است نوشیدنی‌ها را خنک کنیم."},{"lang":"en-US","text":"We should chill the drinks."}]}],"metadata":{"dataset_id":"menschen-a2","unit_order":185,"tags":["menschen-a2","a2"]},"provenance":{"sources":[{"source_id":"menschen_a2_user_screenshots","source_kind":"course","what_was_verified":["orthography","persian_gloss","morphology","example_attestation"],"verification_status":"verified","locator":"screenshot-7:row-18;source-order=185","accessed_at":"2026-09-02","evidence_note":"Authoritative user-supplied source row. Raw German bundle: kühlen, kühlte, hat gekühlt / abkühlen / herunterkühlen"},{"source_id":"assistant_translation_review","source_kind":"other","what_was_verified":["persian_example_translation","english_example_translation"],"verification_status":"verified","accessed_at":"2026-09-02","evidence_note":"Production translation generated and sense-alignment reviewed against the German example and canonical Persian meaning; this is internal production evidence, not an external lexicon claim."}]}},"present":"kühlt","preterite":"kühlte","perfect":"hat gekühlt","participle_ii":"","auxiliary":"haben","reflexive":false,"is_reflexive":false,"is_separable":false,"rection":"","typingCore":"kühlen","typingStandard":"kühlen","typingTargetLang":"de-DE","typingTargetDir":"ltr","typingTargetLabel":"Wort"}	menschen-a2; a2		185
ma2-lu-0186	de-vocabulary	German	verb	Menschen A2	A2			nutzen	استفاده کردن، بهره بردن	Deutsch	فارسی	de-DE	fa-IR	front-core	[{"text":"Sie nutzt jede Gelegenheit.","lang":"de-DE","role":"example","label":"ma2-lu-0186-ex-001","order":1},{"text":"She takes advantage of every opportunity.","lang":"en-US","role":"example","label":"translation:ma2-lu-0186-ex-001","order":2}]	[]	[]	[{"title":"Formen","items":["Präsens (3. Sg.): nutzt","Präteritum: nutzte","Perfekt: hat genutzt","Hilfsverb: haben"]},{"title":"Grammar Notes","items":["Akkusativobjekt (Quellennotation)"]}]	{"entry_type":"verb","canonical_entry_type":"verb","learning_unit_id":"ma2-lu-0186","semantic_identity":"ma2-lu-0186","german_learning_contract":"gfp-german-learning-content@1.0.0","semantic_contract":"gfp-german-language-content@3.1.3","source_profile_id":"menschen-a2@2.1.0","german_definition":"","english":"","direction_policy":"language-pair","canonical_unit":{"id":"ma2-lu-0186","type":"verb","headword":"nutzen","persian_meaning":"استفاده کردن، بهره بردن","core":{"present_3sg":"nutzt","preterite_3sg":"nutzte","perfect":"hat genutzt","auxiliary":"haben","reflexive":false,"separability":"non_prefixed"},"examples":[{"id":"ma2-lu-0186-ex-001","lang":"de-DE","text":"Sie nutzt jede Gelegenheit.","order":1,"translations":[{"lang":"fa-IR","text":"او از هر فرصتی استفاده می‌کند."},{"lang":"en-US","text":"She takes advantage of every opportunity."}]}],"metadata":{"dataset_id":"menschen-a2","unit_order":186,"tags":["menschen-a2","a2"]},"provenance":{"sources":[{"source_id":"menschen_a2_user_screenshots","source_kind":"course","what_was_verified":["orthography","persian_gloss","morphology","example_attestation"],"verification_status":"verified","locator":"screenshot-7:row-19;source-order=186","accessed_at":"2026-09-02","evidence_note":"Authoritative user-supplied source row. Raw German bundle: nutzen [+A], nutzt, nutzte, hat genutzt"},{"source_id":"assistant_translation_review","source_kind":"other","what_was_verified":["persian_example_translation","english_example_translation"],"verification_status":"verified","accessed_at":"2026-09-02","evidence_note":"Production translation generated and sense-alignment reviewed against the German example and canonical Persian meaning; this is internal production evidence, not an external lexicon claim."}]},"details":{"grammar_notes":["Akkusativobjekt (Quellennotation)"]}},"present":"nutzt","preterite":"nutzte","perfect":"hat genutzt","participle_ii":"","auxiliary":"haben","reflexive":false,"is_reflexive":false,"is_separable":false,"rection":"","typingCore":"nutzen","typingStandard":"nutzen","typingTargetLang":"de-DE","typingTargetDir":"ltr","typingTargetLabel":"Wort"}	menschen-a2; a2		186
ma2-lu-0187	de-vocabulary	German	verb	Menschen A2	A2			vorstellen	معرفی کردن، ارائه کردن	Deutsch	فارسی	de-DE	fa-IR	front-core	[{"text":"Ich stelle dir ihn vor.","lang":"de-DE","role":"example","label":"ma2-lu-0187-ex-001","order":1},{"text":"I'll introduce him to you.","lang":"en-US","role":"example","label":"translation:ma2-lu-0187-ex-001","order":2}]	[]	[]	[{"title":"Formen","items":["Präsens (3. Sg.): stellt vor","Präteritum: stellte vor","Perfekt: hat vorgestellt","Hilfsverb: haben"]},{"title":"Grammar Notes","items":["Dativ- und Akkusativobjekt (Quellennotation)"]}]	{"entry_type":"verb","canonical_entry_type":"verb","learning_unit_id":"ma2-lu-0187","semantic_identity":"ma2-lu-0187","german_learning_contract":"gfp-german-learning-content@1.0.0","semantic_contract":"gfp-german-language-content@3.1.3","source_profile_id":"menschen-a2@2.1.0","german_definition":"","english":"","direction_policy":"language-pair","canonical_unit":{"id":"ma2-lu-0187","type":"verb","headword":"vorstellen","persian_meaning":"معرفی کردن، ارائه کردن","core":{"present_3sg":"stellt vor","preterite_3sg":"stellte vor","perfect":"hat vorgestellt","auxiliary":"haben","reflexive":false,"separability":"separable"},"examples":[{"id":"ma2-lu-0187-ex-001","lang":"de-DE","text":"Ich stelle dir ihn vor.","order":1,"translations":[{"lang":"fa-IR","text":"من او را به تو معرفی می‌کنم."},{"lang":"en-US","text":"I'll introduce him to you."}]}],"metadata":{"dataset_id":"menschen-a2","unit_order":187,"tags":["menschen-a2","a2"]},"provenance":{"sources":[{"source_id":"menschen_a2_user_screenshots","source_kind":"course","what_was_verified":["orthography","persian_gloss","morphology","example_attestation"],"verification_status":"verified","locator":"screenshot-7:row-20;source-order=187","accessed_at":"2026-09-02","evidence_note":"Authoritative user-supplied source row. Raw German bundle: vorstellen [+D+A], stellt vor, stellte vor, hat vorgestellt"},{"source_id":"assistant_translation_review","source_kind":"other","what_was_verified":["persian_example_translation","english_example_translation"],"verification_status":"verified","accessed_at":"2026-09-02","evidence_note":"Production translation generated and sense-alignment reviewed against the German example and canonical Persian meaning; this is internal production evidence, not an external lexicon claim."}]},"details":{"grammar_notes":["Dativ- und Akkusativobjekt (Quellennotation)"]}},"present":"stellt vor","preterite":"stellte vor","perfect":"hat vorgestellt","participle_ii":"","auxiliary":"haben","reflexive":false,"is_reflexive":false,"is_separable":true,"rection":"","typingCore":"vorstellen","typingStandard":"vorstellen","typingTargetLang":"de-DE","typingTargetDir":"ltr","typingTargetLabel":"Wort"}	menschen-a2; a2		187
ma2-lu-0188	de-vocabulary	German	verb	Menschen A2	A2			wecken	بیدار کردن	Deutsch	فارسی	de-DE	fa-IR	front-core	[{"text":"Kannst du mich um 6.00 Uhr wecken?","lang":"de-DE","role":"example","label":"ma2-lu-0188-ex-001","order":1},{"text":"Can you wake me up at 6:00?","lang":"en-US","role":"example","label":"translation:ma2-lu-0188-ex-001","order":2}]	[]	[]	[{"title":"Formen","items":["Präsens (3. Sg.): weckt","Präteritum: weckte","Perfekt: hat geweckt","Hilfsverb: haben"]},{"title":"Grammar Notes","items":["Akkusativobjekt (Quellennotation)"]}]	{"entry_type":"verb","canonical_entry_type":"verb","learning_unit_id":"ma2-lu-0188","semantic_identity":"ma2-lu-0188","german_learning_contract":"gfp-german-learning-content@1.0.0","semantic_contract":"gfp-german-language-content@3.1.3","source_profile_id":"menschen-a2@2.1.0","german_definition":"","english":"","direction_policy":"language-pair","canonical_unit":{"id":"ma2-lu-0188","type":"verb","headword":"wecken","persian_meaning":"بیدار کردن","core":{"present_3sg":"weckt","preterite_3sg":"weckte","perfect":"hat geweckt","auxiliary":"haben","reflexive":false,"separability":"non_prefixed"},"examples":[{"id":"ma2-lu-0188-ex-001","lang":"de-DE","text":"Kannst du mich um 6.00 Uhr wecken?","order":1,"translations":[{"lang":"fa-IR","text":"می‌توانی ساعت شش من را بیدار کنی؟"},{"lang":"en-US","text":"Can you wake me up at 6:00?"}]}],"metadata":{"dataset_id":"menschen-a2","unit_order":188,"tags":["menschen-a2","a2"]},"provenance":{"sources":[{"source_id":"menschen_a2_user_screenshots","source_kind":"course","what_was_verified":["orthography","persian_gloss","morphology","example_attestation"],"verification_status":"verified","locator":"screenshot-7:row-21;source-order=188","accessed_at":"2026-09-02","evidence_note":"Authoritative user-supplied source row. Raw German bundle: wecken [+A], weckt, weckte, hat geweckt / erwecken"},{"source_id":"assistant_translation_review","source_kind":"other","what_was_verified":["persian_example_translation","english_example_translation"],"verification_status":"verified","accessed_at":"2026-09-02","evidence_note":"Production translation generated and sense-alignment reviewed against the German example and canonical Persian meaning; this is internal production evidence, not an external lexicon claim."}]},"details":{"grammar_notes":["Akkusativobjekt (Quellennotation)"]}},"present":"weckt","preterite":"weckte","perfect":"hat geweckt","participle_ii":"","auxiliary":"haben","reflexive":false,"is_reflexive":false,"is_separable":false,"rection":"","typingCore":"wecken","typingStandard":"wecken","typingTargetLang":"de-DE","typingTargetDir":"ltr","typingTargetLabel":"Wort"}	menschen-a2; a2		188
ma2-lu-0189	de-vocabulary	German	phrase	Menschen A2	A2			an jdm./etw. vorbei	از کنار کسی یا چیزی عبور کردن	Deutsch	فارسی	de-DE	fa-IR	front-core	[{"text":"Er ging an mir vorbei.","lang":"de-DE","role":"example","label":"ma2-lu-0189-ex-001","order":1},{"text":"He walked past me.","lang":"en-US","role":"example","label":"translation:ma2-lu-0189-ex-001","order":2}]	[]	[]	[]	{"entry_type":"phrase","canonical_entry_type":"phrase","learning_unit_id":"ma2-lu-0189","semantic_identity":"ma2-lu-0189","german_learning_contract":"gfp-german-learning-content@1.0.0","semantic_contract":"gfp-german-language-content@3.1.3","source_profile_id":"menschen-a2@2.1.0","german_definition":"","english":"","direction_policy":"language-pair","canonical_unit":{"id":"ma2-lu-0189","type":"phrase","headword":"an jdm./etw. vorbei","persian_meaning":"از کنار کسی یا چیزی عبور کردن","core":{"structure":"an jdm./etw. vorbei"},"examples":[{"id":"ma2-lu-0189-ex-001","lang":"de-DE","text":"Er ging an mir vorbei.","order":1,"translations":[{"lang":"fa-IR","text":"او از کنار من رد شد."},{"lang":"en-US","text":"He walked past me."}]}],"metadata":{"dataset_id":"menschen-a2","unit_order":189,"tags":["menschen-a2","a2"]},"provenance":{"sources":[{"source_id":"menschen_a2_user_screenshots","source_kind":"course","what_was_verified":["orthography","persian_gloss","example_attestation"],"verification_status":"verified","locator":"screenshot-7:row-22;source-order=189","accessed_at":"2026-09-02","evidence_note":"Authoritative user-supplied source row. Raw German bundle: an jdm./etw. vorbei / vorbeigehen an"},{"source_id":"assistant_translation_review","source_kind":"other","what_was_verified":["persian_example_translation","english_example_translation"],"verification_status":"verified","accessed_at":"2026-09-02","evidence_note":"Production translation generated and sense-alignment reviewed against the German example and canonical Persian meaning; this is internal production evidence, not an external lexicon claim."}]}}}	menschen-a2; a2		189
ma2-lu-0190	de-vocabulary	German	verb	Menschen A2	A2			erklären	توضیح دادن	Deutsch	فارسی	de-DE	fa-IR	front-core	[{"text":"Kannst du mir den Akkusativ erklären?","lang":"de-DE","role":"example","label":"ma2-lu-0190-ex-001","order":1},{"text":"Can you explain the accusative to me?","lang":"en-US","role":"example","label":"translation:ma2-lu-0190-ex-001","order":2}]	[]	[]	[{"title":"Formen","items":["Präsens (3. Sg.): erklärt","Präteritum: erklärte","Perfekt: hat erklärt","Hilfsverb: haben"]},{"title":"Grammar Notes","items":["Akkusativobjekt; optionales Dativobjekt (Quellennotation)"]}]	{"entry_type":"verb","canonical_entry_type":"verb","learning_unit_id":"ma2-lu-0190","semantic_identity":"ma2-lu-0190","german_learning_contract":"gfp-german-learning-content@1.0.0","semantic_contract":"gfp-german-language-content@3.1.3","source_profile_id":"menschen-a2@2.1.0","german_definition":"","english":"","direction_policy":"language-pair","canonical_unit":{"id":"ma2-lu-0190","type":"verb","headword":"erklären","persian_meaning":"توضیح دادن","core":{"present_3sg":"erklärt","preterite_3sg":"erklärte","perfect":"hat erklärt","auxiliary":"haben","reflexive":false,"separability":"inseparable"},"examples":[{"id":"ma2-lu-0190-ex-001","lang":"de-DE","text":"Kannst du mir den Akkusativ erklären?","order":1,"translations":[{"lang":"fa-IR","text":"می‌توانی آکوزاتیو را برایم توضیح بدهی؟"},{"lang":"en-US","text":"Can you explain the accusative to me?"}]}],"metadata":{"dataset_id":"menschen-a2","unit_order":190,"tags":["menschen-a2","a2"]},"provenance":{"sources":[{"source_id":"menschen_a2_user_screenshots","source_kind":"course","what_was_verified":["orthography","persian_gloss","morphology","example_attestation"],"verification_status":"verified","locator":"screenshot-7:row-23;source-order=190","accessed_at":"2026-09-02","evidence_note":"Authoritative user-supplied source row. Raw German bundle: erklären [(+D)+A], erklärt, erklärte, hat erklärt"},{"source_id":"assistant_translation_review","source_kind":"other","what_was_verified":["persian_example_translation","english_example_translation"],"verification_status":"verified","accessed_at":"2026-09-02","evidence_note":"Production translation generated and sense-alignment reviewed against the German example and canonical Persian meaning; this is internal production evidence, not an external lexicon claim."}]},"details":{"grammar_notes":["Akkusativobjekt; optionales Dativobjekt (Quellennotation)"]}},"present":"erklärt","preterite":"erklärte","perfect":"hat erklärt","participle_ii":"","auxiliary":"haben","reflexive":false,"is_reflexive":false,"is_separable":false,"rection":"","typingCore":"erklären","typingStandard":"erklären","typingTargetLang":"de-DE","typingTargetDir":"ltr","typingTargetLabel":"Wort"}	menschen-a2; a2		190
ma2-lu-0191	de-vocabulary	German	verb	Menschen A2	A2			managen	مدیریت کردن	Deutsch	فارسی	de-DE	fa-IR	front-core	[{"text":"Sie hat alles gut gemanagt.","lang":"de-DE","role":"example","label":"ma2-lu-0191-ex-001","order":1},{"text":"She managed everything well.","lang":"en-US","role":"example","label":"translation:ma2-lu-0191-ex-001","order":2}]	[]	[]	[{"title":"Formen","items":["Präsens (3. Sg.): managt","Präteritum: managte","Perfekt: hat gemanagt","Hilfsverb: haben"]}]	{"entry_type":"verb","canonical_entry_type":"verb","learning_unit_id":"ma2-lu-0191","semantic_identity":"ma2-lu-0191","german_learning_contract":"gfp-german-learning-content@1.0.0","semantic_contract":"gfp-german-language-content@3.1.3","source_profile_id":"menschen-a2@2.1.0","german_definition":"","english":"","direction_policy":"language-pair","canonical_unit":{"id":"ma2-lu-0191","type":"verb","headword":"managen","persian_meaning":"مدیریت کردن","core":{"present_3sg":"managt","preterite_3sg":"managte","perfect":"hat gemanagt","auxiliary":"haben","reflexive":false,"separability":"non_prefixed"},"examples":[{"id":"ma2-lu-0191-ex-001","lang":"de-DE","text":"Sie hat alles gut gemanagt.","order":1,"translations":[{"lang":"fa-IR","text":"او همه چیز را خوب مدیریت کرده است."},{"lang":"en-US","text":"She managed everything well."}]}],"metadata":{"dataset_id":"menschen-a2","unit_order":191,"tags":["menschen-a2","a2"]},"provenance":{"sources":[{"source_id":"menschen_a2_user_screenshots","source_kind":"course","what_was_verified":["orthography","persian_gloss","morphology","example_attestation"],"verification_status":"verified","locator":"screenshot-7:row-24;source-order=191","accessed_at":"2026-09-02","evidence_note":"Authoritative user-supplied source row. Raw German bundle: managen, managte, hat gemanagt"},{"source_id":"assistant_translation_review","source_kind":"other","what_was_verified":["persian_example_translation","english_example_translation"],"verification_status":"verified","accessed_at":"2026-09-02","evidence_note":"Production translation generated and sense-alignment reviewed against the German example and canonical Persian meaning; this is internal production evidence, not an external lexicon claim."}]}},"present":"managt","preterite":"managte","perfect":"hat gemanagt","participle_ii":"","auxiliary":"haben","reflexive":false,"is_reflexive":false,"is_separable":false,"rection":"","typingCore":"managen","typingStandard":"managen","typingTargetLang":"de-DE","typingTargetDir":"ltr","typingTargetLabel":"Wort"}	menschen-a2; a2		191
ma2-lu-0192	de-vocabulary	German	verb	Menschen A2	A2			abreisen	عازم شدن، محل را ترک کردن	Deutsch	فارسی	de-DE	fa-IR	front-core	[{"text":"Wir reisen morgen früh nach Berlin ab.","lang":"de-DE","role":"example","label":"ma2-lu-0192-ex-001","order":1},{"text":"We are leaving for Berlin early tomorrow morning.","lang":"en-US","role":"example","label":"translation:ma2-lu-0192-ex-001","order":2}]	[]	[]	[{"title":"Formen","items":["Präsens (3. Sg.): reist ab","Präteritum: reiste ab","Perfekt: ist abgereist","Hilfsverb: sein"]}]	{"entry_type":"verb","canonical_entry_type":"verb","learning_unit_id":"ma2-lu-0192","semantic_identity":"ma2-lu-0192","german_learning_contract":"gfp-german-learning-content@1.0.0","semantic_contract":"gfp-german-language-content@3.1.3","source_profile_id":"menschen-a2@2.1.0","german_definition":"","english":"","direction_policy":"language-pair","canonical_unit":{"id":"ma2-lu-0192","type":"verb","headword":"abreisen","persian_meaning":"عازم شدن، محل را ترک کردن","core":{"present_3sg":"reist ab","preterite_3sg":"reiste ab","perfect":"ist abgereist","auxiliary":"sein","reflexive":false,"separability":"separable"},"examples":[{"id":"ma2-lu-0192-ex-001","lang":"de-DE","text":"Wir reisen morgen früh nach Berlin ab.","order":1,"translations":[{"lang":"fa-IR","text":"ما فردا صبح زود به سمت برلین حرکت می‌کنیم."},{"lang":"en-US","text":"We are leaving for Berlin early tomorrow morning."}]}],"metadata":{"dataset_id":"menschen-a2","unit_order":192,"tags":["menschen-a2","a2"]},"provenance":{"sources":[{"source_id":"menschen_a2_user_screenshots","source_kind":"course","what_was_verified":["orthography","persian_gloss","morphology"],"verification_status":"verified","locator":"screenshot-7:row-25;source-order=192","accessed_at":"2026-09-02","evidence_note":"Authoritative user-supplied source row. Raw German bundle: abreisen, reist ab, reiste ab, ist abgereist"},{"source_id":"assistant_pedagogical_example","source_kind":"generated","what_was_verified":[],"verification_status":"unverified","accessed_at":"2026-09-02","evidence_note":"Pedagogical German example added because the source row did not contain a usable example; generated content is reviewed by Stage 4 and is not represented as external attestation."},{"source_id":"assistant_translation_review","source_kind":"other","what_was_verified":["persian_example_translation","english_example_translation"],"verification_status":"verified","accessed_at":"2026-09-02","evidence_note":"Production translation generated and sense-alignment reviewed against the German example and canonical Persian meaning; this is internal production evidence, not an external lexicon claim."}]}},"present":"reist ab","preterite":"reiste ab","perfect":"ist abgereist","participle_ii":"","auxiliary":"sein","reflexive":false,"is_reflexive":false,"is_separable":true,"rection":"","typingCore":"abreisen","typingStandard":"abreisen","typingTargetLang":"de-DE","typingTargetDir":"ltr","typingTargetLabel":"Wort"}	menschen-a2; a2		192
ma2-lu-0193	de-vocabulary	German	verb	Menschen A2	A2			ausfüllen	پر کردن فرم یا جای خالی	Deutsch	فارسی	de-DE	fa-IR	front-core	[{"text":"Füllen Sie bitte diesen Fragebogen aus!","lang":"de-DE","role":"example","label":"ma2-lu-0193-ex-001","order":1},{"text":"Please fill out this questionnaire!","lang":"en-US","role":"example","label":"translation:ma2-lu-0193-ex-001","order":2}]	[]	[]	[{"title":"Formen","items":["Präsens (3. Sg.): füllt aus","Präteritum: füllte aus","Perfekt: hat ausgefüllt","Hilfsverb: haben"]},{"title":"Grammar Notes","items":["Akkusativobjekt (Quellennotation)"]}]	{"entry_type":"verb","canonical_entry_type":"verb","learning_unit_id":"ma2-lu-0193","semantic_identity":"ma2-lu-0193","german_learning_contract":"gfp-german-learning-content@1.0.0","semantic_contract":"gfp-german-language-content@3.1.3","source_profile_id":"menschen-a2@2.1.0","german_definition":"","english":"","direction_policy":"language-pair","canonical_unit":{"id":"ma2-lu-0193","type":"verb","headword":"ausfüllen","persian_meaning":"پر کردن فرم یا جای خالی","core":{"present_3sg":"füllt aus","preterite_3sg":"füllte aus","perfect":"hat ausgefüllt","auxiliary":"haben","reflexive":false,"separability":"separable"},"examples":[{"id":"ma2-lu-0193-ex-001","lang":"de-DE","text":"Füllen Sie bitte diesen Fragebogen aus!","order":1,"translations":[{"lang":"fa-IR","text":"لطفاً این پرسش‌نامه را پر کنید!"},{"lang":"en-US","text":"Please fill out this questionnaire!"}]}],"metadata":{"dataset_id":"menschen-a2","unit_order":193,"tags":["menschen-a2","a2"]},"provenance":{"sources":[{"source_id":"menschen_a2_user_screenshots","source_kind":"course","what_was_verified":["orthography","persian_gloss","morphology","example_attestation"],"verification_status":"verified","locator":"screenshot-7:row-26;source-order=193","accessed_at":"2026-09-02","evidence_note":"Authoritative user-supplied source row. Raw German bundle: ausfüllen [+A], füllt aus, füllte aus, hat ausgefüllt"},{"source_id":"assistant_translation_review","source_kind":"other","what_was_verified":["persian_example_translation","english_example_translation"],"verification_status":"verified","accessed_at":"2026-09-02","evidence_note":"Production translation generated and sense-alignment reviewed against the German example and canonical Persian meaning; this is internal production evidence, not an external lexicon claim."}]},"details":{"grammar_notes":["Akkusativobjekt (Quellennotation)"]}},"present":"füllt aus","preterite":"füllte aus","perfect":"hat ausgefüllt","participle_ii":"","auxiliary":"haben","reflexive":false,"is_reflexive":false,"is_separable":true,"rection":"","typingCore":"ausfüllen","typingStandard":"ausfüllen","typingTargetLang":"de-DE","typingTargetDir":"ltr","typingTargetLabel":"Wort"}	menschen-a2; a2		193
ma2-lu-0194	de-vocabulary	German	verb	Menschen A2	A2			breiten	پهن یا گسترده کردن	Deutsch	فارسی	de-DE	fa-IR	front-core	[{"text":"Ein Tuch über den Tisch breiten","lang":"de-DE","role":"example","label":"ma2-lu-0194-ex-001","order":1},{"text":"to spread a cloth over the table","lang":"en-US","role":"example","label":"translation:ma2-lu-0194-ex-001","order":2}]	[]	[]	[{"title":"Formen","items":["Präsens (3. Sg.): breitet","Präteritum: breitete","Perfekt: hat gebreitet","Hilfsverb: haben"]}]	{"entry_type":"verb","canonical_entry_type":"verb","learning_unit_id":"ma2-lu-0194","semantic_identity":"ma2-lu-0194","german_learning_contract":"gfp-german-learning-content@1.0.0","semantic_contract":"gfp-german-language-content@3.1.3","source_profile_id":"menschen-a2@2.1.0","german_definition":"","english":"","direction_policy":"language-pair","canonical_unit":{"id":"ma2-lu-0194","type":"verb","headword":"breiten","persian_meaning":"پهن یا گسترده کردن","core":{"present_3sg":"breitet","preterite_3sg":"breitete","perfect":"hat gebreitet","auxiliary":"haben","reflexive":false,"separability":"non_prefixed"},"examples":[{"id":"ma2-lu-0194-ex-001","lang":"de-DE","text":"Ein Tuch über den Tisch breiten","order":1,"translations":[{"lang":"fa-IR","text":"پارچه‌ای را روی میز پهن کردن"},{"lang":"en-US","text":"to spread a cloth over the table"}]}],"metadata":{"dataset_id":"menschen-a2","unit_order":194,"tags":["menschen-a2","a2"]},"provenance":{"sources":[{"source_id":"menschen_a2_user_screenshots","source_kind":"course","what_was_verified":["orthography","persian_gloss","morphology","example_attestation"],"verification_status":"verified","locator":"screenshot-7:row-27;source-order=194","accessed_at":"2026-09-02","evidence_note":"Authoritative user-supplied source row. Raw German bundle: breiten, breitete, hat gebreitet / ausbreiten"},{"source_id":"assistant_translation_review","source_kind":"other","what_was_verified":["persian_example_translation","english_example_translation"],"verification_status":"verified","accessed_at":"2026-09-02","evidence_note":"Production translation generated and sense-alignment reviewed against the German example and canonical Persian meaning; this is internal production evidence, not an external lexicon claim."}]}},"present":"breitet","preterite":"breitete","perfect":"hat gebreitet","participle_ii":"","auxiliary":"haben","reflexive":false,"is_reflexive":false,"is_separable":false,"rection":"","typingCore":"breiten","typingStandard":"breiten","typingTargetLang":"de-DE","typingTargetDir":"ltr","typingTargetLabel":"Wort"}	menschen-a2; a2		194
ma2-lu-0195	de-vocabulary	German	verb	Menschen A2	A2			überqueren	از چیزی عبور کردن	Deutsch	فارسی	de-DE	fa-IR	front-core	[{"text":"Wir überqueren die Straße am Zebrastreifen.","lang":"de-DE","role":"example","label":"ma2-lu-0195-ex-001","order":1},{"text":"We cross the street at the pedestrian crossing.","lang":"en-US","role":"example","label":"translation:ma2-lu-0195-ex-001","order":2}]	[]	[]	[{"title":"Formen","items":["Präsens (3. Sg.): überquert","Präteritum: überquerte","Perfekt: hat überquert","Hilfsverb: haben"]},{"title":"Grammar Notes","items":["Akkusativobjekt (Quellennotation)"]}]	{"entry_type":"verb","canonical_entry_type":"verb","learning_unit_id":"ma2-lu-0195","semantic_identity":"ma2-lu-0195","german_learning_contract":"gfp-german-learning-content@1.0.0","semantic_contract":"gfp-german-language-content@3.1.3","source_profile_id":"menschen-a2@2.1.0","german_definition":"","english":"","direction_policy":"language-pair","canonical_unit":{"id":"ma2-lu-0195","type":"verb","headword":"überqueren","persian_meaning":"از چیزی عبور کردن","core":{"present_3sg":"überquert","preterite_3sg":"überquerte","perfect":"hat überquert","auxiliary":"haben","reflexive":false,"separability":"inseparable"},"examples":[{"id":"ma2-lu-0195-ex-001","lang":"de-DE","text":"Wir überqueren die Straße am Zebrastreifen.","order":1,"translations":[{"lang":"fa-IR","text":"از خیابان در خط عابر پیاده عبور می‌کنیم."},{"lang":"en-US","text":"We cross the street at the pedestrian crossing."}]}],"metadata":{"dataset_id":"menschen-a2","unit_order":195,"tags":["menschen-a2","a2"]},"provenance":{"sources":[{"source_id":"menschen_a2_user_screenshots","source_kind":"course","what_was_verified":["orthography","persian_gloss","morphology","example_attestation"],"verification_status":"verified","locator":"screenshot-7:row-28;source-order=195","accessed_at":"2026-09-02","evidence_note":"Authoritative user-supplied source row. Raw German bundle: überqueren [+A], überquerte, hat überquert"},{"source_id":"assistant_translation_review","source_kind":"other","what_was_verified":["persian_example_translation","english_example_translation"],"verification_status":"verified","accessed_at":"2026-09-02","evidence_note":"Production translation generated and sense-alignment reviewed against the German example and canonical Persian meaning; this is internal production evidence, not an external lexicon claim."}]},"details":{"grammar_notes":["Akkusativobjekt (Quellennotation)"]}},"present":"überquert","preterite":"überquerte","perfect":"hat überquert","participle_ii":"","auxiliary":"haben","reflexive":false,"is_reflexive":false,"is_separable":false,"rection":"","typingCore":"überqueren","typingStandard":"überqueren","typingTargetLang":"de-DE","typingTargetDir":"ltr","typingTargetLabel":"Wort"}	menschen-a2; a2		195
ma2-lu-0196	de-vocabulary	German	verb	Menschen A2	A2			wechseln	عوض کردن، تبدیل کردن	Deutsch	فارسی	de-DE	fa-IR	front-core	[{"text":"Ich muss meinen 500-Euro-Schein wechseln.","lang":"de-DE","role":"example","label":"ma2-lu-0196-ex-001","order":1},{"text":"I have to change my 500-euro bill.","lang":"en-US","role":"example","label":"translation:ma2-lu-0196-ex-001","order":2}]	[]	[]	[{"title":"Formen","items":["Präsens (3. Sg.): wechselt","Präteritum: wechselte","Perfekt: hat gewechselt","Hilfsverb: haben"]},{"title":"Grammar Notes","items":["Akkusativobjekt (Quellennotation)"]}]	{"entry_type":"verb","canonical_entry_type":"verb","learning_unit_id":"ma2-lu-0196","semantic_identity":"ma2-lu-0196","german_learning_contract":"gfp-german-learning-content@1.0.0","semantic_contract":"gfp-german-language-content@3.1.3","source_profile_id":"menschen-a2@2.1.0","german_definition":"","english":"","direction_policy":"language-pair","canonical_unit":{"id":"ma2-lu-0196","type":"verb","headword":"wechseln","persian_meaning":"عوض کردن، تبدیل کردن","core":{"present_3sg":"wechselt","preterite_3sg":"wechselte","perfect":"hat gewechselt","auxiliary":"haben","reflexive":false,"separability":"non_prefixed"},"examples":[{"id":"ma2-lu-0196-ex-001","lang":"de-DE","text":"Ich muss meinen 500-Euro-Schein wechseln.","order":1,"translations":[{"lang":"fa-IR","text":"باید اسکناس ۵۰۰ یورویی‌ام را خرد کنم."},{"lang":"en-US","text":"I have to change my 500-euro bill."}]}],"metadata":{"dataset_id":"menschen-a2","unit_order":196,"tags":["menschen-a2","a2"]},"provenance":{"sources":[{"source_id":"menschen_a2_user_screenshots","source_kind":"course","what_was_verified":["orthography","persian_gloss","morphology","example_attestation"],"verification_status":"verified","locator":"screenshot-7:row-29;source-order=196","accessed_at":"2026-09-02","evidence_note":"Authoritative user-supplied source row. Raw German bundle: wechseln [+A], wechselt, wechselte, hat gewechselt"},{"source_id":"assistant_translation_review","source_kind":"other","what_was_verified":["persian_example_translation","english_example_translation"],"verification_status":"verified","accessed_at":"2026-09-02","evidence_note":"Production translation generated and sense-alignment reviewed against the German example and canonical Persian meaning; this is internal production evidence, not an external lexicon claim."}]},"details":{"grammar_notes":["Akkusativobjekt (Quellennotation)"]}},"present":"wechselt","preterite":"wechselte","perfect":"hat gewechselt","participle_ii":"","auxiliary":"haben","reflexive":false,"is_reflexive":false,"is_separable":false,"rection":"","typingCore":"wechseln","typingStandard":"wechseln","typingTargetLang":"de-DE","typingTargetDir":"ltr","typingTargetLabel":"Wort"}	menschen-a2; a2		196
ma2-lu-0197	de-vocabulary	German	verb	Menschen A2	A2			tanken	سوخت‌گیری کردن	Deutsch	فارسی	de-DE	fa-IR	front-core	[{"text":"Ich muss noch tanken.","lang":"de-DE","role":"example","label":"ma2-lu-0197-ex-001","order":1},{"text":"I still need to refuel.","lang":"en-US","role":"example","label":"translation:ma2-lu-0197-ex-001","order":2}]	[]	[]	[{"title":"Formen","items":["Präsens (3. Sg.): tankt","Präteritum: tankte","Perfekt: hat getankt","Hilfsverb: haben"]}]	{"entry_type":"verb","canonical_entry_type":"verb","learning_unit_id":"ma2-lu-0197","semantic_identity":"ma2-lu-0197","german_learning_contract":"gfp-german-learning-content@1.0.0","semantic_contract":"gfp-german-language-content@3.1.3","source_profile_id":"menschen-a2@2.1.0","german_definition":"","english":"","direction_policy":"language-pair","canonical_unit":{"id":"ma2-lu-0197","type":"verb","headword":"tanken","persian_meaning":"سوخت‌گیری کردن","core":{"present_3sg":"tankt","preterite_3sg":"tankte","perfect":"hat getankt","auxiliary":"haben","reflexive":false,"separability":"non_prefixed"},"examples":[{"id":"ma2-lu-0197-ex-001","lang":"de-DE","text":"Ich muss noch tanken.","order":1,"translations":[{"lang":"fa-IR","text":"هنوز باید بنزین بزنم."},{"lang":"en-US","text":"I still need to refuel."}]}],"metadata":{"dataset_id":"menschen-a2","unit_order":197,"tags":["menschen-a2","a2"]},"provenance":{"sources":[{"source_id":"menschen_a2_user_screenshots","source_kind":"course","what_was_verified":["orthography","persian_gloss","morphology","example_attestation"],"verification_status":"verified","locator":"screenshot-7:row-30;source-order=197","accessed_at":"2026-09-02","evidence_note":"Authoritative user-supplied source row. Raw German bundle: tanken, tankt, tankte, hat getankt"},{"source_id":"assistant_translation_review","source_kind":"other","what_was_verified":["persian_example_translation","english_example_translation"],"verification_status":"verified","accessed_at":"2026-09-02","evidence_note":"Production translation generated and sense-alignment reviewed against the German example and canonical Persian meaning; this is internal production evidence, not an external lexicon claim."}]}},"present":"tankt","preterite":"tankte","perfect":"hat getankt","participle_ii":"","auxiliary":"haben","reflexive":false,"is_reflexive":false,"is_separable":false,"rection":"","typingCore":"tanken","typingStandard":"tanken","typingTargetLang":"de-DE","typingTargetDir":"ltr","typingTargetLabel":"Wort"}	menschen-a2; a2		197
ma2-lu-0198	de-vocabulary	German	phrase	Menschen A2	A2			dabei sein	حاضر بودن، در کاری شرکت داشتن	Deutsch	فارسی	de-DE	fa-IR	front-core	[{"text":"Ich war gestern dabei.","lang":"de-DE","role":"example","label":"ma2-lu-0198-ex-001","order":1},{"text":"I was there yesterday.","lang":"en-US","role":"example","label":"translation:ma2-lu-0198-ex-001","order":2}]	[]	[]	[]	{"entry_type":"phrase","canonical_entry_type":"phrase","learning_unit_id":"ma2-lu-0198","semantic_identity":"ma2-lu-0198","german_learning_contract":"gfp-german-learning-content@1.0.0","semantic_contract":"gfp-german-language-content@3.1.3","source_profile_id":"menschen-a2@2.1.0","german_definition":"","english":"","direction_policy":"language-pair","canonical_unit":{"id":"ma2-lu-0198","type":"phrase","headword":"dabei sein","persian_meaning":"حاضر بودن، در کاری شرکت داشتن","core":{"structure":"dabei sein"},"examples":[{"id":"ma2-lu-0198-ex-001","lang":"de-DE","text":"Ich war gestern dabei.","order":1,"translations":[{"lang":"fa-IR","text":"دیروز من هم آنجا حضور داشتم."},{"lang":"en-US","text":"I was there yesterday."}]}],"metadata":{"dataset_id":"menschen-a2","unit_order":198,"tags":["menschen-a2","a2"]},"provenance":{"sources":[{"source_id":"menschen_a2_user_screenshots","source_kind":"course","what_was_verified":["orthography","persian_gloss","example_attestation"],"verification_status":"verified","locator":"screenshot-8:row-1;source-order=198","accessed_at":"2026-09-02","evidence_note":"Authoritative user-supplied source row. Raw German bundle: dabei sein, war dabei, ist dabei gewesen"},{"source_id":"assistant_translation_review","source_kind":"other","what_was_verified":["persian_example_translation","english_example_translation"],"verification_status":"verified","accessed_at":"2026-09-02","evidence_note":"Production translation generated and sense-alignment reviewed against the German example and canonical Persian meaning; this is internal production evidence, not an external lexicon claim."}]}}}	menschen-a2; a2		198
ma2-lu-0199	de-vocabulary	German	verb	Menschen A2	A2			nennen	نام بردن، نامیدن	Deutsch	فارسی	de-DE	fa-IR	front-core	[{"text":"Kannst du ein Beispiel nennen?","lang":"de-DE","role":"example","label":"ma2-lu-0199-ex-001","order":1},{"text":"Can you give an example?","lang":"en-US","role":"example","label":"translation:ma2-lu-0199-ex-001","order":2}]	[]	[]	[{"title":"Formen","items":["Präsens (3. Sg.): nennt","Präteritum: nannte","Perfekt: hat genannt","Hilfsverb: haben"]},{"title":"Grammar Notes","items":["Akkusativobjekt; optionales Dativobjekt (Quellennotation)"]}]	{"entry_type":"verb","canonical_entry_type":"verb","learning_unit_id":"ma2-lu-0199","semantic_identity":"ma2-lu-0199","german_learning_contract":"gfp-german-learning-content@1.0.0","semantic_contract":"gfp-german-language-content@3.1.3","source_profile_id":"menschen-a2@2.1.0","german_definition":"","english":"","direction_policy":"language-pair","canonical_unit":{"id":"ma2-lu-0199","type":"verb","headword":"nennen","persian_meaning":"نام بردن، نامیدن","core":{"present_3sg":"nennt","preterite_3sg":"nannte","perfect":"hat genannt","auxiliary":"haben","reflexive":false,"separability":"non_prefixed"},"examples":[{"id":"ma2-lu-0199-ex-001","lang":"de-DE","text":"Kannst du ein Beispiel nennen?","order":1,"translations":[{"lang":"fa-IR","text":"می‌توانی یک مثال نام ببری؟"},{"lang":"en-US","text":"Can you give an example?"}]}],"metadata":{"dataset_id":"menschen-a2","unit_order":199,"tags":["menschen-a2","a2"]},"provenance":{"sources":[{"source_id":"menschen_a2_user_screenshots","source_kind":"course","what_was_verified":["orthography","persian_gloss","morphology","example_attestation"],"verification_status":"verified","locator":"screenshot-8:row-2;source-order=199","accessed_at":"2026-09-02","evidence_note":"Authoritative user-supplied source row. Raw German bundle: nennen [(+D)+A], nennt, nannte, hat genannt"},{"source_id":"assistant_translation_review","source_kind":"other","what_was_verified":["persian_example_translation","english_example_translation"],"verification_status":"verified","accessed_at":"2026-09-02","evidence_note":"Production translation generated and sense-alignment reviewed against the German example and canonical Persian meaning; this is internal production evidence, not an external lexicon claim."}]},"details":{"grammar_notes":["Akkusativobjekt; optionales Dativobjekt (Quellennotation)"]}},"present":"nennt","preterite":"nannte","perfect":"hat genannt","participle_ii":"","auxiliary":"haben","reflexive":false,"is_reflexive":false,"is_separable":false,"rection":"","typingCore":"nennen","typingStandard":"nennen","typingTargetLang":"de-DE","typingTargetDir":"ltr","typingTargetLabel":"Wort"}	menschen-a2; a2		199
ma2-lu-0200	de-vocabulary	German	phrase	Menschen A2	A2			sich interessieren für (Akk.)	به چیزی علاقه داشتن	Deutsch	فارسی	de-DE	fa-IR	front-core	[{"text":"Ich interessiere mich für Kunst.","lang":"de-DE","role":"example","label":"ma2-lu-0200-ex-001","order":1},{"text":"I am interested in art.","lang":"en-US","role":"example","label":"translation:ma2-lu-0200-ex-001","order":2}]	[]	[]	[]	{"entry_type":"phrase","canonical_entry_type":"phrase","learning_unit_id":"ma2-lu-0200","semantic_identity":"ma2-lu-0200","german_learning_contract":"gfp-german-learning-content@1.0.0","semantic_contract":"gfp-german-language-content@3.1.3","source_profile_id":"menschen-a2@2.1.0","german_definition":"","english":"","direction_policy":"language-pair","canonical_unit":{"id":"ma2-lu-0200","type":"phrase","headword":"sich interessieren für (Akk.)","persian_meaning":"به چیزی علاقه داشتن","core":{"structure":"sich interessieren für (Akk.)"},"examples":[{"id":"ma2-lu-0200-ex-001","lang":"de-DE","text":"Ich interessiere mich für Kunst.","order":1,"translations":[{"lang":"fa-IR","text":"من به هنر علاقه دارم."},{"lang":"en-US","text":"I am interested in art."}]}],"metadata":{"dataset_id":"menschen-a2","unit_order":200,"tags":["menschen-a2","a2"]},"provenance":{"sources":[{"source_id":"menschen_a2_user_screenshots","source_kind":"course","what_was_verified":["orthography","persian_gloss","example_attestation"],"verification_status":"verified","locator":"screenshot-8:row-3;source-order=200","accessed_at":"2026-09-02","evidence_note":"Authoritative user-supplied source row. Raw German bundle: sich interessieren für [+A], sich interessiert haben für"},{"source_id":"assistant_translation_review","source_kind":"other","what_was_verified":["persian_example_translation","english_example_translation"],"verification_status":"verified","accessed_at":"2026-09-02","evidence_note":"Production translation generated and sense-alignment reviewed against the German example and canonical Persian meaning; this is internal production evidence, not an external lexicon claim."}]}}}	menschen-a2; a2		200
ma2-lu-0201	de-vocabulary	German	phrase	Menschen A2	A2			über etw. (Akk.) sprechen	درباره چیزی صحبت کردن	Deutsch	فارسی	de-DE	fa-IR	front-core	[{"text":"Vom Wetter, von den Preisen, über Politik sprechen","lang":"de-DE","role":"example","label":"ma2-lu-0201-ex-001","order":1},{"text":"to talk about the weather, prices, and politics","lang":"en-US","role":"example","label":"translation:ma2-lu-0201-ex-001","order":2}]	[]	[]	[]	{"entry_type":"phrase","canonical_entry_type":"phrase","learning_unit_id":"ma2-lu-0201","semantic_identity":"ma2-lu-0201","german_learning_contract":"gfp-german-learning-content@1.0.0","semantic_contract":"gfp-german-language-content@3.1.3","source_profile_id":"menschen-a2@2.1.0","german_definition":"","english":"","direction_policy":"language-pair","canonical_unit":{"id":"ma2-lu-0201","type":"phrase","headword":"über etw. (Akk.) sprechen","persian_meaning":"درباره چیزی صحبت کردن","core":{"structure":"über etw. (Akk.) sprechen"},"examples":[{"id":"ma2-lu-0201-ex-001","lang":"de-DE","text":"Vom Wetter, von den Preisen, über Politik sprechen","order":1,"translations":[{"lang":"fa-IR","text":"درباره هوا، قیمت‌ها و سیاست صحبت کردن"},{"lang":"en-US","text":"to talk about the weather, prices, and politics"}]}],"metadata":{"dataset_id":"menschen-a2","unit_order":201,"tags":["menschen-a2","a2"]},"provenance":{"sources":[{"source_id":"menschen_a2_user_screenshots","source_kind":"course","what_was_verified":["orthography","persian_gloss","example_attestation"],"verification_status":"verified","locator":"screenshot-8:row-4;source-order=201","accessed_at":"2026-09-02","evidence_note":"Authoritative user-supplied source row. Raw German bundle: über etw.Akk. sprechen"},{"source_id":"assistant_translation_review","source_kind":"other","what_was_verified":["persian_example_translation","english_example_translation"],"verification_status":"verified","accessed_at":"2026-09-02","evidence_note":"Production translation generated and sense-alignment reviewed against the German example and canonical Persian meaning; this is internal production evidence, not an external lexicon claim."}]}}}	menschen-a2; a2		201
ma2-lu-0202	de-vocabulary	German	phrase	Menschen A2	A2			Pech haben	بدشانسی آوردن	Deutsch	فارسی	de-DE	fa-IR	front-core	[{"text":"Ich habe Pech gehabt. Er hat immer Pech.","lang":"de-DE","role":"example","label":"ma2-lu-0202-ex-001","order":1},{"text":"I had bad luck. He is always unlucky.","lang":"en-US","role":"example","label":"translation:ma2-lu-0202-ex-001","order":2}]	[]	[]	[]	{"entry_type":"phrase","canonical_entry_type":"phrase","learning_unit_id":"ma2-lu-0202","semantic_identity":"ma2-lu-0202","german_learning_contract":"gfp-german-learning-content@1.0.0","semantic_contract":"gfp-german-language-content@3.1.3","source_profile_id":"menschen-a2@2.1.0","german_definition":"","english":"","direction_policy":"language-pair","canonical_unit":{"id":"ma2-lu-0202","type":"phrase","headword":"Pech haben","persian_meaning":"بدشانسی آوردن","core":{"structure":"Pech haben"},"examples":[{"id":"ma2-lu-0202-ex-001","lang":"de-DE","text":"Ich habe Pech gehabt. Er hat immer Pech.","order":1,"translations":[{"lang":"fa-IR","text":"من بدشانسی آوردم. او همیشه بدشانس است."},{"lang":"en-US","text":"I had bad luck. He is always unlucky."}]}],"metadata":{"dataset_id":"menschen-a2","unit_order":202,"tags":["menschen-a2","a2"]},"provenance":{"sources":[{"source_id":"menschen_a2_user_screenshots","source_kind":"course","what_was_verified":["orthography","persian_gloss","example_attestation"],"verification_status":"verified","locator":"screenshot-8:row-5;source-order=202","accessed_at":"2026-09-02","evidence_note":"Authoritative user-supplied source row. Raw German bundle: Pech haben, hatte Pech, hat Pech gehabt"},{"source_id":"assistant_translation_review","source_kind":"other","what_was_verified":["persian_example_translation","english_example_translation"],"verification_status":"verified","accessed_at":"2026-09-02","evidence_note":"Production translation generated and sense-alignment reviewed against the German example and canonical Persian meaning; this is internal production evidence, not an external lexicon claim."}]}}}	menschen-a2; a2		202
ma2-lu-0204	de-vocabulary	German	verb	Menschen A2	A2			denken	فکر کردن، نظر داشتن	Deutsch	فارسی	de-DE	fa-IR	front-core	[{"text":"Was denkst du über den Vorschlag?","lang":"de-DE","role":"example","label":"ma2-lu-0204-ex-001","order":1},{"text":"What do you think about the proposal?","lang":"en-US","role":"example","label":"translation:ma2-lu-0204-ex-001","order":2}]	[]	[]	[{"title":"Formen","items":["Präsens (3. Sg.): denkt","Präteritum: dachte","Perfekt: hat gedacht","Hilfsverb: haben"]}]	{"entry_type":"verb","canonical_entry_type":"verb","learning_unit_id":"ma2-lu-0204","semantic_identity":"ma2-lu-0204","german_learning_contract":"gfp-german-learning-content@1.0.0","semantic_contract":"gfp-german-language-content@3.1.3","source_profile_id":"menschen-a2@2.1.0","german_definition":"","english":"","direction_policy":"language-pair","canonical_unit":{"id":"ma2-lu-0204","type":"verb","headword":"denken","persian_meaning":"فکر کردن، نظر داشتن","core":{"present_3sg":"denkt","preterite_3sg":"dachte","perfect":"hat gedacht","auxiliary":"haben","reflexive":false,"separability":"non_prefixed"},"examples":[{"id":"ma2-lu-0204-ex-001","lang":"de-DE","text":"Was denkst du über den Vorschlag?","order":1,"translations":[{"lang":"fa-IR","text":"نظرت درباره این پیشنهاد چیست؟"},{"lang":"en-US","text":"What do you think about the proposal?"}]}],"metadata":{"dataset_id":"menschen-a2","unit_order":204,"tags":["menschen-a2","a2"]},"provenance":{"sources":[{"source_id":"menschen_a2_user_screenshots","source_kind":"course","what_was_verified":["orthography","persian_gloss","morphology","example_attestation"],"verification_status":"verified","locator":"screenshot-8:row-7;source-order=204","accessed_at":"2026-09-02","evidence_note":"Authoritative user-supplied source row. Raw German bundle: denken, denkt, dachte, hat gedacht"},{"source_id":"assistant_translation_review","source_kind":"other","what_was_verified":["persian_example_translation","english_example_translation"],"verification_status":"verified","accessed_at":"2026-09-02","evidence_note":"Production translation generated and sense-alignment reviewed against the German example and canonical Persian meaning; this is internal production evidence, not an external lexicon claim."}]}},"present":"denkt","preterite":"dachte","perfect":"hat gedacht","participle_ii":"","auxiliary":"haben","reflexive":false,"is_reflexive":false,"is_separable":false,"rection":"","typingCore":"denken","typingStandard":"denken","typingTargetLang":"de-DE","typingTargetDir":"ltr","typingTargetLabel":"Wort"}	menschen-a2; a2		204
ma2-lu-0205	de-vocabulary	German	verb	Menschen A2	A2			vortragen	ارائه یا سخنرانی کردن	Deutsch	فارسی	de-DE	fa-IR	front-core	[{"text":"Er trug sein Referat selbstbewusst vor.","lang":"de-DE","role":"example","label":"ma2-lu-0205-ex-001","order":1},{"text":"He gave his presentation confidently.","lang":"en-US","role":"example","label":"translation:ma2-lu-0205-ex-001","order":2}]	[]	[]	[{"title":"Formen","items":["Präsens (3. Sg.): trägt vor","Präteritum: trug vor","Perfekt: hat vorgetragen","Hilfsverb: haben"]}]	{"entry_type":"verb","canonical_entry_type":"verb","learning_unit_id":"ma2-lu-0205","semantic_identity":"ma2-lu-0205","german_learning_contract":"gfp-german-learning-content@1.0.0","semantic_contract":"gfp-german-language-content@3.1.3","source_profile_id":"menschen-a2@2.1.0","german_definition":"","english":"","direction_policy":"language-pair","canonical_unit":{"id":"ma2-lu-0205","type":"verb","headword":"vortragen","persian_meaning":"ارائه یا سخنرانی کردن","core":{"present_3sg":"trägt vor","preterite_3sg":"trug vor","perfect":"hat vorgetragen","auxiliary":"haben","reflexive":false,"separability":"separable"},"examples":[{"id":"ma2-lu-0205-ex-001","lang":"de-DE","text":"Er trug sein Referat selbstbewusst vor.","order":1,"translations":[{"lang":"fa-IR","text":"او ارائه‌اش را با اعتمادبه‌نفس ارائه کرد."},{"lang":"en-US","text":"He gave his presentation confidently."}]}],"metadata":{"dataset_id":"menschen-a2","unit_order":205,"tags":["menschen-a2","a2"]},"provenance":{"sources":[{"source_id":"menschen_a2_user_screenshots","source_kind":"course","what_was_verified":["orthography","persian_gloss","morphology","example_attestation"],"verification_status":"verified","locator":"screenshot-8:row-8;source-order=205","accessed_at":"2026-09-02","evidence_note":"Authoritative user-supplied source row. Raw German bundle: vortragen, trägt vor, trug vor, hat vorgetragen"},{"source_id":"assistant_translation_review","source_kind":"other","what_was_verified":["persian_example_translation","english_example_translation"],"verification_status":"verified","accessed_at":"2026-09-02","evidence_note":"Production translation generated and sense-alignment reviewed against the German example and canonical Persian meaning; this is internal production evidence, not an external lexicon claim."}]}},"present":"trägt vor","preterite":"trug vor","perfect":"hat vorgetragen","participle_ii":"","auxiliary":"haben","reflexive":false,"is_reflexive":false,"is_separable":true,"rection":"","typingCore":"vortragen","typingStandard":"vortragen","typingTargetLang":"de-DE","typingTargetDir":"ltr","typingTargetLabel":"Wort"}	menschen-a2; a2		205
ma2-lu-0206	de-vocabulary	German	verb	Menschen A2	A2			eröffnen	افتتاح یا باز کردن	Deutsch	فارسی	de-DE	fa-IR	front-core	[{"text":"Er eröffnet ein Geschäft.","lang":"de-DE","role":"example","label":"ma2-lu-0206-ex-001","order":1},{"text":"He opens a shop.","lang":"en-US","role":"example","label":"translation:ma2-lu-0206-ex-001","order":2}]	[]	[]	[{"title":"Formen","items":["Präsens (3. Sg.): eröffnet","Präteritum: eröffnete","Perfekt: hat eröffnet","Hilfsverb: haben"]},{"title":"Grammar Notes","items":["Akkusativobjekt (Quellennotation)"]}]	{"entry_type":"verb","canonical_entry_type":"verb","learning_unit_id":"ma2-lu-0206","semantic_identity":"ma2-lu-0206","german_learning_contract":"gfp-german-learning-content@1.0.0","semantic_contract":"gfp-german-language-content@3.1.3","source_profile_id":"menschen-a2@2.1.0","german_definition":"","english":"","direction_policy":"language-pair","canonical_unit":{"id":"ma2-lu-0206","type":"verb","headword":"eröffnen","persian_meaning":"افتتاح یا باز کردن","core":{"present_3sg":"eröffnet","preterite_3sg":"eröffnete","perfect":"hat eröffnet","auxiliary":"haben","reflexive":false,"separability":"inseparable"},"examples":[{"id":"ma2-lu-0206-ex-001","lang":"de-DE","text":"Er eröffnet ein Geschäft.","order":1,"translations":[{"lang":"fa-IR","text":"او یک مغازه افتتاح می‌کند."},{"lang":"en-US","text":"He opens a shop."}]}],"metadata":{"dataset_id":"menschen-a2","unit_order":206,"tags":["menschen-a2","a2"]},"provenance":{"sources":[{"source_id":"menschen_a2_user_screenshots","source_kind":"course","what_was_verified":["orthography","persian_gloss","morphology","example_attestation"],"verification_status":"verified","locator":"screenshot-8:row-9;source-order=206","accessed_at":"2026-09-02","evidence_note":"Authoritative user-supplied source row. Raw German bundle: eröffnen [+A], eröffnet, eröffnete, hat eröffnet / eröffnet werden"},{"source_id":"assistant_translation_review","source_kind":"other","what_was_verified":["persian_example_translation","english_example_translation"],"verification_status":"verified","accessed_at":"2026-09-02","evidence_note":"Production translation generated and sense-alignment reviewed against the German example and canonical Persian meaning; this is internal production evidence, not an external lexicon claim."}]},"details":{"grammar_notes":["Akkusativobjekt (Quellennotation)"]}},"present":"eröffnet","preterite":"eröffnete","perfect":"hat eröffnet","participle_ii":"","auxiliary":"haben","reflexive":false,"is_reflexive":false,"is_separable":false,"rection":"","typingCore":"eröffnen","typingStandard":"eröffnen","typingTargetLang":"de-DE","typingTargetDir":"ltr","typingTargetLabel":"Wort"}	menschen-a2; a2		206
ma2-lu-0207	de-vocabulary	German	verb	Menschen A2	A2			ausverkaufen	همه موجودی را فروختن	Deutsch	فارسی	de-DE	fa-IR	front-core	[{"text":"Alles war ausverkauft.","lang":"de-DE","role":"example","label":"ma2-lu-0207-ex-001","order":1},{"text":"Everything was sold out.","lang":"en-US","role":"example","label":"translation:ma2-lu-0207-ex-001","order":2}]	[]	[]	[{"title":"Formen","items":["Präsens (3. Sg.): verkauft aus","Präteritum: verkaufte aus","Perfekt: hat ausverkauft","Hilfsverb: haben"]}]	{"entry_type":"verb","canonical_entry_type":"verb","learning_unit_id":"ma2-lu-0207","semantic_identity":"ma2-lu-0207","german_learning_contract":"gfp-german-learning-content@1.0.0","semantic_contract":"gfp-german-language-content@3.1.3","source_profile_id":"menschen-a2@2.1.0","german_definition":"","english":"","direction_policy":"language-pair","canonical_unit":{"id":"ma2-lu-0207","type":"verb","headword":"ausverkaufen","persian_meaning":"همه موجودی را فروختن","core":{"present_3sg":"verkauft aus","preterite_3sg":"verkaufte aus","perfect":"hat ausverkauft","auxiliary":"haben","reflexive":false,"separability":"separable"},"examples":[{"id":"ma2-lu-0207-ex-001","lang":"de-DE","text":"Alles war ausverkauft.","order":1,"translations":[{"lang":"fa-IR","text":"همه چیز فروخته شده بود."},{"lang":"en-US","text":"Everything was sold out."}]}],"metadata":{"dataset_id":"menschen-a2","unit_order":207,"tags":["menschen-a2","a2"]},"provenance":{"sources":[{"source_id":"menschen_a2_user_screenshots","source_kind":"course","what_was_verified":["orthography","persian_gloss","morphology","example_attestation"],"verification_status":"verified","locator":"screenshot-8:row-10;source-order=207","accessed_at":"2026-09-02","evidence_note":"Authoritative user-supplied source row. Raw German bundle: ausverkaufen, verkaufte aus, hat ausverkauft"},{"source_id":"assistant_translation_review","source_kind":"other","what_was_verified":["persian_example_translation","english_example_translation"],"verification_status":"verified","accessed_at":"2026-09-02","evidence_note":"Production translation generated and sense-alignment reviewed against the German example and canonical Persian meaning; this is internal production evidence, not an external lexicon claim."}]}},"present":"verkauft aus","preterite":"verkaufte aus","perfect":"hat ausverkauft","participle_ii":"","auxiliary":"haben","reflexive":false,"is_reflexive":false,"is_separable":true,"rection":"","typingCore":"ausverkaufen","typingStandard":"ausverkaufen","typingTargetLang":"de-DE","typingTargetDir":"ltr","typingTargetLabel":"Wort"}	menschen-a2; a2		207
ma2-lu-0208	de-vocabulary	German	verb	Menschen A2	A2			verpassen	از دست دادن، جا ماندن از	Deutsch	فارسی	de-DE	fa-IR	front-core	[{"text":"Er hat den Zug verpasst.","lang":"de-DE","role":"example","label":"ma2-lu-0208-ex-001","order":1},{"text":"He missed the train.","lang":"en-US","role":"example","label":"translation:ma2-lu-0208-ex-001","order":2}]	[]	[]	[{"title":"Formen","items":["Präsens (3. Sg.): verpasst","Präteritum: verpasste","Perfekt: hat verpasst","Hilfsverb: haben"]},{"title":"Grammar Notes","items":["Akkusativobjekt (Quellennotation)"]}]	{"entry_type":"verb","canonical_entry_type":"verb","learning_unit_id":"ma2-lu-0208","semantic_identity":"ma2-lu-0208","german_learning_contract":"gfp-german-learning-content@1.0.0","semantic_contract":"gfp-german-language-content@3.1.3","source_profile_id":"menschen-a2@2.1.0","german_definition":"","english":"","direction_policy":"language-pair","canonical_unit":{"id":"ma2-lu-0208","type":"verb","headword":"verpassen","persian_meaning":"از دست دادن، جا ماندن از","core":{"present_3sg":"verpasst","preterite_3sg":"verpasste","perfect":"hat verpasst","auxiliary":"haben","reflexive":false,"separability":"inseparable"},"examples":[{"id":"ma2-lu-0208-ex-001","lang":"de-DE","text":"Er hat den Zug verpasst.","order":1,"translations":[{"lang":"fa-IR","text":"او قطار را از دست داد."},{"lang":"en-US","text":"He missed the train."}]}],"metadata":{"dataset_id":"menschen-a2","unit_order":208,"tags":["menschen-a2","a2"]},"provenance":{"sources":[{"source_id":"menschen_a2_user_screenshots","source_kind":"course","what_was_verified":["orthography","persian_gloss","morphology","example_attestation"],"verification_status":"verified","locator":"screenshot-8:row-11;source-order=208","accessed_at":"2026-09-02","evidence_note":"Authoritative user-supplied source row. Raw German bundle: verpassen [+A], verpasst, verpasste, hat verpasst"},{"source_id":"assistant_translation_review","source_kind":"other","what_was_verified":["persian_example_translation","english_example_translation"],"verification_status":"verified","accessed_at":"2026-09-02","evidence_note":"Production translation generated and sense-alignment reviewed against the German example and canonical Persian meaning; this is internal production evidence, not an external lexicon claim."}]},"details":{"grammar_notes":["Akkusativobjekt (Quellennotation)"]}},"present":"verpasst","preterite":"verpasste","perfect":"hat verpasst","participle_ii":"","auxiliary":"haben","reflexive":false,"is_reflexive":false,"is_separable":false,"rection":"","typingCore":"verpassen","typingStandard":"verpassen","typingTargetLang":"de-DE","typingTargetDir":"ltr","typingTargetLabel":"Wort"}	menschen-a2; a2		208
ma2-lu-0209	de-vocabulary	German	verb	Menschen A2	A2			verlängern	تمدید یا طولانی کردن	Deutsch	فارسی	de-DE	fa-IR	front-core	[{"text":"Ich möchte meinen Aufenthalt verlängern.","lang":"de-DE","role":"example","label":"ma2-lu-0209-ex-001","order":1},{"text":"I would like to extend my stay.","lang":"en-US","role":"example","label":"translation:ma2-lu-0209-ex-001","order":2}]	[]	[]	[{"title":"Formen","items":["Präsens (3. Sg.): verlängert","Präteritum: verlängerte","Perfekt: hat verlängert","Hilfsverb: haben"]},{"title":"Grammar Notes","items":["Akkusativobjekt (Quellennotation)"]}]	{"entry_type":"verb","canonical_entry_type":"verb","learning_unit_id":"ma2-lu-0209","semantic_identity":"ma2-lu-0209","german_learning_contract":"gfp-german-learning-content@1.0.0","semantic_contract":"gfp-german-language-content@3.1.3","source_profile_id":"menschen-a2@2.1.0","german_definition":"","english":"","direction_policy":"language-pair","canonical_unit":{"id":"ma2-lu-0209","type":"verb","headword":"verlängern","persian_meaning":"تمدید یا طولانی کردن","core":{"present_3sg":"verlängert","preterite_3sg":"verlängerte","perfect":"hat verlängert","auxiliary":"haben","reflexive":false,"separability":"inseparable"},"examples":[{"id":"ma2-lu-0209-ex-001","lang":"de-DE","text":"Ich möchte meinen Aufenthalt verlängern.","order":1,"translations":[{"lang":"fa-IR","text":"می‌خواهم مدت اقامتم را تمدید کنم."},{"lang":"en-US","text":"I would like to extend my stay."}]}],"metadata":{"dataset_id":"menschen-a2","unit_order":209,"tags":["menschen-a2","a2"]},"provenance":{"sources":[{"source_id":"menschen_a2_user_screenshots","source_kind":"course","what_was_verified":["orthography","persian_gloss","morphology","example_attestation"],"verification_status":"verified","locator":"screenshot-8:row-12;source-order=209","accessed_at":"2026-09-02","evidence_note":"Authoritative user-supplied source row. Raw German bundle: verlängern [+A], verlängert, verlängerte, hat verlängert"},{"source_id":"assistant_translation_review","source_kind":"other","what_was_verified":["persian_example_translation","english_example_translation"],"verification_status":"verified","accessed_at":"2026-09-02","evidence_note":"Production translation generated and sense-alignment reviewed against the German example and canonical Persian meaning; this is internal production evidence, not an external lexicon claim."}]},"details":{"grammar_notes":["Akkusativobjekt (Quellennotation)"]}},"present":"verlängert","preterite":"verlängerte","perfect":"hat verlängert","participle_ii":"","auxiliary":"haben","reflexive":false,"is_reflexive":false,"is_separable":false,"rection":"","typingCore":"verlängern","typingStandard":"verlängern","typingTargetLang":"de-DE","typingTargetDir":"ltr","typingTargetLabel":"Wort"}	menschen-a2; a2		209
ma2-lu-0210	de-vocabulary	German	verb	Menschen A2	A2			weggehen	رفتن، ترک کردن	Deutsch	فارسی	de-DE	fa-IR	front-core	[{"text":"Ich gehe jetzt weg.","lang":"de-DE","role":"example","label":"ma2-lu-0210-ex-001","order":1},{"text":"I'm leaving now.","lang":"en-US","role":"example","label":"translation:ma2-lu-0210-ex-001","order":2}]	[]	[]	[{"title":"Formen","items":["Präsens (3. Sg.): geht weg","Präteritum: ging weg","Perfekt: ist weggegangen","Hilfsverb: sein"]}]	{"entry_type":"verb","canonical_entry_type":"verb","learning_unit_id":"ma2-lu-0210","semantic_identity":"ma2-lu-0210","german_learning_contract":"gfp-german-learning-content@1.0.0","semantic_contract":"gfp-german-language-content@3.1.3","source_profile_id":"menschen-a2@2.1.0","german_definition":"","english":"","direction_policy":"language-pair","canonical_unit":{"id":"ma2-lu-0210","type":"verb","headword":"weggehen","persian_meaning":"رفتن، ترک کردن","core":{"present_3sg":"geht weg","preterite_3sg":"ging weg","perfect":"ist weggegangen","auxiliary":"sein","reflexive":false,"separability":"separable"},"examples":[{"id":"ma2-lu-0210-ex-001","lang":"de-DE","text":"Ich gehe jetzt weg.","order":1,"translations":[{"lang":"fa-IR","text":"الان می‌روم."},{"lang":"en-US","text":"I'm leaving now."}]}],"metadata":{"dataset_id":"menschen-a2","unit_order":210,"tags":["menschen-a2","a2"]},"provenance":{"sources":[{"source_id":"menschen_a2_user_screenshots","source_kind":"course","what_was_verified":["orthography","persian_gloss","morphology","example_attestation"],"verification_status":"verified","locator":"screenshot-8:row-13;source-order=210","accessed_at":"2026-09-02","evidence_note":"Authoritative user-supplied source row. Raw German bundle: weggehen, geht weg, ging weg, ist weggegangen"},{"source_id":"assistant_translation_review","source_kind":"other","what_was_verified":["persian_example_translation","english_example_translation"],"verification_status":"verified","accessed_at":"2026-09-02","evidence_note":"Production translation generated and sense-alignment reviewed against the German example and canonical Persian meaning; this is internal production evidence, not an external lexicon claim."}]}},"present":"geht weg","preterite":"ging weg","perfect":"ist weggegangen","participle_ii":"","auxiliary":"sein","reflexive":false,"is_reflexive":false,"is_separable":true,"rection":"","typingCore":"weggehen","typingStandard":"weggehen","typingTargetLang":"de-DE","typingTargetDir":"ltr","typingTargetLabel":"Wort"}	menschen-a2; a2		210
ma2-lu-0211	de-vocabulary	German	verb	Menschen A2	A2			überzeugen	قانع یا متقاعد کردن	Deutsch	فارسی	de-DE	fa-IR	front-core	[{"text":"Dieses Argument überzeugt mich nicht.","lang":"de-DE","role":"example","label":"ma2-lu-0211-ex-001","order":1},{"text":"This argument doesn't convince me.","lang":"en-US","role":"example","label":"translation:ma2-lu-0211-ex-001","order":2}]	[]	[]	[{"title":"Formen","items":["Präsens (3. Sg.): überzeugt","Präteritum: überzeugte","Perfekt: hat überzeugt","Hilfsverb: haben"]},{"title":"Grammar Notes","items":["Akkusativobjekt (Quellennotation)"]}]	{"entry_type":"verb","canonical_entry_type":"verb","learning_unit_id":"ma2-lu-0211","semantic_identity":"ma2-lu-0211","german_learning_contract":"gfp-german-learning-content@1.0.0","semantic_contract":"gfp-german-language-content@3.1.3","source_profile_id":"menschen-a2@2.1.0","german_definition":"","english":"","direction_policy":"language-pair","canonical_unit":{"id":"ma2-lu-0211","type":"verb","headword":"überzeugen","persian_meaning":"قانع یا متقاعد کردن","core":{"present_3sg":"überzeugt","preterite_3sg":"überzeugte","perfect":"hat überzeugt","auxiliary":"haben","reflexive":false,"separability":"inseparable"},"examples":[{"id":"ma2-lu-0211-ex-001","lang":"de-DE","text":"Dieses Argument überzeugt mich nicht.","order":1,"translations":[{"lang":"fa-IR","text":"این استدلال من را قانع نمی‌کند."},{"lang":"en-US","text":"This argument doesn't convince me."}]}],"metadata":{"dataset_id":"menschen-a2","unit_order":211,"tags":["menschen-a2","a2"]},"provenance":{"sources":[{"source_id":"menschen_a2_user_screenshots","source_kind":"course","what_was_verified":["orthography","persian_gloss","morphology","example_attestation"],"verification_status":"verified","locator":"screenshot-8:row-14;source-order=211","accessed_at":"2026-09-02","evidence_note":"Authoritative user-supplied source row. Raw German bundle: überzeugen [+A], überzeugt, überzeugte, hat überzeugt / überreden"},{"source_id":"assistant_translation_review","source_kind":"other","what_was_verified":["persian_example_translation","english_example_translation"],"verification_status":"verified","accessed_at":"2026-09-02","evidence_note":"Production translation generated and sense-alignment reviewed against the German example and canonical Persian meaning; this is internal production evidence, not an external lexicon claim."}]},"details":{"grammar_notes":["Akkusativobjekt (Quellennotation)"]}},"present":"überzeugt","preterite":"überzeugte","perfect":"hat überzeugt","participle_ii":"","auxiliary":"haben","reflexive":false,"is_reflexive":false,"is_separable":false,"rection":"","typingCore":"überzeugen","typingStandard":"überzeugen","typingTargetLang":"de-DE","typingTargetDir":"ltr","typingTargetLabel":"Wort"}	menschen-a2; a2		211
ma2-lu-0212	de-vocabulary	German	verb	Menschen A2	A2			sich lohnen	ارزش داشتن، به‌صرفه بودن	Deutsch	فارسی	de-DE	fa-IR	front-core	[{"text":"Das Geschäft hat sich gelohnt. / das zahlte sich nicht aus","lang":"de-DE","role":"example","label":"ma2-lu-0212-ex-001","order":1},{"text":"The deal was worth it. / That didn't pay off.","lang":"en-US","role":"example","label":"translation:ma2-lu-0212-ex-001","order":2}]	[]	[]	[{"title":"Formen","items":["Präsens (3. Sg.): lohnt sich","Präteritum: lohnte sich","Perfekt: hat sich gelohnt","Hilfsverb: haben"]}]	{"entry_type":"verb","canonical_entry_type":"verb","learning_unit_id":"ma2-lu-0212","semantic_identity":"ma2-lu-0212","german_learning_contract":"gfp-german-learning-content@1.0.0","semantic_contract":"gfp-german-language-content@3.1.3","source_profile_id":"menschen-a2@2.1.0","german_definition":"","english":"","direction_policy":"language-pair","canonical_unit":{"id":"ma2-lu-0212","type":"verb","headword":"sich lohnen","persian_meaning":"ارزش داشتن، به‌صرفه بودن","core":{"present_3sg":"lohnt sich","preterite_3sg":"lohnte sich","perfect":"hat sich gelohnt","auxiliary":"haben","reflexive":true,"separability":"non_prefixed"},"examples":[{"id":"ma2-lu-0212-ex-001","lang":"de-DE","text":"Das Geschäft hat sich gelohnt. / das zahlte sich nicht aus","order":1,"translations":[{"lang":"fa-IR","text":"این معامله ارزشش را داشت. / آن کار به‌صرفه نبود."},{"lang":"en-US","text":"The deal was worth it. / That didn't pay off."}]}],"metadata":{"dataset_id":"menschen-a2","unit_order":212,"tags":["menschen-a2","a2"]},"provenance":{"sources":[{"source_id":"menschen_a2_user_screenshots","source_kind":"course","what_was_verified":["orthography","persian_gloss","morphology","example_attestation"],"verification_status":"verified","locator":"screenshot-8:row-15;source-order=212","accessed_at":"2026-09-02","evidence_note":"Authoritative user-supplied source row. Raw German bundle: sich lohnen, lohnt sich, lohnte sich, hat sich gelohnt / sich auszahlen"},{"source_id":"assistant_translation_review","source_kind":"other","what_was_verified":["persian_example_translation","english_example_translation"],"verification_status":"verified","accessed_at":"2026-09-02","evidence_note":"Production translation generated and sense-alignment reviewed against the German example and canonical Persian meaning; this is internal production evidence, not an external lexicon claim."}]}},"present":"lohnt sich","preterite":"lohnte sich","perfect":"hat sich gelohnt","participle_ii":"","auxiliary":"haben","reflexive":true,"is_reflexive":true,"is_separable":false,"rection":"","typingCore":"sich lohnen","typingStandard":"sich lohnen","typingTargetLang":"de-DE","typingTargetDir":"ltr","typingTargetLabel":"Wort"}	menschen-a2; a2		212
ma2-lu-0213	de-vocabulary	German	verb	Menschen A2	A2			versuchen	تلاش یا امتحان کردن، چشیدن	Deutsch	فارسی	de-DE	fa-IR	front-core	[{"text":"Versuchen Sie doch mal meinen Apfelkuchen.","lang":"de-DE","role":"example","label":"ma2-lu-0213-ex-001","order":1},{"text":"Try my apple cake.","lang":"en-US","role":"example","label":"translation:ma2-lu-0213-ex-001","order":2}]	[]	[]	[{"title":"Formen","items":["Präsens (3. Sg.): versucht","Präteritum: versuchte","Perfekt: hat versucht","Hilfsverb: haben"]},{"title":"Grammar Notes","items":["Akkusativobjekt (Quellennotation)"]}]	{"entry_type":"verb","canonical_entry_type":"verb","learning_unit_id":"ma2-lu-0213","semantic_identity":"ma2-lu-0213","german_learning_contract":"gfp-german-learning-content@1.0.0","semantic_contract":"gfp-german-language-content@3.1.3","source_profile_id":"menschen-a2@2.1.0","german_definition":"","english":"","direction_policy":"language-pair","canonical_unit":{"id":"ma2-lu-0213","type":"verb","headword":"versuchen","persian_meaning":"تلاش یا امتحان کردن، چشیدن","core":{"present_3sg":"versucht","preterite_3sg":"versuchte","perfect":"hat versucht","auxiliary":"haben","reflexive":false,"separability":"inseparable"},"examples":[{"id":"ma2-lu-0213-ex-001","lang":"de-DE","text":"Versuchen Sie doch mal meinen Apfelkuchen.","order":1,"translations":[{"lang":"fa-IR","text":"کیک سیب من را هم امتحان کنید."},{"lang":"en-US","text":"Try my apple cake."}]}],"metadata":{"dataset_id":"menschen-a2","unit_order":213,"tags":["menschen-a2","a2"]},"provenance":{"sources":[{"source_id":"menschen_a2_user_screenshots","source_kind":"course","what_was_verified":["orthography","persian_gloss","morphology","example_attestation"],"verification_status":"verified","locator":"screenshot-8:row-16;source-order=213","accessed_at":"2026-09-02","evidence_note":"Authoritative user-supplied source row. Raw German bundle: versuchen [+A], versucht, versuchte, hat versucht"},{"source_id":"assistant_translation_review","source_kind":"other","what_was_verified":["persian_example_translation","english_example_translation"],"verification_status":"verified","accessed_at":"2026-09-02","evidence_note":"Production translation generated and sense-alignment reviewed against the German example and canonical Persian meaning; this is internal production evidence, not an external lexicon claim."}]},"details":{"grammar_notes":["Akkusativobjekt (Quellennotation)"]}},"present":"versucht","preterite":"versuchte","perfect":"hat versucht","participle_ii":"","auxiliary":"haben","reflexive":false,"is_reflexive":false,"is_separable":false,"rection":"","typingCore":"versuchen","typingStandard":"versuchen","typingTargetLang":"de-DE","typingTargetDir":"ltr","typingTargetLabel":"Wort"}	menschen-a2; a2		213
ma2-lu-0214	de-vocabulary	German	phrase	Menschen A2	A2			sich versuchen (Akk.)	خود را در کاری امتحان کردن	Deutsch	فارسی	de-DE	fa-IR	front-core	[{"text":"Lass mich mal versuchen, ob der Schlüssel passt","lang":"de-DE","role":"example","label":"ma2-lu-0214-ex-001","order":1},{"text":"Let me try to see whether the key fits.","lang":"en-US","role":"example","label":"translation:ma2-lu-0214-ex-001","order":2}]	[]	[]	[]	{"entry_type":"phrase","canonical_entry_type":"phrase","learning_unit_id":"ma2-lu-0214","semantic_identity":"ma2-lu-0214","german_learning_contract":"gfp-german-learning-content@1.0.0","semantic_contract":"gfp-german-language-content@3.1.3","source_profile_id":"menschen-a2@2.1.0","german_definition":"","english":"","direction_policy":"language-pair","canonical_unit":{"id":"ma2-lu-0214","type":"phrase","headword":"sich versuchen (Akk.)","persian_meaning":"خود را در کاری امتحان کردن","core":{"structure":"sich versuchen (Akk.)"},"examples":[{"id":"ma2-lu-0214-ex-001","lang":"de-DE","text":"Lass mich mal versuchen, ob der Schlüssel passt","order":1,"translations":[{"lang":"fa-IR","text":"بگذار امتحان کنم ببینم کلید می‌خورد یا نه."},{"lang":"en-US","text":"Let me try to see whether the key fits."}]}],"metadata":{"dataset_id":"menschen-a2","unit_order":214,"tags":["menschen-a2","a2"]},"provenance":{"sources":[{"source_id":"menschen_a2_user_screenshots","source_kind":"course","what_was_verified":["orthography","persian_gloss","example_attestation"],"verification_status":"verified","locator":"screenshot-8:row-17;source-order=214","accessed_at":"2026-09-02","evidence_note":"Authoritative user-supplied source row. Raw German bundle: sich versuchen [+A]"},{"source_id":"assistant_translation_review","source_kind":"other","what_was_verified":["persian_example_translation","english_example_translation"],"verification_status":"verified","accessed_at":"2026-09-02","evidence_note":"Production translation generated and sense-alignment reviewed against the German example and canonical Persian meaning; this is internal production evidence, not an external lexicon claim."}]}}}	menschen-a2; a2		214
ma2-lu-0215	de-vocabulary	German	phrase	Menschen A2	A2			Recht/recht haben	حق داشتن	Deutsch	فارسی	de-DE	fa-IR	front-core	[{"text":"Sie haben völlig recht!","lang":"de-DE","role":"example","label":"ma2-lu-0215-ex-001","order":1},{"text":"You are absolutely right!","lang":"en-US","role":"example","label":"translation:ma2-lu-0215-ex-001","order":2}]	[]	[]	[]	{"entry_type":"phrase","canonical_entry_type":"phrase","learning_unit_id":"ma2-lu-0215","semantic_identity":"ma2-lu-0215","german_learning_contract":"gfp-german-learning-content@1.0.0","semantic_contract":"gfp-german-language-content@3.1.3","source_profile_id":"menschen-a2@2.1.0","german_definition":"","english":"","direction_policy":"language-pair","canonical_unit":{"id":"ma2-lu-0215","type":"phrase","headword":"Recht/recht haben","persian_meaning":"حق داشتن","core":{"structure":"Recht/recht haben"},"examples":[{"id":"ma2-lu-0215-ex-001","lang":"de-DE","text":"Sie haben völlig recht!","order":1,"translations":[{"lang":"fa-IR","text":"کاملاً حق با شماست!"},{"lang":"en-US","text":"You are absolutely right!"}]}],"metadata":{"dataset_id":"menschen-a2","unit_order":215,"tags":["menschen-a2","a2"]},"provenance":{"sources":[{"source_id":"menschen_a2_user_screenshots","source_kind":"course","what_was_verified":["orthography","persian_gloss","example_attestation"],"verification_status":"verified","locator":"screenshot-8:row-18;source-order=215","accessed_at":"2026-09-02","evidence_note":"Authoritative user-supplied source row. Raw German bundle: Recht/recht haben, hatte recht, hat recht gehabt"},{"source_id":"assistant_translation_review","source_kind":"other","what_was_verified":["persian_example_translation","english_example_translation"],"verification_status":"verified","accessed_at":"2026-09-02","evidence_note":"Production translation generated and sense-alignment reviewed against the German example and canonical Persian meaning; this is internal production evidence, not an external lexicon claim."}]}}}	menschen-a2; a2		215
ma2-lu-0216	de-vocabulary	German	verb	Menschen A2	A2			sich anhören	به نظر رسیدن، گوش دادن به	Deutsch	فارسی	de-DE	fa-IR	front-core	[{"text":"Der Plan hört sich gut an.","lang":"de-DE","role":"example","label":"ma2-lu-0216-ex-001","order":1},{"text":"The plan sounds good.","lang":"en-US","role":"example","label":"translation:ma2-lu-0216-ex-001","order":2}]	[]	[]	[{"title":"Formen","items":["Präsens (3. Sg.): hört sich an","Präteritum: hörte sich an","Perfekt: hat sich angehört","Hilfsverb: haben"]}]	{"entry_type":"verb","canonical_entry_type":"verb","learning_unit_id":"ma2-lu-0216","semantic_identity":"ma2-lu-0216","german_learning_contract":"gfp-german-learning-content@1.0.0","semantic_contract":"gfp-german-language-content@3.1.3","source_profile_id":"menschen-a2@2.1.0","german_definition":"","english":"","direction_policy":"language-pair","canonical_unit":{"id":"ma2-lu-0216","type":"verb","headword":"sich anhören","persian_meaning":"به نظر رسیدن، گوش دادن به","core":{"present_3sg":"hört sich an","preterite_3sg":"hörte sich an","perfect":"hat sich angehört","auxiliary":"haben","reflexive":true,"separability":"separable"},"examples":[{"id":"ma2-lu-0216-ex-001","lang":"de-DE","text":"Der Plan hört sich gut an.","order":1,"translations":[{"lang":"fa-IR","text":"این برنامه خوب به نظر می‌رسد."},{"lang":"en-US","text":"The plan sounds good."}]}],"metadata":{"dataset_id":"menschen-a2","unit_order":216,"tags":["menschen-a2","a2"]},"provenance":{"sources":[{"source_id":"menschen_a2_user_screenshots","source_kind":"course","what_was_verified":["orthography","persian_gloss","morphology"],"verification_status":"verified","locator":"screenshot-8:row-19;source-order=216","accessed_at":"2026-09-02","evidence_note":"Authoritative user-supplied source row. Raw German bundle: sich anhören, hörte sich an, hat sich angehört"},{"source_id":"assistant_pedagogical_example","source_kind":"generated","what_was_verified":[],"verification_status":"unverified","accessed_at":"2026-09-02","evidence_note":"Pedagogical German example added because the source row did not contain a usable example; generated content is reviewed by Stage 4 and is not represented as external attestation."},{"source_id":"assistant_translation_review","source_kind":"other","what_was_verified":["persian_example_translation","english_example_translation"],"verification_status":"verified","accessed_at":"2026-09-02","evidence_note":"Production translation generated and sense-alignment reviewed against the German example and canonical Persian meaning; this is internal production evidence, not an external lexicon claim."}]}},"present":"hört sich an","preterite":"hörte sich an","perfect":"hat sich angehört","participle_ii":"","auxiliary":"haben","reflexive":true,"is_reflexive":true,"is_separable":true,"rection":"","typingCore":"sich anhören","typingStandard":"sich anhören","typingTargetLang":"de-DE","typingTargetDir":"ltr","typingTargetLabel":"Wort"}	menschen-a2; a2		216
ma2-lu-0217	de-vocabulary	German	verb	Menschen A2	A2			einigen	متحد یا آشتی دادن	Deutsch	فارسی	de-DE	fa-IR	front-core	[{"text":"Ein geeinigtes Volk","lang":"de-DE","role":"example","label":"ma2-lu-0217-ex-001","order":1},{"text":"a united nation","lang":"en-US","role":"example","label":"translation:ma2-lu-0217-ex-001","order":2}]	[]	[]	[{"title":"Formen","items":["Präsens (3. Sg.): einigt","Präteritum: einigte","Perfekt: hat geeinigt","Hilfsverb: haben"]}]	{"entry_type":"verb","canonical_entry_type":"verb","learning_unit_id":"ma2-lu-0217","semantic_identity":"ma2-lu-0217","german_learning_contract":"gfp-german-learning-content@1.0.0","semantic_contract":"gfp-german-language-content@3.1.3","source_profile_id":"menschen-a2@2.1.0","german_definition":"","english":"","direction_policy":"language-pair","canonical_unit":{"id":"ma2-lu-0217","type":"verb","headword":"einigen","persian_meaning":"متحد یا آشتی دادن","core":{"present_3sg":"einigt","preterite_3sg":"einigte","perfect":"hat geeinigt","auxiliary":"haben","reflexive":false,"separability":"non_prefixed"},"examples":[{"id":"ma2-lu-0217-ex-001","lang":"de-DE","text":"Ein geeinigtes Volk","order":1,"translations":[{"lang":"fa-IR","text":"یک ملت متحد"},{"lang":"en-US","text":"a united nation"}]}],"metadata":{"dataset_id":"menschen-a2","unit_order":217,"tags":["menschen-a2","a2"]},"provenance":{"sources":[{"source_id":"menschen_a2_user_screenshots","source_kind":"course","what_was_verified":["orthography","persian_gloss","morphology","example_attestation"],"verification_status":"verified","locator":"screenshot-8:row-20;source-order=217","accessed_at":"2026-09-02","evidence_note":"Authoritative user-supplied source row. Raw German bundle: einigen, einigte, hat geeinigt"},{"source_id":"assistant_translation_review","source_kind":"other","what_was_verified":["persian_example_translation","english_example_translation"],"verification_status":"verified","accessed_at":"2026-09-02","evidence_note":"Production translation generated and sense-alignment reviewed against the German example and canonical Persian meaning; this is internal production evidence, not an external lexicon claim."}]}},"present":"einigt","preterite":"einigte","perfect":"hat geeinigt","participle_ii":"","auxiliary":"haben","reflexive":false,"is_reflexive":false,"is_separable":false,"rection":"","typingCore":"einigen","typingStandard":"einigen","typingTargetLang":"de-DE","typingTargetDir":"ltr","typingTargetLabel":"Wort"}	menschen-a2; a2		217
ma2-lu-0218	de-vocabulary	German	verb	Menschen A2	A2			sich einigen	به توافق رسیدن، متحد شدن	Deutsch	فارسی	de-DE	fa-IR	front-core	[{"text":"Sich dahin einigen, dass beide eingeladen werden","lang":"de-DE","role":"example","label":"ma2-lu-0218-ex-001","order":1},{"text":"to agree that both should be invited","lang":"en-US","role":"example","label":"translation:ma2-lu-0218-ex-001","order":2}]	[]	[]	[{"title":"Formen","items":["Präsens (3. Sg.): einigt sich","Präteritum: einigte sich","Perfekt: hat sich geeinigt","Hilfsverb: haben"]},{"title":"Grammar Notes","items":["Akkusativobjekt (Quellennotation)"]}]	{"entry_type":"verb","canonical_entry_type":"verb","learning_unit_id":"ma2-lu-0218","semantic_identity":"ma2-lu-0218","german_learning_contract":"gfp-german-learning-content@1.0.0","semantic_contract":"gfp-german-language-content@3.1.3","source_profile_id":"menschen-a2@2.1.0","german_definition":"","english":"","direction_policy":"language-pair","canonical_unit":{"id":"ma2-lu-0218","type":"verb","headword":"sich einigen","persian_meaning":"به توافق رسیدن، متحد شدن","core":{"present_3sg":"einigt sich","preterite_3sg":"einigte sich","perfect":"hat sich geeinigt","auxiliary":"haben","reflexive":true,"separability":"non_prefixed"},"examples":[{"id":"ma2-lu-0218-ex-001","lang":"de-DE","text":"Sich dahin einigen, dass beide eingeladen werden","order":1,"translations":[{"lang":"fa-IR","text":"به این توافق رسیدن که هر دو دعوت شوند"},{"lang":"en-US","text":"to agree that both should be invited"}]}],"metadata":{"dataset_id":"menschen-a2","unit_order":218,"tags":["menschen-a2","a2"]},"provenance":{"sources":[{"source_id":"menschen_a2_user_screenshots","source_kind":"course","what_was_verified":["orthography","persian_gloss","morphology","example_attestation"],"verification_status":"verified","locator":"screenshot-8:row-21;source-order=218","accessed_at":"2026-09-02","evidence_note":"Authoritative user-supplied source row. Raw German bundle: sich einigen [+A], einigt sich, einigte sich, hat sich geeinigt"},{"source_id":"assistant_translation_review","source_kind":"other","what_was_verified":["persian_example_translation","english_example_translation"],"verification_status":"verified","accessed_at":"2026-09-02","evidence_note":"Production translation generated and sense-alignment reviewed against the German example and canonical Persian meaning; this is internal production evidence, not an external lexicon claim."}]},"details":{"grammar_notes":["Akkusativobjekt (Quellennotation)"]}},"present":"einigt sich","preterite":"einigte sich","perfect":"hat sich geeinigt","participle_ii":"","auxiliary":"haben","reflexive":true,"is_reflexive":true,"is_separable":false,"rection":"","typingCore":"sich einigen","typingStandard":"sich einigen","typingTargetLang":"de-DE","typingTargetDir":"ltr","typingTargetLabel":"Wort"}	menschen-a2; a2		218
ma2-lu-0219	de-vocabulary	German	phrase	Menschen A2	A2			sich auf jdn./etw. einigen	بر سر کسی یا چیزی به توافق رسیدن	Deutsch	فارسی	de-DE	fa-IR	front-core	[{"text":"Sich auf einen Vergleich, über den Preis einigen","lang":"de-DE","role":"example","label":"ma2-lu-0219-ex-001","order":1},{"text":"to agree on a compromise or on the price","lang":"en-US","role":"example","label":"translation:ma2-lu-0219-ex-001","order":2}]	[]	[]	[]	{"entry_type":"phrase","canonical_entry_type":"phrase","learning_unit_id":"ma2-lu-0219","semantic_identity":"ma2-lu-0219","german_learning_contract":"gfp-german-learning-content@1.0.0","semantic_contract":"gfp-german-language-content@3.1.3","source_profile_id":"menschen-a2@2.1.0","german_definition":"","english":"","direction_policy":"language-pair","canonical_unit":{"id":"ma2-lu-0219","type":"phrase","headword":"sich auf jdn./etw. einigen","persian_meaning":"بر سر کسی یا چیزی به توافق رسیدن","core":{"structure":"sich auf jdn./etw. einigen"},"examples":[{"id":"ma2-lu-0219-ex-001","lang":"de-DE","text":"Sich auf einen Vergleich, über den Preis einigen","order":1,"translations":[{"lang":"fa-IR","text":"بر سر یک سازش یا قیمت به توافق رسیدن"},{"lang":"en-US","text":"to agree on a compromise or on the price"}]}],"metadata":{"dataset_id":"menschen-a2","unit_order":219,"tags":["menschen-a2","a2"]},"provenance":{"sources":[{"source_id":"menschen_a2_user_screenshots","source_kind":"course","what_was_verified":["orthography","persian_gloss","example_attestation"],"verification_status":"verified","locator":"screenshot-8:row-22;source-order=219","accessed_at":"2026-09-02","evidence_note":"Authoritative user-supplied source row. Raw German bundle: sichAkk. auf jdn./etw. einigen"},{"source_id":"assistant_translation_review","source_kind":"other","what_was_verified":["persian_example_translation","english_example_translation"],"verification_status":"verified","accessed_at":"2026-09-02","evidence_note":"Production translation generated and sense-alignment reviewed against the German example and canonical Persian meaning; this is internal production evidence, not an external lexicon claim."}]}}}	menschen-a2; a2		219
ma2-lu-0220	de-vocabulary	German	phrase	Menschen A2	A2			sich mit jdm. einigen	با کسی به توافق رسیدن	Deutsch	فارسی	de-DE	fa-IR	front-core	[{"text":"Sich mit jdm. über etw. einigen","lang":"de-DE","role":"example","label":"ma2-lu-0220-ex-001","order":1},{"text":"to reach an agreement with someone about something","lang":"en-US","role":"example","label":"translation:ma2-lu-0220-ex-001","order":2}]	[]	[]	[]	{"entry_type":"phrase","canonical_entry_type":"phrase","learning_unit_id":"ma2-lu-0220","semantic_identity":"ma2-lu-0220","german_learning_contract":"gfp-german-learning-content@1.0.0","semantic_contract":"gfp-german-language-content@3.1.3","source_profile_id":"menschen-a2@2.1.0","german_definition":"","english":"","direction_policy":"language-pair","canonical_unit":{"id":"ma2-lu-0220","type":"phrase","headword":"sich mit jdm. einigen","persian_meaning":"با کسی به توافق رسیدن","core":{"structure":"sich mit jdm. einigen"},"examples":[{"id":"ma2-lu-0220-ex-001","lang":"de-DE","text":"Sich mit jdm. über etw. einigen","order":1,"translations":[{"lang":"fa-IR","text":"با کسی درباره چیزی به توافق رسیدن"},{"lang":"en-US","text":"to reach an agreement with someone about something"}]}],"metadata":{"dataset_id":"menschen-a2","unit_order":220,"tags":["menschen-a2","a2"]},"provenance":{"sources":[{"source_id":"menschen_a2_user_screenshots","source_kind":"course","what_was_verified":["orthography","persian_gloss","example_attestation"],"verification_status":"verified","locator":"screenshot-8:row-23;source-order=220","accessed_at":"2026-09-02","evidence_note":"Authoritative user-supplied source row. Raw German bundle: sich mit jdm. einigen"},{"source_id":"assistant_translation_review","source_kind":"other","what_was_verified":["persian_example_translation","english_example_translation"],"verification_status":"verified","accessed_at":"2026-09-02","evidence_note":"Production translation generated and sense-alignment reviewed against the German example and canonical Persian meaning; this is internal production evidence, not an external lexicon claim."}]}}}	menschen-a2; a2		220
ma2-lu-0221	de-vocabulary	German	verb	Menschen A2	A2			begeistern	به هیجان آوردن، علاقه‌مند کردن	Deutsch	فارسی	de-DE	fa-IR	front-core	[{"text":"Er begeisterte die Zuhörer mit seiner Stimme","lang":"de-DE","role":"example","label":"ma2-lu-0221-ex-001","order":1},{"text":"He thrilled the listeners with his voice.","lang":"en-US","role":"example","label":"translation:ma2-lu-0221-ex-001","order":2}]	[]	[]	[{"title":"Formen","items":["Präsens (3. Sg.): begeistert","Präteritum: begeisterte","Perfekt: hat begeistert","Hilfsverb: haben"]},{"title":"Grammar Notes","items":["Akkusativobjekt (Quellennotation)"]}]	{"entry_type":"verb","canonical_entry_type":"verb","learning_unit_id":"ma2-lu-0221","semantic_identity":"ma2-lu-0221","german_learning_contract":"gfp-german-learning-content@1.0.0","semantic_contract":"gfp-german-language-content@3.1.3","source_profile_id":"menschen-a2@2.1.0","german_definition":"","english":"","direction_policy":"language-pair","canonical_unit":{"id":"ma2-lu-0221","type":"verb","headword":"begeistern","persian_meaning":"به هیجان آوردن، علاقه‌مند کردن","core":{"present_3sg":"begeistert","preterite_3sg":"begeisterte","perfect":"hat begeistert","auxiliary":"haben","reflexive":false,"separability":"inseparable"},"examples":[{"id":"ma2-lu-0221-ex-001","lang":"de-DE","text":"Er begeisterte die Zuhörer mit seiner Stimme","order":1,"translations":[{"lang":"fa-IR","text":"او با صدایش شنوندگان را به هیجان آورد."},{"lang":"en-US","text":"He thrilled the listeners with his voice."}]}],"metadata":{"dataset_id":"menschen-a2","unit_order":221,"tags":["menschen-a2","a2"]},"provenance":{"sources":[{"source_id":"menschen_a2_user_screenshots","source_kind":"course","what_was_verified":["orthography","persian_gloss","morphology","example_attestation"],"verification_status":"verified","locator":"screenshot-8:row-24;source-order=221","accessed_at":"2026-09-02","evidence_note":"Authoritative user-supplied source row. Raw German bundle: begeistern [+A], begeistert, begeisterte, hat begeistert"},{"source_id":"assistant_translation_review","source_kind":"other","what_was_verified":["persian_example_translation","english_example_translation"],"verification_status":"verified","accessed_at":"2026-09-02","evidence_note":"Production translation generated and sense-alignment reviewed against the German example and canonical Persian meaning; this is internal production evidence, not an external lexicon claim."}]},"details":{"grammar_notes":["Akkusativobjekt (Quellennotation)"]}},"present":"begeistert","preterite":"begeisterte","perfect":"hat begeistert","participle_ii":"","auxiliary":"haben","reflexive":false,"is_reflexive":false,"is_separable":false,"rection":"","typingCore":"begeistern","typingStandard":"begeistern","typingTargetLang":"de-DE","typingTargetDir":"ltr","typingTargetLabel":"Wort"}	menschen-a2; a2		221
ma2-lu-0222	de-vocabulary	German	phrase	Menschen A2	A2			sich begeistern (Akk.)	هیجان‌زده یا علاقه‌مند شدن	Deutsch	فارسی	de-DE	fa-IR	front-core	[{"text":"SichAkk. für etw.Akk. begeistern","lang":"de-DE","role":"example","label":"ma2-lu-0222-ex-001","order":1},{"text":"to become enthusiastic about something","lang":"en-US","role":"example","label":"translation:ma2-lu-0222-ex-001","order":2}]	[]	[]	[]	{"entry_type":"phrase","canonical_entry_type":"phrase","learning_unit_id":"ma2-lu-0222","semantic_identity":"ma2-lu-0222","german_learning_contract":"gfp-german-learning-content@1.0.0","semantic_contract":"gfp-german-language-content@3.1.3","source_profile_id":"menschen-a2@2.1.0","german_definition":"","english":"","direction_policy":"language-pair","canonical_unit":{"id":"ma2-lu-0222","type":"phrase","headword":"sich begeistern (Akk.)","persian_meaning":"هیجان‌زده یا علاقه‌مند شدن","core":{"structure":"sich begeistern (Akk.)"},"examples":[{"id":"ma2-lu-0222-ex-001","lang":"de-DE","text":"SichAkk. für etw.Akk. begeistern","order":1,"translations":[{"lang":"fa-IR","text":"به چیزی علاقه‌مند و هیجان‌زده شدن"},{"lang":"en-US","text":"to become enthusiastic about something"}]}],"metadata":{"dataset_id":"menschen-a2","unit_order":222,"tags":["menschen-a2","a2"]},"provenance":{"sources":[{"source_id":"menschen_a2_user_screenshots","source_kind":"course","what_was_verified":["orthography","persian_gloss","example_attestation"],"verification_status":"verified","locator":"screenshot-8:row-25;source-order=222","accessed_at":"2026-09-02","evidence_note":"Authoritative user-supplied source row. Raw German bundle: sich begeistern [+A] / in Begeisterung geraten"},{"source_id":"assistant_translation_review","source_kind":"other","what_was_verified":["persian_example_translation","english_example_translation"],"verification_status":"verified","accessed_at":"2026-09-02","evidence_note":"Production translation generated and sense-alignment reviewed against the German example and canonical Persian meaning; this is internal production evidence, not an external lexicon claim."}]}}}	menschen-a2; a2		222
ma2-lu-0223	de-vocabulary	German	phrase	Menschen A2	A2			jdn. für etw. begeistern	کسی را به چیزی علاقه‌مند کردن	Deutsch	فارسی	de-DE	fa-IR	front-core	[{"text":"Jemanden für eine Sache begeistern","lang":"de-DE","role":"example","label":"ma2-lu-0223-ex-001","order":1},{"text":"to get someone enthusiastic about something","lang":"en-US","role":"example","label":"translation:ma2-lu-0223-ex-001","order":2}]	[]	[]	[]	{"entry_type":"phrase","canonical_entry_type":"phrase","learning_unit_id":"ma2-lu-0223","semantic_identity":"ma2-lu-0223","german_learning_contract":"gfp-german-learning-content@1.0.0","semantic_contract":"gfp-german-language-content@3.1.3","source_profile_id":"menschen-a2@2.1.0","german_definition":"","english":"","direction_policy":"language-pair","canonical_unit":{"id":"ma2-lu-0223","type":"phrase","headword":"jdn. für etw. begeistern","persian_meaning":"کسی را به چیزی علاقه‌مند کردن","core":{"structure":"jdn. für etw. begeistern"},"examples":[{"id":"ma2-lu-0223-ex-001","lang":"de-DE","text":"Jemanden für eine Sache begeistern","order":1,"translations":[{"lang":"fa-IR","text":"کسی را به موضوعی علاقه‌مند کردن"},{"lang":"en-US","text":"to get someone enthusiastic about something"}]}],"metadata":{"dataset_id":"menschen-a2","unit_order":223,"tags":["menschen-a2","a2"]},"provenance":{"sources":[{"source_id":"menschen_a2_user_screenshots","source_kind":"course","what_was_verified":["orthography","persian_gloss","example_attestation"],"verification_status":"verified","locator":"screenshot-8:row-26;source-order=223","accessed_at":"2026-09-02","evidence_note":"Authoritative user-supplied source row. Raw German bundle: jdn. für etw. begeistern"},{"source_id":"assistant_translation_review","source_kind":"other","what_was_verified":["persian_example_translation","english_example_translation"],"verification_status":"verified","accessed_at":"2026-09-02","evidence_note":"Production translation generated and sense-alignment reviewed against the German example and canonical Persian meaning; this is internal production evidence, not an external lexicon claim."}]}}}	menschen-a2; a2		223
ma2-lu-0224	de-vocabulary	German	verb	Menschen A2	A2			zögern	مکث یا درنگ کردن	Deutsch	فارسی	de-DE	fa-IR	front-core	[{"text":"Er zögerte einen Moment, bevor er antwortete.","lang":"de-DE","role":"example","label":"ma2-lu-0224-ex-001","order":1},{"text":"He hesitated for a moment before answering.","lang":"en-US","role":"example","label":"translation:ma2-lu-0224-ex-001","order":2}]	[]	[]	[{"title":"Formen","items":["Präsens (3. Sg.): zögert","Präteritum: zögerte","Perfekt: hat gezögert","Hilfsverb: haben"]}]	{"entry_type":"verb","canonical_entry_type":"verb","learning_unit_id":"ma2-lu-0224","semantic_identity":"ma2-lu-0224","german_learning_contract":"gfp-german-learning-content@1.0.0","semantic_contract":"gfp-german-language-content@3.1.3","source_profile_id":"menschen-a2@2.1.0","german_definition":"","english":"","direction_policy":"language-pair","canonical_unit":{"id":"ma2-lu-0224","type":"verb","headword":"zögern","persian_meaning":"مکث یا درنگ کردن","core":{"present_3sg":"zögert","preterite_3sg":"zögerte","perfect":"hat gezögert","auxiliary":"haben","reflexive":false,"separability":"non_prefixed"},"examples":[{"id":"ma2-lu-0224-ex-001","lang":"de-DE","text":"Er zögerte einen Moment, bevor er antwortete.","order":1,"translations":[{"lang":"fa-IR","text":"پیش از پاسخ دادن لحظه‌ای مکث کرد."},{"lang":"en-US","text":"He hesitated for a moment before answering."}]}],"metadata":{"dataset_id":"menschen-a2","unit_order":224,"tags":["menschen-a2","a2"]},"provenance":{"sources":[{"source_id":"menschen_a2_user_screenshots","source_kind":"course","what_was_verified":["orthography","persian_gloss","morphology","example_attestation"],"verification_status":"verified","locator":"screenshot-8:row-27;source-order=224","accessed_at":"2026-09-02","evidence_note":"Authoritative user-supplied source row. Raw German bundle: zögern, zögert, zögerte, hat gezögert"},{"source_id":"assistant_translation_review","source_kind":"other","what_was_verified":["persian_example_translation","english_example_translation"],"verification_status":"verified","accessed_at":"2026-09-02","evidence_note":"Production translation generated and sense-alignment reviewed against the German example and canonical Persian meaning; this is internal production evidence, not an external lexicon claim."}]}},"present":"zögert","preterite":"zögerte","perfect":"hat gezögert","participle_ii":"","auxiliary":"haben","reflexive":false,"is_reflexive":false,"is_separable":false,"rection":"","typingCore":"zögern","typingStandard":"zögern","typingTargetLang":"de-DE","typingTargetDir":"ltr","typingTargetLabel":"Wort"}	menschen-a2; a2		224
ma2-lu-0225	de-vocabulary	German	verb	Menschen A2	A2			kritisieren	انتقاد کردن	Deutsch	فارسی	de-DE	fa-IR	front-core	[{"text":"Die Regierung in der Presse kritisieren","lang":"de-DE","role":"example","label":"ma2-lu-0225-ex-001","order":1},{"text":"to criticize the government in the press","lang":"en-US","role":"example","label":"translation:ma2-lu-0225-ex-001","order":2}]	[]	[]	[{"title":"Formen","items":["Präsens (3. Sg.): kritisiert","Präteritum: kritisierte","Perfekt: hat kritisiert","Hilfsverb: haben"]}]	{"entry_type":"verb","canonical_entry_type":"verb","learning_unit_id":"ma2-lu-0225","semantic_identity":"ma2-lu-0225","german_learning_contract":"gfp-german-learning-content@1.0.0","semantic_contract":"gfp-german-language-content@3.1.3","source_profile_id":"menschen-a2@2.1.0","german_definition":"","english":"","direction_policy":"language-pair","canonical_unit":{"id":"ma2-lu-0225","type":"verb","headword":"kritisieren","persian_meaning":"انتقاد کردن","core":{"present_3sg":"kritisiert","preterite_3sg":"kritisierte","perfect":"hat kritisiert","auxiliary":"haben","reflexive":false,"separability":"non_prefixed"},"examples":[{"id":"ma2-lu-0225-ex-001","lang":"de-DE","text":"Die Regierung in der Presse kritisieren","order":1,"translations":[{"lang":"fa-IR","text":"از دولت در مطبوعات انتقاد کردن"},{"lang":"en-US","text":"to criticize the government in the press"}]}],"metadata":{"dataset_id":"menschen-a2","unit_order":225,"tags":["menschen-a2","a2"]},"provenance":{"sources":[{"source_id":"menschen_a2_user_screenshots","source_kind":"course","what_was_verified":["orthography","persian_gloss","morphology","example_attestation"],"verification_status":"verified","locator":"screenshot-8:row-28;source-order=225","accessed_at":"2026-09-02","evidence_note":"Authoritative user-supplied source row. Raw German bundle: kritisieren, kritisiert, kritisierte, hat kritisiert"},{"source_id":"assistant_translation_review","source_kind":"other","what_was_verified":["persian_example_translation","english_example_translation"],"verification_status":"verified","accessed_at":"2026-09-02","evidence_note":"Production translation generated and sense-alignment reviewed against the German example and canonical Persian meaning; this is internal production evidence, not an external lexicon claim."}]}},"present":"kritisiert","preterite":"kritisierte","perfect":"hat kritisiert","participle_ii":"","auxiliary":"haben","reflexive":false,"is_reflexive":false,"is_separable":false,"rection":"","typingCore":"kritisieren","typingStandard":"kritisieren","typingTargetLang":"de-DE","typingTargetDir":"ltr","typingTargetLabel":"Wort"}	menschen-a2; a2		225
ma2-lu-0226	de-vocabulary	German	verb	Menschen A2	A2			vorlesen	با صدای بلند برای کسی خواندن	Deutsch	فارسی	de-DE	fa-IR	front-core	[{"text":"Kannst du mir eine Geschichte vorlesen?","lang":"de-DE","role":"example","label":"ma2-lu-0226-ex-001","order":1},{"text":"Can you read me a story aloud?","lang":"en-US","role":"example","label":"translation:ma2-lu-0226-ex-001","order":2}]	[]	[]	[{"title":"Formen","items":["Präsens (3. Sg.): liest vor","Präteritum: las vor","Perfekt: hat vorgelesen","Hilfsverb: haben"]},{"title":"Grammar Notes","items":["Dativ- und Akkusativobjekt (Quellennotation)"]}]	{"entry_type":"verb","canonical_entry_type":"verb","learning_unit_id":"ma2-lu-0226","semantic_identity":"ma2-lu-0226","german_learning_contract":"gfp-german-learning-content@1.0.0","semantic_contract":"gfp-german-language-content@3.1.3","source_profile_id":"menschen-a2@2.1.0","german_definition":"","english":"","direction_policy":"language-pair","canonical_unit":{"id":"ma2-lu-0226","type":"verb","headword":"vorlesen","persian_meaning":"با صدای بلند برای کسی خواندن","core":{"present_3sg":"liest vor","preterite_3sg":"las vor","perfect":"hat vorgelesen","auxiliary":"haben","reflexive":false,"separability":"separable"},"examples":[{"id":"ma2-lu-0226-ex-001","lang":"de-DE","text":"Kannst du mir eine Geschichte vorlesen?","order":1,"translations":[{"lang":"fa-IR","text":"می‌توانی یک داستان برایم با صدای بلند بخوانی؟"},{"lang":"en-US","text":"Can you read me a story aloud?"}]}],"metadata":{"dataset_id":"menschen-a2","unit_order":226,"tags":["menschen-a2","a2"]},"provenance":{"sources":[{"source_id":"menschen_a2_user_screenshots","source_kind":"course","what_was_verified":["orthography","persian_gloss","morphology","example_attestation"],"verification_status":"verified","locator":"screenshot-8:row-29;source-order=226","accessed_at":"2026-09-02","evidence_note":"Authoritative user-supplied source row. Raw German bundle: vorlesen [+D+A], liest vor, las vor, hat vorgelesen"},{"source_id":"assistant_translation_review","source_kind":"other","what_was_verified":["persian_example_translation","english_example_translation"],"verification_status":"verified","accessed_at":"2026-09-02","evidence_note":"Production translation generated and sense-alignment reviewed against the German example and canonical Persian meaning; this is internal production evidence, not an external lexicon claim."}]},"details":{"grammar_notes":["Dativ- und Akkusativobjekt (Quellennotation)"]}},"present":"liest vor","preterite":"las vor","perfect":"hat vorgelesen","participle_ii":"","auxiliary":"haben","reflexive":false,"is_reflexive":false,"is_separable":true,"rection":"","typingCore":"vorlesen","typingStandard":"vorlesen","typingTargetLang":"de-DE","typingTargetDir":"ltr","typingTargetLabel":"Wort"}	menschen-a2; a2		226
ma2-lu-0227	de-vocabulary	German	verb	Menschen A2	A2			sich beeilen	عجله کردن	Deutsch	فارسی	de-DE	fa-IR	front-core	[{"text":"Beeil doch bitte! Wir haben keine Zeit.","lang":"de-DE","role":"example","label":"ma2-lu-0227-ex-001","order":1},{"text":"Please hurry! We don't have time.","lang":"en-US","role":"example","label":"translation:ma2-lu-0227-ex-001","order":2}]	[]	[]	[{"title":"Formen","items":["Präsens (3. Sg.): beeilt sich","Präteritum: beeilte sich","Perfekt: hat sich beeilt","Hilfsverb: haben"]},{"title":"Grammar Notes","items":["Akkusativobjekt (Quellennotation)"]}]	{"entry_type":"verb","canonical_entry_type":"verb","learning_unit_id":"ma2-lu-0227","semantic_identity":"ma2-lu-0227","german_learning_contract":"gfp-german-learning-content@1.0.0","semantic_contract":"gfp-german-language-content@3.1.3","source_profile_id":"menschen-a2@2.1.0","german_definition":"","english":"","direction_policy":"language-pair","canonical_unit":{"id":"ma2-lu-0227","type":"verb","headword":"sich beeilen","persian_meaning":"عجله کردن","core":{"present_3sg":"beeilt sich","preterite_3sg":"beeilte sich","perfect":"hat sich beeilt","auxiliary":"haben","reflexive":true,"separability":"inseparable"},"examples":[{"id":"ma2-lu-0227-ex-001","lang":"de-DE","text":"Beeil doch bitte! Wir haben keine Zeit.","order":1,"translations":[{"lang":"fa-IR","text":"لطفاً عجله کن! وقت نداریم."},{"lang":"en-US","text":"Please hurry! We don't have time."}]}],"metadata":{"dataset_id":"menschen-a2","unit_order":227,"tags":["menschen-a2","a2"]},"provenance":{"sources":[{"source_id":"menschen_a2_user_screenshots","source_kind":"course","what_was_verified":["orthography","persian_gloss","morphology","example_attestation"],"verification_status":"verified","locator":"screenshot-8:row-30;source-order=227","accessed_at":"2026-09-02","evidence_note":"Authoritative user-supplied source row. Raw German bundle: sich beeilen [+A], beeilte sich, hat sich beeilt"},{"source_id":"assistant_translation_review","source_kind":"other","what_was_verified":["persian_example_translation","english_example_translation"],"verification_status":"verified","accessed_at":"2026-09-02","evidence_note":"Production translation generated and sense-alignment reviewed against the German example and canonical Persian meaning; this is internal production evidence, not an external lexicon claim."}]},"details":{"grammar_notes":["Akkusativobjekt (Quellennotation)"]}},"present":"beeilt sich","preterite":"beeilte sich","perfect":"hat sich beeilt","participle_ii":"","auxiliary":"haben","reflexive":true,"is_reflexive":true,"is_separable":false,"rection":"","typingCore":"sich beeilen","typingStandard":"sich beeilen","typingTargetLang":"de-DE","typingTargetDir":"ltr","typingTargetLabel":"Wort"}	menschen-a2; a2		227
ma2-lu-0228	de-vocabulary	German	verb	Menschen A2	A2			kriegen	گرفتن، دریافت کردن	Deutsch	فارسی	de-DE	fa-IR	front-core	[{"text":"Haben Sie meinen Brief gekriegt?","lang":"de-DE","role":"example","label":"ma2-lu-0228-ex-001","order":1},{"text":"Did you get my letter?","lang":"en-US","role":"example","label":"translation:ma2-lu-0228-ex-001","order":2}]	[]	[]	[{"title":"Formen","items":["Präsens (3. Sg.): kriegt","Präteritum: kriegte","Perfekt: hat gekriegt","Hilfsverb: haben"]},{"title":"Grammar Notes","items":["Akkusativobjekt (Quellennotation)"]}]	{"entry_type":"verb","canonical_entry_type":"verb","learning_unit_id":"ma2-lu-0228","semantic_identity":"ma2-lu-0228","german_learning_contract":"gfp-german-learning-content@1.0.0","semantic_contract":"gfp-german-language-content@3.1.3","source_profile_id":"menschen-a2@2.1.0","german_definition":"","english":"","direction_policy":"language-pair","canonical_unit":{"id":"ma2-lu-0228","type":"verb","headword":"kriegen","persian_meaning":"گرفتن، دریافت کردن","core":{"present_3sg":"kriegt","preterite_3sg":"kriegte","perfect":"hat gekriegt","auxiliary":"haben","reflexive":false,"separability":"non_prefixed"},"examples":[{"id":"ma2-lu-0228-ex-001","lang":"de-DE","text":"Haben Sie meinen Brief gekriegt?","order":1,"translations":[{"lang":"fa-IR","text":"نامه من را دریافت کردید؟"},{"lang":"en-US","text":"Did you get my letter?"}]}],"metadata":{"dataset_id":"menschen-a2","unit_order":228,"tags":["menschen-a2","a2"]},"provenance":{"sources":[{"source_id":"menschen_a2_user_screenshots","source_kind":"course","what_was_verified":["orthography","persian_gloss","morphology","example_attestation"],"verification_status":"verified","locator":"screenshot-8:row-31;source-order=228","accessed_at":"2026-09-02","evidence_note":"Authoritative user-supplied source row. Raw German bundle: kriegen [+A], kriegt, kriegte, hat gekriegt"},{"source_id":"assistant_translation_review","source_kind":"other","what_was_verified":["persian_example_translation","english_example_translation"],"verification_status":"verified","accessed_at":"2026-09-02","evidence_note":"Production translation generated and sense-alignment reviewed against the German example and canonical Persian meaning; this is internal production evidence, not an external lexicon claim."}]},"details":{"grammar_notes":["Akkusativobjekt (Quellennotation)"]}},"present":"kriegt","preterite":"kriegte","perfect":"hat gekriegt","participle_ii":"","auxiliary":"haben","reflexive":false,"is_reflexive":false,"is_separable":false,"rection":"","typingCore":"kriegen","typingStandard":"kriegen","typingTargetLang":"de-DE","typingTargetDir":"ltr","typingTargetLabel":"Wort"}	menschen-a2; a2		228
ma2-lu-0229	de-vocabulary	German	verb	Menschen A2	A2			begleiten	همراهی کردن	Deutsch	فارسی	de-DE	fa-IR	front-core	[{"text":"Ich begleite dich ein Stück.","lang":"de-DE","role":"example","label":"ma2-lu-0229-ex-001","order":1},{"text":"I'll accompany you for part of the way.","lang":"en-US","role":"example","label":"translation:ma2-lu-0229-ex-001","order":2}]	[]	[]	[{"title":"Formen","items":["Präsens (3. Sg.): begleitet","Präteritum: begleitete","Perfekt: hat begleitet","Hilfsverb: haben"]},{"title":"Grammar Notes","items":["Akkusativobjekt (Quellennotation)"]}]	{"entry_type":"verb","canonical_entry_type":"verb","learning_unit_id":"ma2-lu-0229","semantic_identity":"ma2-lu-0229","german_learning_contract":"gfp-german-learning-content@1.0.0","semantic_contract":"gfp-german-language-content@3.1.3","source_profile_id":"menschen-a2@2.1.0","german_definition":"","english":"","direction_policy":"language-pair","canonical_unit":{"id":"ma2-lu-0229","type":"verb","headword":"begleiten","persian_meaning":"همراهی کردن","core":{"present_3sg":"begleitet","preterite_3sg":"begleitete","perfect":"hat begleitet","auxiliary":"haben","reflexive":false,"separability":"inseparable"},"examples":[{"id":"ma2-lu-0229-ex-001","lang":"de-DE","text":"Ich begleite dich ein Stück.","order":1,"translations":[{"lang":"fa-IR","text":"کمی همراهت می‌آیم."},{"lang":"en-US","text":"I'll accompany you for part of the way."}]}],"metadata":{"dataset_id":"menschen-a2","unit_order":229,"tags":["menschen-a2","a2"]},"provenance":{"sources":[{"source_id":"menschen_a2_user_screenshots","source_kind":"course","what_was_verified":["orthography","persian_gloss","morphology","example_attestation"],"verification_status":"verified","locator":"screenshot-9:row-1;source-order=229","accessed_at":"2026-09-02","evidence_note":"Authoritative user-supplied source row. Raw German bundle: begleiten [+A], begleitet, begleitete, hat begleitet"},{"source_id":"assistant_translation_review","source_kind":"other","what_was_verified":["persian_example_translation","english_example_translation"],"verification_status":"verified","accessed_at":"2026-09-02","evidence_note":"Production translation generated and sense-alignment reviewed against the German example and canonical Persian meaning; this is internal production evidence, not an external lexicon claim."}]},"details":{"grammar_notes":["Akkusativobjekt (Quellennotation)"]}},"present":"begleitet","preterite":"begleitete","perfect":"hat begleitet","participle_ii":"","auxiliary":"haben","reflexive":false,"is_reflexive":false,"is_separable":false,"rection":"","typingCore":"begleiten","typingStandard":"begleiten","typingTargetLang":"de-DE","typingTargetDir":"ltr","typingTargetLabel":"Wort"}	menschen-a2; a2		229
ma2-lu-0230	de-vocabulary	German	phrase	Menschen A2	A2			jdn. nach Hause begleiten	کسی را تا خانه همراهی کردن	Deutsch	فارسی	de-DE	fa-IR	front-core	[{"text":"Möchtest du mich nach Hause begleiten?","lang":"de-DE","role":"example","label":"ma2-lu-0230-ex-001","order":1},{"text":"Would you like to walk me home?","lang":"en-US","role":"example","label":"translation:ma2-lu-0230-ex-001","order":2}]	[]	[]	[]	{"entry_type":"phrase","canonical_entry_type":"phrase","learning_unit_id":"ma2-lu-0230","semantic_identity":"ma2-lu-0230","german_learning_contract":"gfp-german-learning-content@1.0.0","semantic_contract":"gfp-german-language-content@3.1.3","source_profile_id":"menschen-a2@2.1.0","german_definition":"","english":"","direction_policy":"language-pair","canonical_unit":{"id":"ma2-lu-0230","type":"phrase","headword":"jdn. nach Hause begleiten","persian_meaning":"کسی را تا خانه همراهی کردن","core":{"structure":"jdn. nach Hause begleiten"},"examples":[{"id":"ma2-lu-0230-ex-001","lang":"de-DE","text":"Möchtest du mich nach Hause begleiten?","order":1,"translations":[{"lang":"fa-IR","text":"می‌خواهی من را تا خانه همراهی کنی؟"},{"lang":"en-US","text":"Would you like to walk me home?"}]}],"metadata":{"dataset_id":"menschen-a2","unit_order":230,"tags":["menschen-a2","a2"]},"provenance":{"sources":[{"source_id":"menschen_a2_user_screenshots","source_kind":"course","what_was_verified":["orthography","persian_gloss","example_attestation"],"verification_status":"verified","locator":"screenshot-9:row-2;source-order=230","accessed_at":"2026-09-02","evidence_note":"Authoritative user-supplied source row. Raw German bundle: jdn. nach Hause begleiten"},{"source_id":"assistant_translation_review","source_kind":"other","what_was_verified":["persian_example_translation","english_example_translation"],"verification_status":"verified","accessed_at":"2026-09-02","evidence_note":"Production translation generated and sense-alignment reviewed against the German example and canonical Persian meaning; this is internal production evidence, not an external lexicon claim."}]}}}	menschen-a2; a2		230
ma2-lu-0231	de-vocabulary	German	verb	Menschen A2	A2			zugeben	اعتراف یا اقرار کردن	Deutsch	فارسی	de-DE	fa-IR	front-core	[{"text":"Ich gebe zu, dass ich manchmal sehr unordentlich bin.","lang":"de-DE","role":"example","label":"ma2-lu-0231-ex-001","order":1},{"text":"I admit that I'm sometimes very untidy.","lang":"en-US","role":"example","label":"translation:ma2-lu-0231-ex-001","order":2}]	[]	[]	[{"title":"Formen","items":["Präsens (3. Sg.): gibt zu","Präteritum: gab zu","Perfekt: hat zugegeben","Hilfsverb: haben"]},{"title":"Grammar Notes","items":["Akkusativobjekt (Quellennotation)"]}]	{"entry_type":"verb","canonical_entry_type":"verb","learning_unit_id":"ma2-lu-0231","semantic_identity":"ma2-lu-0231","german_learning_contract":"gfp-german-learning-content@1.0.0","semantic_contract":"gfp-german-language-content@3.1.3","source_profile_id":"menschen-a2@2.1.0","german_definition":"","english":"","direction_policy":"language-pair","canonical_unit":{"id":"ma2-lu-0231","type":"verb","headword":"zugeben","persian_meaning":"اعتراف یا اقرار کردن","core":{"present_3sg":"gibt zu","preterite_3sg":"gab zu","perfect":"hat zugegeben","auxiliary":"haben","reflexive":false,"separability":"separable"},"examples":[{"id":"ma2-lu-0231-ex-001","lang":"de-DE","text":"Ich gebe zu, dass ich manchmal sehr unordentlich bin.","order":1,"translations":[{"lang":"fa-IR","text":"اعتراف می‌کنم که گاهی خیلی نامرتب هستم."},{"lang":"en-US","text":"I admit that I'm sometimes very untidy."}]}],"metadata":{"dataset_id":"menschen-a2","unit_order":231,"tags":["menschen-a2","a2"]},"provenance":{"sources":[{"source_id":"menschen_a2_user_screenshots","source_kind":"course","what_was_verified":["orthography","persian_gloss","morphology","example_attestation"],"verification_status":"verified","locator":"screenshot-9:row-3;source-order=231","accessed_at":"2026-09-02","evidence_note":"Authoritative user-supplied source row. Raw German bundle: zugeben [+A], gibt zu, gab zu, hat zugegeben / gestehen"},{"source_id":"assistant_translation_review","source_kind":"other","what_was_verified":["persian_example_translation","english_example_translation"],"verification_status":"verified","accessed_at":"2026-09-02","evidence_note":"Production translation generated and sense-alignment reviewed against the German example and canonical Persian meaning; this is internal production evidence, not an external lexicon claim."}]},"details":{"grammar_notes":["Akkusativobjekt (Quellennotation)"]}},"present":"gibt zu","preterite":"gab zu","perfect":"hat zugegeben","participle_ii":"","auxiliary":"haben","reflexive":false,"is_reflexive":false,"is_separable":true,"rection":"","typingCore":"zugeben","typingStandard":"zugeben","typingTargetLang":"de-DE","typingTargetDir":"ltr","typingTargetLabel":"Wort"}	menschen-a2; a2		231
ma2-lu-0232	de-vocabulary	German	verb	Menschen A2	A2			zitieren	نقل قول کردن	Deutsch	فارسی	de-DE	fa-IR	front-core	[{"text":"Der Lehrer zitierte aus dem Tagebuch des Autors.","lang":"de-DE","role":"example","label":"ma2-lu-0232-ex-001","order":1},{"text":"The teacher quoted from the author's diary.","lang":"en-US","role":"example","label":"translation:ma2-lu-0232-ex-001","order":2}]	[]	[]	[{"title":"Formen","items":["Präsens (3. Sg.): zitiert","Präteritum: zitierte","Perfekt: hat zitiert","Hilfsverb: haben"]},{"title":"Grammar Notes","items":["Akkusativobjekt (Quellennotation)"]}]	{"entry_type":"verb","canonical_entry_type":"verb","learning_unit_id":"ma2-lu-0232","semantic_identity":"ma2-lu-0232","german_learning_contract":"gfp-german-learning-content@1.0.0","semantic_contract":"gfp-german-language-content@3.1.3","source_profile_id":"menschen-a2@2.1.0","german_definition":"","english":"","direction_policy":"language-pair","canonical_unit":{"id":"ma2-lu-0232","type":"verb","headword":"zitieren","persian_meaning":"نقل قول کردن","core":{"present_3sg":"zitiert","preterite_3sg":"zitierte","perfect":"hat zitiert","auxiliary":"haben","reflexive":false,"separability":"non_prefixed"},"examples":[{"id":"ma2-lu-0232-ex-001","lang":"de-DE","text":"Der Lehrer zitierte aus dem Tagebuch des Autors.","order":1,"translations":[{"lang":"fa-IR","text":"معلم از دفتر خاطرات نویسنده نقل قول کرد."},{"lang":"en-US","text":"The teacher quoted from the author's diary."}]}],"metadata":{"dataset_id":"menschen-a2","unit_order":232,"tags":["menschen-a2","a2"]},"provenance":{"sources":[{"source_id":"menschen_a2_user_screenshots","source_kind":"course","what_was_verified":["orthography","persian_gloss","morphology","example_attestation"],"verification_status":"verified","locator":"screenshot-9:row-4;source-order=232","accessed_at":"2026-09-02","evidence_note":"Authoritative user-supplied source row. Raw German bundle: zitieren [+A], zitiert, zitierte, hat zitiert"},{"source_id":"assistant_translation_review","source_kind":"other","what_was_verified":["persian_example_translation","english_example_translation"],"verification_status":"verified","accessed_at":"2026-09-02","evidence_note":"Production translation generated and sense-alignment reviewed against the German example and canonical Persian meaning; this is internal production evidence, not an external lexicon claim."}]},"details":{"grammar_notes":["Akkusativobjekt (Quellennotation)"]}},"present":"zitiert","preterite":"zitierte","perfect":"hat zitiert","participle_ii":"","auxiliary":"haben","reflexive":false,"is_reflexive":false,"is_separable":false,"rection":"","typingCore":"zitieren","typingStandard":"zitieren","typingTargetLang":"de-DE","typingTargetDir":"ltr","typingTargetLabel":"Wort"}	menschen-a2; a2		232
ma2-lu-0233	de-vocabulary	German	verb	Menschen A2	A2			entkommen	فرار کردن، جان سالم به در بردن	Deutsch	فارسی	de-DE	fa-IR	front-core	[{"text":"Dem Tod entkommen","lang":"de-DE","role":"example","label":"ma2-lu-0233-ex-001","order":1},{"text":"to escape death","lang":"en-US","role":"example","label":"translation:ma2-lu-0233-ex-001","order":2}]	[]	[]	[{"title":"Formen","items":["Präsens (3. Sg.): entkommt","Präteritum: entkam","Perfekt: ist entkommen","Hilfsverb: sein"]},{"title":"Grammar Notes","items":["Dativobjekt (Quellennotation)"]}]	{"entry_type":"verb","canonical_entry_type":"verb","learning_unit_id":"ma2-lu-0233","semantic_identity":"ma2-lu-0233","german_learning_contract":"gfp-german-learning-content@1.0.0","semantic_contract":"gfp-german-language-content@3.1.3","source_profile_id":"menschen-a2@2.1.0","german_definition":"","english":"","direction_policy":"language-pair","canonical_unit":{"id":"ma2-lu-0233","type":"verb","headword":"entkommen","persian_meaning":"فرار کردن، جان سالم به در بردن","core":{"present_3sg":"entkommt","preterite_3sg":"entkam","perfect":"ist entkommen","auxiliary":"sein","reflexive":false,"separability":"inseparable"},"examples":[{"id":"ma2-lu-0233-ex-001","lang":"de-DE","text":"Dem Tod entkommen","order":1,"translations":[{"lang":"fa-IR","text":"از مرگ گریختن"},{"lang":"en-US","text":"to escape death"}]}],"metadata":{"dataset_id":"menschen-a2","unit_order":233,"tags":["menschen-a2","a2"]},"provenance":{"sources":[{"source_id":"menschen_a2_user_screenshots","source_kind":"course","what_was_verified":["orthography","persian_gloss","morphology","example_attestation"],"verification_status":"verified","locator":"screenshot-9:row-5;source-order=233","accessed_at":"2026-09-02","evidence_note":"Authoritative user-supplied source row. Raw German bundle: entkommen [+D], entkommt, entkam, ist entkommen"},{"source_id":"assistant_translation_review","source_kind":"other","what_was_verified":["persian_example_translation","english_example_translation"],"verification_status":"verified","accessed_at":"2026-09-02","evidence_note":"Production translation generated and sense-alignment reviewed against the German example and canonical Persian meaning; this is internal production evidence, not an external lexicon claim."}]},"details":{"grammar_notes":["Dativobjekt (Quellennotation)"]}},"present":"entkommt","preterite":"entkam","perfect":"ist entkommen","participle_ii":"","auxiliary":"sein","reflexive":false,"is_reflexive":false,"is_separable":false,"rection":"","typingCore":"entkommen","typingStandard":"entkommen","typingTargetLang":"de-DE","typingTargetDir":"ltr","typingTargetLabel":"Wort"}	menschen-a2; a2		233
ma2-lu-0234	de-vocabulary	German	verb	Menschen A2	A2			verfilmen	از چیزی فیلم ساختن	Deutsch	فارسی	de-DE	fa-IR	front-core	[{"text":"Aus etwas einen Film machen","lang":"de-DE","role":"example","label":"ma2-lu-0234-ex-001","order":1},{"text":"to make a film out of something","lang":"en-US","role":"example","label":"translation:ma2-lu-0234-ex-001","order":2}]	[]	[]	[{"title":"Formen","items":["Präsens (3. Sg.): verfilmt","Präteritum: verfilmte","Perfekt: hat verfilmt","Hilfsverb: haben"]},{"title":"Grammar Notes","items":["Akkusativobjekt (Quellennotation)"]}]	{"entry_type":"verb","canonical_entry_type":"verb","learning_unit_id":"ma2-lu-0234","semantic_identity":"ma2-lu-0234","german_learning_contract":"gfp-german-learning-content@1.0.0","semantic_contract":"gfp-german-language-content@3.1.3","source_profile_id":"menschen-a2@2.1.0","german_definition":"","english":"","direction_policy":"language-pair","canonical_unit":{"id":"ma2-lu-0234","type":"verb","headword":"verfilmen","persian_meaning":"از چیزی فیلم ساختن","core":{"present_3sg":"verfilmt","preterite_3sg":"verfilmte","perfect":"hat verfilmt","auxiliary":"haben","reflexive":false,"separability":"inseparable"},"examples":[{"id":"ma2-lu-0234-ex-001","lang":"de-DE","text":"Aus etwas einen Film machen","order":1,"translations":[{"lang":"fa-IR","text":"از چیزی فیلم ساختن"},{"lang":"en-US","text":"to make a film out of something"}]}],"metadata":{"dataset_id":"menschen-a2","unit_order":234,"tags":["menschen-a2","a2"]},"provenance":{"sources":[{"source_id":"menschen_a2_user_screenshots","source_kind":"course","what_was_verified":["orthography","persian_gloss","morphology","example_attestation"],"verification_status":"verified","locator":"screenshot-9:row-6;source-order=234","accessed_at":"2026-09-02","evidence_note":"Authoritative user-supplied source row. Raw German bundle: verfilmen [+A], verfilmte, hat verfilmt"},{"source_id":"assistant_translation_review","source_kind":"other","what_was_verified":["persian_example_translation","english_example_translation"],"verification_status":"verified","accessed_at":"2026-09-02","evidence_note":"Production translation generated and sense-alignment reviewed against the German example and canonical Persian meaning; this is internal production evidence, not an external lexicon claim."}]},"details":{"grammar_notes":["Akkusativobjekt (Quellennotation)"]}},"present":"verfilmt","preterite":"verfilmte","perfect":"hat verfilmt","participle_ii":"","auxiliary":"haben","reflexive":false,"is_reflexive":false,"is_separable":false,"rection":"","typingCore":"verfilmen","typingStandard":"verfilmen","typingTargetLang":"de-DE","typingTargetDir":"ltr","typingTargetLabel":"Wort"}	menschen-a2; a2		234
ma2-lu-0235	de-vocabulary	German	verb	Menschen A2	A2			sein	بودن	Deutsch	فارسی	de-DE	fa-IR	front-core	[{"text":"Das sind meine Kollegen.","lang":"de-DE","role":"example","label":"ma2-lu-0235-ex-001","order":1},{"text":"These are my colleagues.","lang":"en-US","role":"example","label":"translation:ma2-lu-0235-ex-001","order":2}]	[]	[]	[{"title":"Formen","items":["Präsens (3. Sg.): ist","Präteritum: war","Perfekt: ist gewesen","Hilfsverb: sein"]}]	{"entry_type":"verb","canonical_entry_type":"verb","learning_unit_id":"ma2-lu-0235","semantic_identity":"ma2-lu-0235","german_learning_contract":"gfp-german-learning-content@1.0.0","semantic_contract":"gfp-german-language-content@3.1.3","source_profile_id":"menschen-a2@2.1.0","german_definition":"","english":"","direction_policy":"language-pair","canonical_unit":{"id":"ma2-lu-0235","type":"verb","headword":"sein","persian_meaning":"بودن","core":{"present_3sg":"ist","preterite_3sg":"war","perfect":"ist gewesen","auxiliary":"sein","reflexive":false,"separability":"non_prefixed"},"examples":[{"id":"ma2-lu-0235-ex-001","lang":"de-DE","text":"Das sind meine Kollegen.","order":1,"translations":[{"lang":"fa-IR","text":"این‌ها همکاران من هستند."},{"lang":"en-US","text":"These are my colleagues."}]}],"metadata":{"dataset_id":"menschen-a2","unit_order":235,"tags":["menschen-a2","a2"]},"provenance":{"sources":[{"source_id":"menschen_a2_user_screenshots","source_kind":"course","what_was_verified":["orthography","persian_gloss","morphology","example_attestation"],"verification_status":"verified","locator":"screenshot-9:row-7;source-order=235","accessed_at":"2026-09-02","evidence_note":"Authoritative user-supplied source row. Raw German bundle: sein, ist, war, ist gewesen"},{"source_id":"assistant_translation_review","source_kind":"other","what_was_verified":["persian_example_translation","english_example_translation"],"verification_status":"verified","accessed_at":"2026-09-02","evidence_note":"Production translation generated and sense-alignment reviewed against the German example and canonical Persian meaning; this is internal production evidence, not an external lexicon claim."}]}},"present":"ist","preterite":"war","perfect":"ist gewesen","participle_ii":"","auxiliary":"sein","reflexive":false,"is_reflexive":false,"is_separable":false,"rection":"","typingCore":"sein","typingStandard":"sein","typingTargetLang":"de-DE","typingTargetDir":"ltr","typingTargetLabel":"Wort"}	menschen-a2; a2		235
ma2-lu-0236	de-vocabulary	German	phrase	Menschen A2	A2			jdn. zum Weinen bringen	کسی را به گریه انداختن	Deutsch	فارسی	de-DE	fa-IR	front-core	[{"text":"Es tut mir leid. Ich wollte dich nicht zum Weinen bringen.","lang":"de-DE","role":"example","label":"ma2-lu-0236-ex-001","order":1},{"text":"I'm sorry. I didn't mean to make you cry.","lang":"en-US","role":"example","label":"translation:ma2-lu-0236-ex-001","order":2}]	[]	[]	[]	{"entry_type":"phrase","canonical_entry_type":"phrase","learning_unit_id":"ma2-lu-0236","semantic_identity":"ma2-lu-0236","german_learning_contract":"gfp-german-learning-content@1.0.0","semantic_contract":"gfp-german-language-content@3.1.3","source_profile_id":"menschen-a2@2.1.0","german_definition":"","english":"","direction_policy":"language-pair","canonical_unit":{"id":"ma2-lu-0236","type":"phrase","headword":"jdn. zum Weinen bringen","persian_meaning":"کسی را به گریه انداختن","core":{"structure":"jdn. zum Weinen bringen"},"examples":[{"id":"ma2-lu-0236-ex-001","lang":"de-DE","text":"Es tut mir leid. Ich wollte dich nicht zum Weinen bringen.","order":1,"translations":[{"lang":"fa-IR","text":"متأسفم. نمی‌خواستم تو را به گریه بیندازم."},{"lang":"en-US","text":"I'm sorry. I didn't mean to make you cry."}]}],"metadata":{"dataset_id":"menschen-a2","unit_order":236,"tags":["menschen-a2","a2"]},"provenance":{"sources":[{"source_id":"menschen_a2_user_screenshots","source_kind":"course","what_was_verified":["orthography","persian_gloss","example_attestation"],"verification_status":"verified","locator":"screenshot-9:row-8;source-order=236","accessed_at":"2026-09-02","evidence_note":"Authoritative user-supplied source row. Raw German bundle: jdn. zum Weinen bringen"},{"source_id":"assistant_translation_review","source_kind":"other","what_was_verified":["persian_example_translation","english_example_translation"],"verification_status":"verified","accessed_at":"2026-09-02","evidence_note":"Production translation generated and sense-alignment reviewed against the German example and canonical Persian meaning; this is internal production evidence, not an external lexicon claim."}]}}}	menschen-a2; a2		236
ma2-lu-0237	de-vocabulary	German	verb	Menschen A2	A2			befehlen	دستور دادن، فرمان دادن	Deutsch	فارسی	de-DE	fa-IR	front-core	[{"text":"Du kannst uns nicht befehlen aufzuhören.","lang":"de-DE","role":"example","label":"ma2-lu-0237-ex-001","order":1},{"text":"You can't order us to stop.","lang":"en-US","role":"example","label":"translation:ma2-lu-0237-ex-001","order":2}]	[]	[]	[{"title":"Formen","items":["Präsens (3. Sg.): befiehlt","Präteritum: befahl","Perfekt: hat befohlen","Hilfsverb: haben"]}]	{"entry_type":"verb","canonical_entry_type":"verb","learning_unit_id":"ma2-lu-0237","semantic_identity":"ma2-lu-0237","german_learning_contract":"gfp-german-learning-content@1.0.0","semantic_contract":"gfp-german-language-content@3.1.3","source_profile_id":"menschen-a2@2.1.0","german_definition":"","english":"","direction_policy":"language-pair","canonical_unit":{"id":"ma2-lu-0237","type":"verb","headword":"befehlen","persian_meaning":"دستور دادن، فرمان دادن","core":{"present_3sg":"befiehlt","preterite_3sg":"befahl","perfect":"hat befohlen","auxiliary":"haben","reflexive":false,"separability":"inseparable"},"examples":[{"id":"ma2-lu-0237-ex-001","lang":"de-DE","text":"Du kannst uns nicht befehlen aufzuhören.","order":1,"translations":[{"lang":"fa-IR","text":"نمی‌توانی به ما دستور بدهی که دست برداریم."},{"lang":"en-US","text":"You can't order us to stop."}]}],"metadata":{"dataset_id":"menschen-a2","unit_order":237,"tags":["menschen-a2","a2"]},"provenance":{"sources":[{"source_id":"menschen_a2_user_screenshots","source_kind":"course","what_was_verified":["orthography","persian_gloss","morphology","example_attestation"],"verification_status":"verified","locator":"screenshot-9:row-9;source-order=237","accessed_at":"2026-09-02","evidence_note":"Authoritative user-supplied source row. Raw German bundle: befehlen, befiehlt, befahl, hat befohlen"},{"source_id":"assistant_translation_review","source_kind":"other","what_was_verified":["persian_example_translation","english_example_translation"],"verification_status":"verified","accessed_at":"2026-09-02","evidence_note":"Production translation generated and sense-alignment reviewed against the German example and canonical Persian meaning; this is internal production evidence, not an external lexicon claim."}]}},"present":"befiehlt","preterite":"befahl","perfect":"hat befohlen","participle_ii":"","auxiliary":"haben","reflexive":false,"is_reflexive":false,"is_separable":false,"rection":"","typingCore":"befehlen","typingStandard":"befehlen","typingTargetLang":"de-DE","typingTargetDir":"ltr","typingTargetLabel":"Wort"}	menschen-a2; a2		237
ma2-lu-0238	de-vocabulary	German	verb	Menschen A2	A2			sich bedienen	از چیزی برای خود برداشتن یا استفاده کردن	Deutsch	فارسی	de-DE	fa-IR	front-core	[{"text":"Morgens können Sie sich am Frühstückbuffet bedienen.","lang":"de-DE","role":"example","label":"ma2-lu-0238-ex-001","order":1},{"text":"In the mornings, you can help yourself at the breakfast buffet.","lang":"en-US","role":"example","label":"translation:ma2-lu-0238-ex-001","order":2}]	[]	[]	[{"title":"Formen","items":["Präsens (3. Sg.): bedient sich","Präteritum: bediente sich","Perfekt: hat sich bedient","Hilfsverb: haben"]},{"title":"Grammar Notes","items":["Akkusativobjekt (Quellennotation)"]}]	{"entry_type":"verb","canonical_entry_type":"verb","learning_unit_id":"ma2-lu-0238","semantic_identity":"ma2-lu-0238","german_learning_contract":"gfp-german-learning-content@1.0.0","semantic_contract":"gfp-german-language-content@3.1.3","source_profile_id":"menschen-a2@2.1.0","german_definition":"","english":"","direction_policy":"language-pair","canonical_unit":{"id":"ma2-lu-0238","type":"verb","headword":"sich bedienen","persian_meaning":"از چیزی برای خود برداشتن یا استفاده کردن","core":{"present_3sg":"bedient sich","preterite_3sg":"bediente sich","perfect":"hat sich bedient","auxiliary":"haben","reflexive":true,"separability":"inseparable"},"examples":[{"id":"ma2-lu-0238-ex-001","lang":"de-DE","text":"Morgens können Sie sich am Frühstückbuffet bedienen.","order":1,"translations":[{"lang":"fa-IR","text":"صبح‌ها می‌توانید در بوفه صبحانه خودتان غذا بردارید."},{"lang":"en-US","text":"In the mornings, you can help yourself at the breakfast buffet."}]}],"metadata":{"dataset_id":"menschen-a2","unit_order":238,"tags":["menschen-a2","a2"]},"provenance":{"sources":[{"source_id":"menschen_a2_user_screenshots","source_kind":"course","what_was_verified":["orthography","persian_gloss","morphology","example_attestation"],"verification_status":"verified","locator":"screenshot-9:row-10;source-order=238","accessed_at":"2026-09-02","evidence_note":"Authoritative user-supplied source row. Raw German bundle: sich bedienen [+A], bediente sich, hat sich bedient"},{"source_id":"assistant_translation_review","source_kind":"other","what_was_verified":["persian_example_translation","english_example_translation"],"verification_status":"verified","accessed_at":"2026-09-02","evidence_note":"Production translation generated and sense-alignment reviewed against the German example and canonical Persian meaning; this is internal production evidence, not an external lexicon claim."}]},"details":{"grammar_notes":["Akkusativobjekt (Quellennotation)"]}},"present":"bedient sich","preterite":"bediente sich","perfect":"hat sich bedient","participle_ii":"","auxiliary":"haben","reflexive":true,"is_reflexive":true,"is_separable":false,"rection":"","typingCore":"sich bedienen","typingStandard":"sich bedienen","typingTargetLang":"de-DE","typingTargetDir":"ltr","typingTargetLabel":"Wort"}	menschen-a2; a2		238
ma2-lu-0239	de-vocabulary	German	phrase	Menschen A2	A2			sich etw.Gen. bedienen	از چیزی استفاده کردن، چیزی را به کار بردن	Deutsch	فارسی	de-DE	fa-IR	front-core	[{"text":"Er bediente sich eines einfachen Tricks.","lang":"de-DE","role":"example","label":"ma2-lu-0239-ex-001","order":1},{"text":"He made use of a simple trick.","lang":"en-US","role":"example","label":"translation:ma2-lu-0239-ex-001","order":2}]	[]	[]	[]	{"entry_type":"phrase","canonical_entry_type":"phrase","learning_unit_id":"ma2-lu-0239","semantic_identity":"ma2-lu-0239","german_learning_contract":"gfp-german-learning-content@1.0.0","semantic_contract":"gfp-german-language-content@3.1.3","source_profile_id":"menschen-a2@2.1.0","german_definition":"","english":"","direction_policy":"language-pair","canonical_unit":{"id":"ma2-lu-0239","type":"phrase","headword":"sich etw.Gen. bedienen","persian_meaning":"از چیزی استفاده کردن، چیزی را به کار بردن","core":{"structure":"sich etw.Gen. bedienen"},"examples":[{"id":"ma2-lu-0239-ex-001","lang":"de-DE","text":"Er bediente sich eines einfachen Tricks.","order":1,"translations":[{"lang":"fa-IR","text":"او از یک ترفند ساده استفاده کرد."},{"lang":"en-US","text":"He made use of a simple trick."}]}],"metadata":{"dataset_id":"menschen-a2","unit_order":239,"tags":["menschen-a2","a2"]},"provenance":{"sources":[{"source_id":"menschen_a2_user_screenshots","source_kind":"course","what_was_verified":["orthography","persian_gloss"],"verification_status":"verified","locator":"screenshot-9:row-11;source-order=239","accessed_at":"2026-09-02","evidence_note":"Authoritative user-supplied source row. Raw German bundle: sich etw.Gen. bedienen"},{"source_id":"assistant_pedagogical_example","source_kind":"generated","what_was_verified":[],"verification_status":"unverified","accessed_at":"2026-09-02","evidence_note":"Pedagogical German example added because the source row did not contain a usable example; generated content is reviewed by Stage 4 and is not represented as external attestation."},{"source_id":"assistant_translation_review","source_kind":"other","what_was_verified":["persian_example_translation","english_example_translation"],"verification_status":"verified","accessed_at":"2026-09-02","evidence_note":"Production translation generated and sense-alignment reviewed against the German example and canonical Persian meaning; this is internal production evidence, not an external lexicon claim."}]}}}	menschen-a2; a2		239
ma2-lu-0240	de-vocabulary	German	verb	Menschen A2	A2			einbrechen	به زور وارد شدن، دزدی کردن	Deutsch	فارسی	de-DE	fa-IR	front-core	[{"text":"Jemand ist in unsere Wohnung eingebrochen.","lang":"de-DE","role":"example","label":"ma2-lu-0240-ex-001","order":1},{"text":"Someone broke into our apartment.","lang":"en-US","role":"example","label":"translation:ma2-lu-0240-ex-001","order":2}]	[]	[]	[{"title":"Formen","items":["Präsens (3. Sg.): bricht ein","Präteritum: brach ein","Perfekt: ist eingebrochen","Hilfsverb: sein"]}]	{"entry_type":"verb","canonical_entry_type":"verb","learning_unit_id":"ma2-lu-0240","semantic_identity":"ma2-lu-0240","german_learning_contract":"gfp-german-learning-content@1.0.0","semantic_contract":"gfp-german-language-content@3.1.3","source_profile_id":"menschen-a2@2.1.0","german_definition":"","english":"","direction_policy":"language-pair","canonical_unit":{"id":"ma2-lu-0240","type":"verb","headword":"einbrechen","persian_meaning":"به زور وارد شدن، دزدی کردن","core":{"present_3sg":"bricht ein","preterite_3sg":"brach ein","perfect":"ist eingebrochen","auxiliary":"sein","reflexive":false,"separability":"separable"},"examples":[{"id":"ma2-lu-0240-ex-001","lang":"de-DE","text":"Jemand ist in unsere Wohnung eingebrochen.","order":1,"translations":[{"lang":"fa-IR","text":"کسی به زور وارد خانه ما شده است."},{"lang":"en-US","text":"Someone broke into our apartment."}]}],"metadata":{"dataset_id":"menschen-a2","unit_order":240,"tags":["menschen-a2","a2"]},"provenance":{"sources":[{"source_id":"menschen_a2_user_screenshots","source_kind":"course","what_was_verified":["orthography","persian_gloss","morphology","example_attestation"],"verification_status":"verified","locator":"screenshot-9:row-12;source-order=240","accessed_at":"2026-09-02","evidence_note":"Authoritative user-supplied source row. Raw German bundle: einbrechen, bricht ein, brach ein, ist eingebrochen"},{"source_id":"assistant_translation_review","source_kind":"other","what_was_verified":["persian_example_translation","english_example_translation"],"verification_status":"verified","accessed_at":"2026-09-02","evidence_note":"Production translation generated and sense-alignment reviewed against the German example and canonical Persian meaning; this is internal production evidence, not an external lexicon claim."}]}},"present":"bricht ein","preterite":"brach ein","perfect":"ist eingebrochen","participle_ii":"","auxiliary":"sein","reflexive":false,"is_reflexive":false,"is_separable":true,"rection":"","typingCore":"einbrechen","typingStandard":"einbrechen","typingTargetLang":"de-DE","typingTargetDir":"ltr","typingTargetLabel":"Wort"}	menschen-a2; a2		240
ma2-lu-0241	de-vocabulary	German	verb	Menschen A2	A2			aufbrechen	باز کردن، شکستن، راه افتادن	Deutsch	فارسی	de-DE	fa-IR	front-core	[{"text":"Ich würde anfangen nachzudenken, bevor wir aufbrechen.","lang":"de-DE","role":"example","label":"ma2-lu-0241-ex-001","order":1},{"text":"I would start thinking before we set off.","lang":"en-US","role":"example","label":"translation:ma2-lu-0241-ex-001","order":2}]	[]	[]	[{"title":"Formen","items":["Präsens (3. Sg.): bricht auf","Präteritum: brach auf","Perfekt: hat aufgebrochen","Hilfsverb: haben"]}]	{"entry_type":"verb","canonical_entry_type":"verb","learning_unit_id":"ma2-lu-0241","semantic_identity":"ma2-lu-0241","german_learning_contract":"gfp-german-learning-content@1.0.0","semantic_contract":"gfp-german-language-content@3.1.3","source_profile_id":"menschen-a2@2.1.0","german_definition":"","english":"","direction_policy":"language-pair","canonical_unit":{"id":"ma2-lu-0241","type":"verb","headword":"aufbrechen","persian_meaning":"باز کردن، شکستن، راه افتادن","core":{"present_3sg":"bricht auf","preterite_3sg":"brach auf","perfect":"hat aufgebrochen","auxiliary":"haben","reflexive":false,"separability":"separable"},"examples":[{"id":"ma2-lu-0241-ex-001","lang":"de-DE","text":"Ich würde anfangen nachzudenken, bevor wir aufbrechen.","order":1,"translations":[{"lang":"fa-IR","text":"پیش از اینکه راه بیفتیم، کمی فکر می‌کنم."},{"lang":"en-US","text":"I would start thinking before we set off."}]}],"metadata":{"dataset_id":"menschen-a2","unit_order":241,"tags":["menschen-a2","a2"]},"provenance":{"sources":[{"source_id":"menschen_a2_user_screenshots","source_kind":"course","what_was_verified":["orthography","persian_gloss","morphology","example_attestation"],"verification_status":"verified","locator":"screenshot-9:row-13;source-order=241","accessed_at":"2026-09-02","evidence_note":"Authoritative user-supplied source row. Raw German bundle: aufbrechen, bricht auf, brach auf, hat aufgebrochen"},{"source_id":"assistant_translation_review","source_kind":"other","what_was_verified":["persian_example_translation","english_example_translation"],"verification_status":"verified","accessed_at":"2026-09-02","evidence_note":"Production translation generated and sense-alignment reviewed against the German example and canonical Persian meaning; this is internal production evidence, not an external lexicon claim."}]}},"present":"bricht auf","preterite":"brach auf","perfect":"hat aufgebrochen","participle_ii":"","auxiliary":"haben","reflexive":false,"is_reflexive":false,"is_separable":true,"rection":"","typingCore":"aufbrechen","typingStandard":"aufbrechen","typingTargetLang":"de-DE","typingTargetDir":"ltr","typingTargetLabel":"Wort"}	menschen-a2; a2		241
ma2-lu-0242	de-vocabulary	German	phrase	Menschen A2	A2			nach etw. (Dat.) aufbrechen	به سوی جایی راه افتادن	Deutsch	فارسی	de-DE	fa-IR	front-core	[{"text":"Wir brechen morgen nach Berlin auf.","lang":"de-DE","role":"example","label":"ma2-lu-0242-ex-001","order":1},{"text":"We are setting off for Berlin tomorrow.","lang":"en-US","role":"example","label":"translation:ma2-lu-0242-ex-001","order":2}]	[]	[]	[{"title":"Grammar Notes","items":["nach + Ortsangabe (Stadt, Land usw.)"]}]	{"entry_type":"phrase","canonical_entry_type":"phrase","learning_unit_id":"ma2-lu-0242","semantic_identity":"ma2-lu-0242","german_learning_contract":"gfp-german-learning-content@1.0.0","semantic_contract":"gfp-german-language-content@3.1.3","source_profile_id":"menschen-a2@2.1.0","german_definition":"","english":"","direction_policy":"language-pair","canonical_unit":{"id":"ma2-lu-0242","type":"phrase","headword":"nach etw. (Dat.) aufbrechen","persian_meaning":"به سوی جایی راه افتادن","core":{"structure":"nach etw. (Dat.) aufbrechen"},"examples":[{"id":"ma2-lu-0242-ex-001","lang":"de-DE","text":"Wir brechen morgen nach Berlin auf.","order":1,"translations":[{"lang":"fa-IR","text":"فردا به سمت برلین راه می‌افتیم."},{"lang":"en-US","text":"We are setting off for Berlin tomorrow."}]}],"metadata":{"dataset_id":"menschen-a2","unit_order":242,"tags":["menschen-a2","a2"]},"provenance":{"sources":[{"source_id":"menschen_a2_user_screenshots","source_kind":"course","what_was_verified":["orthography","persian_gloss","example_attestation"],"verification_status":"verified","locator":"screenshot-9:row-14;source-order=242","accessed_at":"2026-09-02","evidence_note":"Authoritative user-supplied source row. Raw German bundle: nach etw.Dat. aufbrechen Source right-column text 'nach: Stadt, Land etc.' is a usage note, not an example sentence; preserved as normalized grammar note."},{"source_id":"assistant_pedagogical_example","source_kind":"generated","what_was_verified":[],"verification_status":"unverified","accessed_at":"2026-09-02","evidence_note":"Pedagogical German example added because the source row did not contain a usable example; generated content is reviewed by Stage 4 and is not represented as external attestation."},{"source_id":"assistant_translation_review","source_kind":"other","what_was_verified":["persian_example_translation","english_example_translation"],"verification_status":"verified","accessed_at":"2026-09-02","evidence_note":"Production translation generated and sense-alignment reviewed against the German example and canonical Persian meaning; this is internal production evidence, not an external lexicon claim."}]},"details":{"grammar_notes":["nach + Ortsangabe (Stadt, Land usw.)"]}}}	menschen-a2; a2		242
ma2-lu-0243	de-vocabulary	German	verb	Menschen A2	A2			einschlagen	با ضربه شکستن یا کوبیدن	Deutsch	فارسی	de-DE	fa-IR	front-core	[{"text":"Der Einbrecher schlug die Scheibe ein.","lang":"de-DE","role":"example","label":"ma2-lu-0243-ex-001","order":1},{"text":"The burglar smashed the window.","lang":"en-US","role":"example","label":"translation:ma2-lu-0243-ex-001","order":2}]	[]	[]	[{"title":"Formen","items":["Präsens (3. Sg.): schlägt ein","Präteritum: schlug ein","Perfekt: hat eingeschlagen","Hilfsverb: haben"]},{"title":"Grammar Notes","items":["Akkusativobjekt (Quellennotation)"]}]	{"entry_type":"verb","canonical_entry_type":"verb","learning_unit_id":"ma2-lu-0243","semantic_identity":"ma2-lu-0243","german_learning_contract":"gfp-german-learning-content@1.0.0","semantic_contract":"gfp-german-language-content@3.1.3","source_profile_id":"menschen-a2@2.1.0","german_definition":"","english":"","direction_policy":"language-pair","canonical_unit":{"id":"ma2-lu-0243","type":"verb","headword":"einschlagen","persian_meaning":"با ضربه شکستن یا کوبیدن","core":{"present_3sg":"schlägt ein","preterite_3sg":"schlug ein","perfect":"hat eingeschlagen","auxiliary":"haben","reflexive":false,"separability":"separable"},"examples":[{"id":"ma2-lu-0243-ex-001","lang":"de-DE","text":"Der Einbrecher schlug die Scheibe ein.","order":1,"translations":[{"lang":"fa-IR","text":"دزد شیشه را شکست."},{"lang":"en-US","text":"The burglar smashed the window."}]}],"metadata":{"dataset_id":"menschen-a2","unit_order":243,"tags":["menschen-a2","a2"]},"provenance":{"sources":[{"source_id":"menschen_a2_user_screenshots","source_kind":"course","what_was_verified":["orthography","persian_gloss","morphology","example_attestation"],"verification_status":"verified","locator":"screenshot-9:row-15;source-order=243","accessed_at":"2026-09-02","evidence_note":"Authoritative user-supplied source row. Raw German bundle: einschlagen [+A], schlägt ein, schlug ein, hat eingeschlagen"},{"source_id":"assistant_translation_review","source_kind":"other","what_was_verified":["persian_example_translation","english_example_translation"],"verification_status":"verified","accessed_at":"2026-09-02","evidence_note":"Production translation generated and sense-alignment reviewed against the German example and canonical Persian meaning; this is internal production evidence, not an external lexicon claim."}]},"details":{"grammar_notes":["Akkusativobjekt (Quellennotation)"]}},"present":"schlägt ein","preterite":"schlug ein","perfect":"hat eingeschlagen","participle_ii":"","auxiliary":"haben","reflexive":false,"is_reflexive":false,"is_separable":true,"rection":"","typingCore":"einschlagen","typingStandard":"einschlagen","typingTargetLang":"de-DE","typingTargetDir":"ltr","typingTargetLabel":"Wort"}	menschen-a2; a2		243
ma2-lu-0244	de-vocabulary	German	verb	Menschen A2	A2			stehlen	دزدیدن	Deutsch	فارسی	de-DE	fa-IR	front-core	[{"text":"Er stiehlt mir nur meine Zeit.","lang":"de-DE","role":"example","label":"ma2-lu-0244-ex-001","order":1},{"text":"He only steals my time.","lang":"en-US","role":"example","label":"translation:ma2-lu-0244-ex-001","order":2}]	[]	[]	[{"title":"Formen","items":["Präsens (3. Sg.): stiehlt","Präteritum: stahl","Perfekt: hat gestohlen","Hilfsverb: haben"]},{"title":"Grammar Notes","items":["Akkusativobjekt; optionales Dativobjekt (Quellennotation)"]}]	{"entry_type":"verb","canonical_entry_type":"verb","learning_unit_id":"ma2-lu-0244","semantic_identity":"ma2-lu-0244","german_learning_contract":"gfp-german-learning-content@1.0.0","semantic_contract":"gfp-german-language-content@3.1.3","source_profile_id":"menschen-a2@2.1.0","german_definition":"","english":"","direction_policy":"language-pair","canonical_unit":{"id":"ma2-lu-0244","type":"verb","headword":"stehlen","persian_meaning":"دزدیدن","core":{"present_3sg":"stiehlt","preterite_3sg":"stahl","perfect":"hat gestohlen","auxiliary":"haben","reflexive":false,"separability":"non_prefixed"},"examples":[{"id":"ma2-lu-0244-ex-001","lang":"de-DE","text":"Er stiehlt mir nur meine Zeit.","order":1,"translations":[{"lang":"fa-IR","text":"او فقط وقت من را می‌دزدد."},{"lang":"en-US","text":"He only steals my time."}]}],"metadata":{"dataset_id":"menschen-a2","unit_order":244,"tags":["menschen-a2","a2"]},"provenance":{"sources":[{"source_id":"menschen_a2_user_screenshots","source_kind":"course","what_was_verified":["orthography","persian_gloss","morphology","example_attestation"],"verification_status":"verified","locator":"screenshot-9:row-16;source-order=244","accessed_at":"2026-09-02","evidence_note":"Authoritative user-supplied source row. Raw German bundle: stehlen [(+D)+A], stiehlt, stahl, hat gestohlen"},{"source_id":"assistant_translation_review","source_kind":"other","what_was_verified":["persian_example_translation","english_example_translation"],"verification_status":"verified","accessed_at":"2026-09-02","evidence_note":"Production translation generated and sense-alignment reviewed against the German example and canonical Persian meaning; this is internal production evidence, not an external lexicon claim."}]},"details":{"grammar_notes":["Akkusativobjekt; optionales Dativobjekt (Quellennotation)"]}},"present":"stiehlt","preterite":"stahl","perfect":"hat gestohlen","participle_ii":"","auxiliary":"haben","reflexive":false,"is_reflexive":false,"is_separable":false,"rection":"","typingCore":"stehlen","typingStandard":"stehlen","typingTargetLang":"de-DE","typingTargetDir":"ltr","typingTargetLabel":"Wort"}	menschen-a2; a2		244
ma2-lu-0245	de-vocabulary	German	verb	Menschen A2	A2			weglaufen	فرار کردن، دور شدن	Deutsch	فارسی	de-DE	fa-IR	front-core	[{"text":"(von / vor jdm./etw.) weglaufen","lang":"de-DE","role":"example","label":"ma2-lu-0245-ex-001","order":1},{"text":"to run away from someone or something","lang":"en-US","role":"example","label":"translation:ma2-lu-0245-ex-001","order":2}]	[]	[]	[{"title":"Formen","items":["Präsens (3. Sg.): er läuft weg","Präteritum: lief weg","Perfekt: ist weggelaufen","Hilfsverb: sein"]},{"title":"Grammar Notes","items":["Dativobjekt (Quellennotation)"]}]	{"entry_type":"verb","canonical_entry_type":"verb","learning_unit_id":"ma2-lu-0245","semantic_identity":"ma2-lu-0245","german_learning_contract":"gfp-german-learning-content@1.0.0","semantic_contract":"gfp-german-language-content@3.1.3","source_profile_id":"menschen-a2@2.1.0","german_definition":"","english":"","direction_policy":"language-pair","canonical_unit":{"id":"ma2-lu-0245","type":"verb","headword":"weglaufen","persian_meaning":"فرار کردن، دور شدن","core":{"present_3sg":"er läuft weg","preterite_3sg":"lief weg","perfect":"ist weggelaufen","auxiliary":"sein","reflexive":false,"separability":"separable"},"examples":[{"id":"ma2-lu-0245-ex-001","lang":"de-DE","text":"(von / vor jdm./etw.) weglaufen","order":1,"translations":[{"lang":"fa-IR","text":"از کسی یا چیزی فرار کردن"},{"lang":"en-US","text":"to run away from someone or something"}]}],"metadata":{"dataset_id":"menschen-a2","unit_order":245,"tags":["menschen-a2","a2"]},"provenance":{"sources":[{"source_id":"menschen_a2_user_screenshots","source_kind":"course","what_was_verified":["orthography","persian_gloss","morphology","example_attestation"],"verification_status":"verified","locator":"screenshot-9:row-17;source-order=245","accessed_at":"2026-09-02","evidence_note":"Authoritative user-supplied source row. Raw German bundle: weglaufen [+D], er läuft weg, lief weg, ist weggelaufen"},{"source_id":"assistant_translation_review","source_kind":"other","what_was_verified":["persian_example_translation","english_example_translation"],"verification_status":"verified","accessed_at":"2026-09-02","evidence_note":"Production translation generated and sense-alignment reviewed against the German example and canonical Persian meaning; this is internal production evidence, not an external lexicon claim."}]},"details":{"grammar_notes":["Dativobjekt (Quellennotation)"]}},"present":"er läuft weg","preterite":"lief weg","perfect":"ist weggelaufen","participle_ii":"","auxiliary":"sein","reflexive":false,"is_reflexive":false,"is_separable":true,"rection":"","typingCore":"weglaufen","typingStandard":"weglaufen","typingTargetLang":"de-DE","typingTargetDir":"ltr","typingTargetLabel":"Wort"}	menschen-a2; a2		245
ma2-lu-0246	de-vocabulary	German	verb	Menschen A2	A2			anfassen	لمس کردن، دست زدن	Deutsch	فارسی	de-DE	fa-IR	front-core	[{"text":"Fass das nicht an!","lang":"de-DE","role":"example","label":"ma2-lu-0246-ex-001","order":1},{"text":"Don't touch that!","lang":"en-US","role":"example","label":"translation:ma2-lu-0246-ex-001","order":2}]	[]	[]	[{"title":"Formen","items":["Präsens (3. Sg.): fasst an","Präteritum: fasste an","Perfekt: hat angefasst","Hilfsverb: haben"]},{"title":"Grammar Notes","items":["Akkusativobjekt (Quellennotation)"]}]	{"entry_type":"verb","canonical_entry_type":"verb","learning_unit_id":"ma2-lu-0246","semantic_identity":"ma2-lu-0246","german_learning_contract":"gfp-german-learning-content@1.0.0","semantic_contract":"gfp-german-language-content@3.1.3","source_profile_id":"menschen-a2@2.1.0","german_definition":"","english":"","direction_policy":"language-pair","canonical_unit":{"id":"ma2-lu-0246","type":"verb","headword":"anfassen","persian_meaning":"لمس کردن، دست زدن","core":{"present_3sg":"fasst an","preterite_3sg":"fasste an","perfect":"hat angefasst","auxiliary":"haben","reflexive":false,"separability":"separable"},"examples":[{"id":"ma2-lu-0246-ex-001","lang":"de-DE","text":"Fass das nicht an!","order":1,"translations":[{"lang":"fa-IR","text":"به آن دست نزن!"},{"lang":"en-US","text":"Don't touch that!"}]}],"metadata":{"dataset_id":"menschen-a2","unit_order":246,"tags":["menschen-a2","a2"]},"provenance":{"sources":[{"source_id":"menschen_a2_user_screenshots","source_kind":"course","what_was_verified":["orthography","persian_gloss","morphology","example_attestation"],"verification_status":"verified","locator":"screenshot-9:row-18;source-order=246","accessed_at":"2026-09-02","evidence_note":"Authoritative user-supplied source row. Raw German bundle: anfassen [+A], fasst an, fasste an, hat angefasst"},{"source_id":"assistant_translation_review","source_kind":"other","what_was_verified":["persian_example_translation","english_example_translation"],"verification_status":"verified","accessed_at":"2026-09-02","evidence_note":"Production translation generated and sense-alignment reviewed against the German example and canonical Persian meaning; this is internal production evidence, not an external lexicon claim."}]},"details":{"grammar_notes":["Akkusativobjekt (Quellennotation)"]}},"present":"fasst an","preterite":"fasste an","perfect":"hat angefasst","participle_ii":"","auxiliary":"haben","reflexive":false,"is_reflexive":false,"is_separable":true,"rection":"","typingCore":"anfassen","typingStandard":"anfassen","typingTargetLang":"de-DE","typingTargetDir":"ltr","typingTargetLabel":"Wort"}	menschen-a2; a2		246
ma2-lu-0247	de-vocabulary	German	verb	Menschen A2	A2			aufschließen	باز کردن قفل، فاصله را جبران کردن	Deutsch	فارسی	de-DE	fa-IR	front-core	[{"text":"Ein Schloss mit einem Schlüssel öffnen","lang":"de-DE","role":"example","label":"ma2-lu-0247-ex-001","order":1},{"text":"to open a lock with a key","lang":"en-US","role":"example","label":"translation:ma2-lu-0247-ex-001","order":2}]	[]	[]	[{"title":"Formen","items":["Präsens (3. Sg.): schließt auf","Präteritum: schloss auf","Perfekt: hat aufgeschlossen","Hilfsverb: haben"]}]	{"entry_type":"verb","canonical_entry_type":"verb","learning_unit_id":"ma2-lu-0247","semantic_identity":"ma2-lu-0247","german_learning_contract":"gfp-german-learning-content@1.0.0","semantic_contract":"gfp-german-language-content@3.1.3","source_profile_id":"menschen-a2@2.1.0","german_definition":"","english":"","direction_policy":"language-pair","canonical_unit":{"id":"ma2-lu-0247","type":"verb","headword":"aufschließen","persian_meaning":"باز کردن قفل، فاصله را جبران کردن","core":{"present_3sg":"schließt auf","preterite_3sg":"schloss auf","perfect":"hat aufgeschlossen","auxiliary":"haben","reflexive":false,"separability":"separable"},"examples":[{"id":"ma2-lu-0247-ex-001","lang":"de-DE","text":"Ein Schloss mit einem Schlüssel öffnen","order":1,"translations":[{"lang":"fa-IR","text":"قفل را با کلید باز کردن"},{"lang":"en-US","text":"to open a lock with a key"}]}],"metadata":{"dataset_id":"menschen-a2","unit_order":247,"tags":["menschen-a2","a2"]},"provenance":{"sources":[{"source_id":"menschen_a2_user_screenshots","source_kind":"course","what_was_verified":["orthography","persian_gloss","morphology","example_attestation"],"verification_status":"verified","locator":"screenshot-9:row-19;source-order=247","accessed_at":"2026-09-02","evidence_note":"Authoritative user-supplied source row. Raw German bundle: aufschließen, schloss auf, hat aufgeschlossen"},{"source_id":"assistant_translation_review","source_kind":"other","what_was_verified":["persian_example_translation","english_example_translation"],"verification_status":"verified","accessed_at":"2026-09-02","evidence_note":"Production translation generated and sense-alignment reviewed against the German example and canonical Persian meaning; this is internal production evidence, not an external lexicon claim."}]}},"present":"schließt auf","preterite":"schloss auf","perfect":"hat aufgeschlossen","participle_ii":"","auxiliary":"haben","reflexive":false,"is_reflexive":false,"is_separable":true,"rection":"","typingCore":"aufschließen","typingStandard":"aufschließen","typingTargetLang":"de-DE","typingTargetDir":"ltr","typingTargetLabel":"Wort"}	menschen-a2; a2		247
ma2-lu-0248	de-vocabulary	German	phrase	Menschen A2	A2			zu jdm. aufschließen	به کسی رسیدن و فاصله را جبران کردن	Deutsch	فارسی	de-DE	fa-IR	front-core	[{"text":"Sie werden eines Tages zu mir aufschließen.","lang":"de-DE","role":"example","label":"ma2-lu-0248-ex-001","order":1},{"text":"One day you will catch up with me.","lang":"en-US","role":"example","label":"translation:ma2-lu-0248-ex-001","order":2}]	[]	[]	[]	{"entry_type":"phrase","canonical_entry_type":"phrase","learning_unit_id":"ma2-lu-0248","semantic_identity":"ma2-lu-0248","german_learning_contract":"gfp-german-learning-content@1.0.0","semantic_contract":"gfp-german-language-content@3.1.3","source_profile_id":"menschen-a2@2.1.0","german_definition":"","english":"","direction_policy":"language-pair","canonical_unit":{"id":"ma2-lu-0248","type":"phrase","headword":"zu jdm. aufschließen","persian_meaning":"به کسی رسیدن و فاصله را جبران کردن","core":{"structure":"zu jdm. aufschließen"},"examples":[{"id":"ma2-lu-0248-ex-001","lang":"de-DE","text":"Sie werden eines Tages zu mir aufschließen.","order":1,"translations":[{"lang":"fa-IR","text":"روزی فاصله‌ات را با من جبران خواهی کرد."},{"lang":"en-US","text":"One day you will catch up with me."}]}],"metadata":{"dataset_id":"menschen-a2","unit_order":248,"tags":["menschen-a2","a2"]},"provenance":{"sources":[{"source_id":"menschen_a2_user_screenshots","source_kind":"course","what_was_verified":["orthography","persian_gloss","example_attestation"],"verification_status":"verified","locator":"screenshot-9:row-20;source-order=248","accessed_at":"2026-09-02","evidence_note":"Authoritative user-supplied source row. Raw German bundle: zu jdm. aufschließen"},{"source_id":"assistant_translation_review","source_kind":"other","what_was_verified":["persian_example_translation","english_example_translation"],"verification_status":"verified","accessed_at":"2026-09-02","evidence_note":"Production translation generated and sense-alignment reviewed against the German example and canonical Persian meaning; this is internal production evidence, not an external lexicon claim."}]}}}	menschen-a2; a2		248
ma2-lu-0249	de-vocabulary	German	verb	Menschen A2	A2			absperren	بستن، مسدود یا قفل کردن	Deutsch	فارسی	de-DE	fa-IR	front-core	[{"text":"Die Wohnungstür absperren","lang":"de-DE","role":"example","label":"ma2-lu-0249-ex-001","order":1},{"text":"to lock the apartment door","lang":"en-US","role":"example","label":"translation:ma2-lu-0249-ex-001","order":2}]	[]	[]	[{"title":"Formen","items":["Präsens (3. Sg.): sperrt ab","Präteritum: sperrte ab","Perfekt: hat abgesperrt","Hilfsverb: haben"]}]	{"entry_type":"verb","canonical_entry_type":"verb","learning_unit_id":"ma2-lu-0249","semantic_identity":"ma2-lu-0249","german_learning_contract":"gfp-german-learning-content@1.0.0","semantic_contract":"gfp-german-language-content@3.1.3","source_profile_id":"menschen-a2@2.1.0","german_definition":"","english":"","direction_policy":"language-pair","canonical_unit":{"id":"ma2-lu-0249","type":"verb","headword":"absperren","persian_meaning":"بستن، مسدود یا قفل کردن","core":{"present_3sg":"sperrt ab","preterite_3sg":"sperrte ab","perfect":"hat abgesperrt","auxiliary":"haben","reflexive":false,"separability":"separable"},"examples":[{"id":"ma2-lu-0249-ex-001","lang":"de-DE","text":"Die Wohnungstür absperren","order":1,"translations":[{"lang":"fa-IR","text":"درِ آپارتمان را قفل کردن"},{"lang":"en-US","text":"to lock the apartment door"}]}],"metadata":{"dataset_id":"menschen-a2","unit_order":249,"tags":["menschen-a2","a2"]},"provenance":{"sources":[{"source_id":"menschen_a2_user_screenshots","source_kind":"course","what_was_verified":["orthography","persian_gloss","morphology","example_attestation"],"verification_status":"verified","locator":"screenshot-9:row-21;source-order=249","accessed_at":"2026-09-02","evidence_note":"Authoritative user-supplied source row. Raw German bundle: absperren, sperrte ab, hat abgesperrt"},{"source_id":"assistant_translation_review","source_kind":"other","what_was_verified":["persian_example_translation","english_example_translation"],"verification_status":"verified","accessed_at":"2026-09-02","evidence_note":"Production translation generated and sense-alignment reviewed against the German example and canonical Persian meaning; this is internal production evidence, not an external lexicon claim."}]}},"present":"sperrt ab","preterite":"sperrte ab","perfect":"hat abgesperrt","participle_ii":"","auxiliary":"haben","reflexive":false,"is_reflexive":false,"is_separable":true,"rection":"","typingCore":"absperren","typingStandard":"absperren","typingTargetLang":"de-DE","typingTargetDir":"ltr","typingTargetLabel":"Wort"}	menschen-a2; a2		249
ma2-lu-0250	de-vocabulary	German	verb	Menschen A2	A2			aufsperren	باز کردن قفل	Deutsch	فارسی	de-DE	fa-IR	front-core	[{"text":"Alle Fenster aufsperren","lang":"de-DE","role":"example","label":"ma2-lu-0250-ex-001","order":1},{"text":"to unlock all the windows","lang":"en-US","role":"example","label":"translation:ma2-lu-0250-ex-001","order":2}]	[]	[]	[{"title":"Formen","items":["Präsens (3. Sg.): sperrt auf","Präteritum: sperrte auf","Perfekt: hat aufgesperrt","Hilfsverb: haben"]}]	{"entry_type":"verb","canonical_entry_type":"verb","learning_unit_id":"ma2-lu-0250","semantic_identity":"ma2-lu-0250","german_learning_contract":"gfp-german-learning-content@1.0.0","semantic_contract":"gfp-german-language-content@3.1.3","source_profile_id":"menschen-a2@2.1.0","german_definition":"","english":"","direction_policy":"language-pair","canonical_unit":{"id":"ma2-lu-0250","type":"verb","headword":"aufsperren","persian_meaning":"باز کردن قفل","core":{"present_3sg":"sperrt auf","preterite_3sg":"sperrte auf","perfect":"hat aufgesperrt","auxiliary":"haben","reflexive":false,"separability":"separable"},"examples":[{"id":"ma2-lu-0250-ex-001","lang":"de-DE","text":"Alle Fenster aufsperren","order":1,"translations":[{"lang":"fa-IR","text":"همه پنجره‌ها را باز کردن"},{"lang":"en-US","text":"to unlock all the windows"}]}],"metadata":{"dataset_id":"menschen-a2","unit_order":250,"tags":["menschen-a2","a2"]},"provenance":{"sources":[{"source_id":"menschen_a2_user_screenshots","source_kind":"course","what_was_verified":["orthography","persian_gloss","morphology","example_attestation"],"verification_status":"verified","locator":"screenshot-9:row-22;source-order=250","accessed_at":"2026-09-02","evidence_note":"Authoritative user-supplied source row. Raw German bundle: aufsperren, sperrte auf, hat aufgesperrt"},{"source_id":"assistant_translation_review","source_kind":"other","what_was_verified":["persian_example_translation","english_example_translation"],"verification_status":"verified","accessed_at":"2026-09-02","evidence_note":"Production translation generated and sense-alignment reviewed against the German example and canonical Persian meaning; this is internal production evidence, not an external lexicon claim."}]}},"present":"sperrt auf","preterite":"sperrte auf","perfect":"hat aufgesperrt","participle_ii":"","auxiliary":"haben","reflexive":false,"is_reflexive":false,"is_separable":true,"rection":"","typingCore":"aufsperren","typingStandard":"aufsperren","typingTargetLang":"de-DE","typingTargetDir":"ltr","typingTargetLabel":"Wort"}	menschen-a2; a2		250
ma2-lu-0251	de-vocabulary	German	verb	Menschen A2	A2			sperren	بستن، قفل یا مسدود کردن	Deutsch	فارسی	de-DE	fa-IR	front-core	[{"text":"Banken können die Konten ihrer Kunden sperren.","lang":"de-DE","role":"example","label":"ma2-lu-0251-ex-001","order":1},{"text":"Banks can block their customers' accounts.","lang":"en-US","role":"example","label":"translation:ma2-lu-0251-ex-001","order":2}]	[]	[]	[{"title":"Formen","items":["Präsens (3. Sg.): sperrt","Präteritum: sperrte","Perfekt: hat gesperrt","Hilfsverb: haben"]},{"title":"Grammar Notes","items":["Akkusativobjekt (Quellennotation)"]}]	{"entry_type":"verb","canonical_entry_type":"verb","learning_unit_id":"ma2-lu-0251","semantic_identity":"ma2-lu-0251","german_learning_contract":"gfp-german-learning-content@1.0.0","semantic_contract":"gfp-german-language-content@3.1.3","source_profile_id":"menschen-a2@2.1.0","german_definition":"","english":"","direction_policy":"language-pair","canonical_unit":{"id":"ma2-lu-0251","type":"verb","headword":"sperren","persian_meaning":"بستن، قفل یا مسدود کردن","core":{"present_3sg":"sperrt","preterite_3sg":"sperrte","perfect":"hat gesperrt","auxiliary":"haben","reflexive":false,"separability":"non_prefixed"},"examples":[{"id":"ma2-lu-0251-ex-001","lang":"de-DE","text":"Banken können die Konten ihrer Kunden sperren.","order":1,"translations":[{"lang":"fa-IR","text":"بانک‌ها می‌توانند حساب مشتریانشان را مسدود کنند."},{"lang":"en-US","text":"Banks can block their customers' accounts."}]}],"metadata":{"dataset_id":"menschen-a2","unit_order":251,"tags":["menschen-a2","a2"]},"provenance":{"sources":[{"source_id":"menschen_a2_user_screenshots","source_kind":"course","what_was_verified":["orthography","persian_gloss","morphology","example_attestation"],"verification_status":"verified","locator":"screenshot-9:row-23;source-order=251","accessed_at":"2026-09-02","evidence_note":"Authoritative user-supplied source row. Raw German bundle: sperren [+A], sperrt, sperrte, hat gesperrt"},{"source_id":"assistant_translation_review","source_kind":"other","what_was_verified":["persian_example_translation","english_example_translation"],"verification_status":"verified","accessed_at":"2026-09-02","evidence_note":"Production translation generated and sense-alignment reviewed against the German example and canonical Persian meaning; this is internal production evidence, not an external lexicon claim."}]},"details":{"grammar_notes":["Akkusativobjekt (Quellennotation)"]}},"present":"sperrt","preterite":"sperrte","perfect":"hat gesperrt","participle_ii":"","auxiliary":"haben","reflexive":false,"is_reflexive":false,"is_separable":false,"rection":"","typingCore":"sperren","typingStandard":"sperren","typingTargetLang":"de-DE","typingTargetDir":"ltr","typingTargetLabel":"Wort"}	menschen-a2; a2		251
ma2-lu-0252	de-vocabulary	German	verb	Menschen A2	A2			sichern	ایمن یا محکم کردن، ذخیره کردن	Deutsch	فارسی	de-DE	fa-IR	front-core	[{"text":"Natürlich müssen wir die Außengrenzen sichern.","lang":"de-DE","role":"example","label":"ma2-lu-0252-ex-001","order":1},{"text":"Of course we have to secure the external borders.","lang":"en-US","role":"example","label":"translation:ma2-lu-0252-ex-001","order":2}]	[]	[]	[{"title":"Formen","items":["Präsens (3. Sg.): sichert","Präteritum: sicherte","Perfekt: hat gesichert","Hilfsverb: haben"]}]	{"entry_type":"verb","canonical_entry_type":"verb","learning_unit_id":"ma2-lu-0252","semantic_identity":"ma2-lu-0252","german_learning_contract":"gfp-german-learning-content@1.0.0","semantic_contract":"gfp-german-language-content@3.1.3","source_profile_id":"menschen-a2@2.1.0","german_definition":"","english":"","direction_policy":"language-pair","canonical_unit":{"id":"ma2-lu-0252","type":"verb","headword":"sichern","persian_meaning":"ایمن یا محکم کردن، ذخیره کردن","core":{"present_3sg":"sichert","preterite_3sg":"sicherte","perfect":"hat gesichert","auxiliary":"haben","reflexive":false,"separability":"non_prefixed"},"examples":[{"id":"ma2-lu-0252-ex-001","lang":"de-DE","text":"Natürlich müssen wir die Außengrenzen sichern.","order":1,"translations":[{"lang":"fa-IR","text":"طبیعتاً باید مرزهای خارجی را ایمن کنیم."},{"lang":"en-US","text":"Of course we have to secure the external borders."}]}],"metadata":{"dataset_id":"menschen-a2","unit_order":252,"tags":["menschen-a2","a2"]},"provenance":{"sources":[{"source_id":"menschen_a2_user_screenshots","source_kind":"course","what_was_verified":["orthography","persian_gloss","morphology","example_attestation"],"verification_status":"verified","locator":"screenshot-9:row-24;source-order=252","accessed_at":"2026-09-02","evidence_note":"Authoritative user-supplied source row. Raw German bundle: sichern, sichert, sicherte, hat gesichert"},{"source_id":"assistant_translation_review","source_kind":"other","what_was_verified":["persian_example_translation","english_example_translation"],"verification_status":"verified","accessed_at":"2026-09-02","evidence_note":"Production translation generated and sense-alignment reviewed against the German example and canonical Persian meaning; this is internal production evidence, not an external lexicon claim."}]}},"present":"sichert","preterite":"sicherte","perfect":"hat gesichert","participle_ii":"","auxiliary":"haben","reflexive":false,"is_reflexive":false,"is_separable":false,"rection":"","typingCore":"sichern","typingStandard":"sichern","typingTargetLang":"de-DE","typingTargetDir":"ltr","typingTargetLabel":"Wort"}	menschen-a2; a2		252
ma2-lu-0253	de-vocabulary	German	verb	Menschen A2	A2			einbauen	نصب یا جاسازی کردن	Deutsch	فارسی	de-DE	fa-IR	front-core	[{"text":"Er hat den Schrank in der Wand eingebaut.","lang":"de-DE","role":"example","label":"ma2-lu-0253-ex-001","order":1},{"text":"He installed the cupboard in the wall.","lang":"en-US","role":"example","label":"translation:ma2-lu-0253-ex-001","order":2}]	[]	[]	[{"title":"Formen","items":["Präsens (3. Sg.): baut ein","Präteritum: baute ein","Perfekt: hat eingebaut","Hilfsverb: haben"]},{"title":"Grammar Notes","items":["Akkusativobjekt (Quellennotation)"]}]	{"entry_type":"verb","canonical_entry_type":"verb","learning_unit_id":"ma2-lu-0253","semantic_identity":"ma2-lu-0253","german_learning_contract":"gfp-german-learning-content@1.0.0","semantic_contract":"gfp-german-language-content@3.1.3","source_profile_id":"menschen-a2@2.1.0","german_definition":"","english":"","direction_policy":"language-pair","canonical_unit":{"id":"ma2-lu-0253","type":"verb","headword":"einbauen","persian_meaning":"نصب یا جاسازی کردن","core":{"present_3sg":"baut ein","preterite_3sg":"baute ein","perfect":"hat eingebaut","auxiliary":"haben","reflexive":false,"separability":"separable"},"examples":[{"id":"ma2-lu-0253-ex-001","lang":"de-DE","text":"Er hat den Schrank in der Wand eingebaut.","order":1,"translations":[{"lang":"fa-IR","text":"او کمد را داخل دیوار نصب کرده است."},{"lang":"en-US","text":"He installed the cupboard in the wall."}]}],"metadata":{"dataset_id":"menschen-a2","unit_order":253,"tags":["menschen-a2","a2"]},"provenance":{"sources":[{"source_id":"menschen_a2_user_screenshots","source_kind":"course","what_was_verified":["orthography","persian_gloss","morphology","example_attestation"],"verification_status":"verified","locator":"screenshot-9:row-25;source-order=253","accessed_at":"2026-09-02","evidence_note":"Authoritative user-supplied source row. Raw German bundle: einbauen [+A], baut ein, baute ein, hat eingebaut"},{"source_id":"assistant_translation_review","source_kind":"other","what_was_verified":["persian_example_translation","english_example_translation"],"verification_status":"verified","accessed_at":"2026-09-02","evidence_note":"Production translation generated and sense-alignment reviewed against the German example and canonical Persian meaning; this is internal production evidence, not an external lexicon claim."}]},"details":{"grammar_notes":["Akkusativobjekt (Quellennotation)"]}},"present":"baut ein","preterite":"baute ein","perfect":"hat eingebaut","participle_ii":"","auxiliary":"haben","reflexive":false,"is_reflexive":false,"is_separable":true,"rection":"","typingCore":"einbauen","typingStandard":"einbauen","typingTargetLang":"de-DE","typingTargetDir":"ltr","typingTargetLabel":"Wort"}	menschen-a2; a2		253
ma2-lu-0254	de-vocabulary	German	verb	Menschen A2	A2			brennen	سوختن، آتش گرفتن	Deutsch	فارسی	de-DE	fa-IR	front-core	[{"text":"Nach dem Unfall brannte das ganze Auto.","lang":"de-DE","role":"example","label":"ma2-lu-0254-ex-001","order":1},{"text":"After the accident, the whole car was on fire.","lang":"en-US","role":"example","label":"translation:ma2-lu-0254-ex-001","order":2}]	[]	[]	[{"title":"Formen","items":["Präsens (3. Sg.): brennt","Präteritum: brannte","Perfekt: hat gebrannt","Hilfsverb: haben"]}]	{"entry_type":"verb","canonical_entry_type":"verb","learning_unit_id":"ma2-lu-0254","semantic_identity":"ma2-lu-0254","german_learning_contract":"gfp-german-learning-content@1.0.0","semantic_contract":"gfp-german-language-content@3.1.3","source_profile_id":"menschen-a2@2.1.0","german_definition":"","english":"","direction_policy":"language-pair","canonical_unit":{"id":"ma2-lu-0254","type":"verb","headword":"brennen","persian_meaning":"سوختن، آتش گرفتن","core":{"present_3sg":"brennt","preterite_3sg":"brannte","perfect":"hat gebrannt","auxiliary":"haben","reflexive":false,"separability":"non_prefixed"},"examples":[{"id":"ma2-lu-0254-ex-001","lang":"de-DE","text":"Nach dem Unfall brannte das ganze Auto.","order":1,"translations":[{"lang":"fa-IR","text":"پس از تصادف، کل ماشین آتش گرفت."},{"lang":"en-US","text":"After the accident, the whole car was on fire."}]}],"metadata":{"dataset_id":"menschen-a2","unit_order":254,"tags":["menschen-a2","a2"]},"provenance":{"sources":[{"source_id":"menschen_a2_user_screenshots","source_kind":"course","what_was_verified":["orthography","persian_gloss","morphology","example_attestation"],"verification_status":"verified","locator":"screenshot-9:row-26;source-order=254","accessed_at":"2026-09-02","evidence_note":"Authoritative user-supplied source row. Raw German bundle: brennen, brennt, brannte, hat gebrannt"},{"source_id":"assistant_translation_review","source_kind":"other","what_was_verified":["persian_example_translation","english_example_translation"],"verification_status":"verified","accessed_at":"2026-09-02","evidence_note":"Production translation generated and sense-alignment reviewed against the German example and canonical Persian meaning; this is internal production evidence, not an external lexicon claim."}]}},"present":"brennt","preterite":"brannte","perfect":"hat gebrannt","participle_ii":"","auxiliary":"haben","reflexive":false,"is_reflexive":false,"is_separable":false,"rection":"","typingCore":"brennen","typingStandard":"brennen","typingTargetLang":"de-DE","typingTargetDir":"ltr","typingTargetLabel":"Wort"}	menschen-a2; a2		254
ma2-lu-0255	de-vocabulary	German	verb	Menschen A2	A2			leeren	خالی کردن	Deutsch	فارسی	de-DE	fa-IR	front-core	[{"text":"Leider musste ich die Konten leeren.","lang":"de-DE","role":"example","label":"ma2-lu-0255-ex-001","order":1},{"text":"Unfortunately I had to empty the accounts.","lang":"en-US","role":"example","label":"translation:ma2-lu-0255-ex-001","order":2}]	[]	[]	[{"title":"Formen","items":["Präsens (3. Sg.): leert","Präteritum: leerte","Perfekt: hat geleert","Hilfsverb: haben"]}]	{"entry_type":"verb","canonical_entry_type":"verb","learning_unit_id":"ma2-lu-0255","semantic_identity":"ma2-lu-0255","german_learning_contract":"gfp-german-learning-content@1.0.0","semantic_contract":"gfp-german-language-content@3.1.3","source_profile_id":"menschen-a2@2.1.0","german_definition":"","english":"","direction_policy":"language-pair","canonical_unit":{"id":"ma2-lu-0255","type":"verb","headword":"leeren","persian_meaning":"خالی کردن","core":{"present_3sg":"leert","preterite_3sg":"leerte","perfect":"hat geleert","auxiliary":"haben","reflexive":false,"separability":"non_prefixed"},"examples":[{"id":"ma2-lu-0255-ex-001","lang":"de-DE","text":"Leider musste ich die Konten leeren.","order":1,"translations":[{"lang":"fa-IR","text":"متأسفانه مجبور شدم حساب‌ها را خالی کنم."},{"lang":"en-US","text":"Unfortunately I had to empty the accounts."}]}],"metadata":{"dataset_id":"menschen-a2","unit_order":255,"tags":["menschen-a2","a2"]},"provenance":{"sources":[{"source_id":"menschen_a2_user_screenshots","source_kind":"course","what_was_verified":["orthography","persian_gloss","morphology","example_attestation"],"verification_status":"verified","locator":"screenshot-9:row-27;source-order=255","accessed_at":"2026-09-02","evidence_note":"Authoritative user-supplied source row. Raw German bundle: leeren, leert, leerte, hat geleert"},{"source_id":"assistant_translation_review","source_kind":"other","what_was_verified":["persian_example_translation","english_example_translation"],"verification_status":"verified","accessed_at":"2026-09-02","evidence_note":"Production translation generated and sense-alignment reviewed against the German example and canonical Persian meaning; this is internal production evidence, not an external lexicon claim."}]}},"present":"leert","preterite":"leerte","perfect":"hat geleert","participle_ii":"","auxiliary":"haben","reflexive":false,"is_reflexive":false,"is_separable":false,"rection":"","typingCore":"leeren","typingStandard":"leeren","typingTargetLang":"de-DE","typingTargetDir":"ltr","typingTargetLabel":"Wort"}	menschen-a2; a2		255
ma2-lu-0256	de-vocabulary	German	verb	Menschen A2	A2			sich leeren	خالی شدن	Deutsch	فارسی	de-DE	fa-IR	front-core	[{"text":"Der Saal, das Haus leerte sich langsam","lang":"de-DE","role":"example","label":"ma2-lu-0256-ex-001","order":1},{"text":"The hall or house gradually emptied.","lang":"en-US","role":"example","label":"translation:ma2-lu-0256-ex-001","order":2}]	[]	[]	[{"title":"Formen","items":["Präsens (3. Sg.): leert sich","Präteritum: leerte sich","Perfekt: hat sich geleert","Hilfsverb: haben"]},{"title":"Grammar Notes","items":["Akkusativobjekt (Quellennotation)"]}]	{"entry_type":"verb","canonical_entry_type":"verb","learning_unit_id":"ma2-lu-0256","semantic_identity":"ma2-lu-0256","german_learning_contract":"gfp-german-learning-content@1.0.0","semantic_contract":"gfp-german-language-content@3.1.3","source_profile_id":"menschen-a2@2.1.0","german_definition":"","english":"","direction_policy":"language-pair","canonical_unit":{"id":"ma2-lu-0256","type":"verb","headword":"sich leeren","persian_meaning":"خالی شدن","core":{"present_3sg":"leert sich","preterite_3sg":"leerte sich","perfect":"hat sich geleert","auxiliary":"haben","reflexive":true,"separability":"non_prefixed"},"examples":[{"id":"ma2-lu-0256-ex-001","lang":"de-DE","text":"Der Saal, das Haus leerte sich langsam","order":1,"translations":[{"lang":"fa-IR","text":"سالن یا خانه کم‌کم خالی شد."},{"lang":"en-US","text":"The hall or house gradually emptied."}]}],"metadata":{"dataset_id":"menschen-a2","unit_order":256,"tags":["menschen-a2","a2"]},"provenance":{"sources":[{"source_id":"menschen_a2_user_screenshots","source_kind":"course","what_was_verified":["orthography","persian_gloss","morphology","example_attestation"],"verification_status":"verified","locator":"screenshot-9:row-28;source-order=256","accessed_at":"2026-09-02","evidence_note":"Authoritative user-supplied source row. Raw German bundle: sich leeren [+A], leerte sich, hat sich geleert"},{"source_id":"assistant_translation_review","source_kind":"other","what_was_verified":["persian_example_translation","english_example_translation"],"verification_status":"verified","accessed_at":"2026-09-02","evidence_note":"Production translation generated and sense-alignment reviewed against the German example and canonical Persian meaning; this is internal production evidence, not an external lexicon claim."}]},"details":{"grammar_notes":["Akkusativobjekt (Quellennotation)"]}},"present":"leert sich","preterite":"leerte sich","perfect":"hat sich geleert","participle_ii":"","auxiliary":"haben","reflexive":true,"is_reflexive":true,"is_separable":false,"rection":"","typingCore":"sich leeren","typingStandard":"sich leeren","typingTargetLang":"de-DE","typingTargetDir":"ltr","typingTargetLabel":"Wort"}	menschen-a2; a2		256
ma2-lu-0257	de-vocabulary	German	verb	Menschen A2	A2			nähen	دوختن، بخیه زدن	Deutsch	فارسی	de-DE	fa-IR	front-core	[{"text":"Wir müssen die Wunde nähen.","lang":"de-DE","role":"example","label":"ma2-lu-0257-ex-001","order":1},{"text":"We have to stitch the wound.","lang":"en-US","role":"example","label":"translation:ma2-lu-0257-ex-001","order":2}]	[]	[]	[{"title":"Formen","items":["Präsens (3. Sg.): näht","Präteritum: nähte","Perfekt: hat genäht","Hilfsverb: haben"]}]	{"entry_type":"verb","canonical_entry_type":"verb","learning_unit_id":"ma2-lu-0257","semantic_identity":"ma2-lu-0257","german_learning_contract":"gfp-german-learning-content@1.0.0","semantic_contract":"gfp-german-language-content@3.1.3","source_profile_id":"menschen-a2@2.1.0","german_definition":"","english":"","direction_policy":"language-pair","canonical_unit":{"id":"ma2-lu-0257","type":"verb","headword":"nähen","persian_meaning":"دوختن، بخیه زدن","core":{"present_3sg":"näht","preterite_3sg":"nähte","perfect":"hat genäht","auxiliary":"haben","reflexive":false,"separability":"non_prefixed"},"examples":[{"id":"ma2-lu-0257-ex-001","lang":"de-DE","text":"Wir müssen die Wunde nähen.","order":1,"translations":[{"lang":"fa-IR","text":"باید زخم را بخیه بزنیم."},{"lang":"en-US","text":"We have to stitch the wound."}]}],"metadata":{"dataset_id":"menschen-a2","unit_order":257,"tags":["menschen-a2","a2"]},"provenance":{"sources":[{"source_id":"menschen_a2_user_screenshots","source_kind":"course","what_was_verified":["orthography","persian_gloss","morphology","example_attestation"],"verification_status":"verified","locator":"screenshot-9:row-29;source-order=257","accessed_at":"2026-09-02","evidence_note":"Authoritative user-supplied source row. Raw German bundle: nähen, näht, nähte, hat genäht"},{"source_id":"assistant_translation_review","source_kind":"other","what_was_verified":["persian_example_translation","english_example_translation"],"verification_status":"verified","accessed_at":"2026-09-02","evidence_note":"Production translation generated and sense-alignment reviewed against the German example and canonical Persian meaning; this is internal production evidence, not an external lexicon claim."}]}},"present":"näht","preterite":"nähte","perfect":"hat genäht","participle_ii":"","auxiliary":"haben","reflexive":false,"is_reflexive":false,"is_separable":false,"rection":"","typingCore":"nähen","typingStandard":"nähen","typingTargetLang":"de-DE","typingTargetDir":"ltr","typingTargetLabel":"Wort"}	menschen-a2; a2		257
ma2-lu-0258	de-vocabulary	German	verb	Menschen A2	A2			reinigen	تمیز کردن	Deutsch	فارسی	de-DE	fa-IR	front-core	[{"text":"Reinige hin und wieder deine Computermaus.","lang":"de-DE","role":"example","label":"ma2-lu-0258-ex-001","order":1},{"text":"Clean your computer mouse from time to time.","lang":"en-US","role":"example","label":"translation:ma2-lu-0258-ex-001","order":2}]	[]	[]	[{"title":"Formen","items":["Präsens (3. Sg.): reinigt","Präteritum: reinigte","Perfekt: hat gereinigt","Hilfsverb: haben"]}]	{"entry_type":"verb","canonical_entry_type":"verb","learning_unit_id":"ma2-lu-0258","semantic_identity":"ma2-lu-0258","german_learning_contract":"gfp-german-learning-content@1.0.0","semantic_contract":"gfp-german-language-content@3.1.3","source_profile_id":"menschen-a2@2.1.0","german_definition":"","english":"","direction_policy":"language-pair","canonical_unit":{"id":"ma2-lu-0258","type":"verb","headword":"reinigen","persian_meaning":"تمیز کردن","core":{"present_3sg":"reinigt","preterite_3sg":"reinigte","perfect":"hat gereinigt","auxiliary":"haben","reflexive":false,"separability":"non_prefixed"},"examples":[{"id":"ma2-lu-0258-ex-001","lang":"de-DE","text":"Reinige hin und wieder deine Computermaus.","order":1,"translations":[{"lang":"fa-IR","text":"هر از گاهی ماوس کامپیوترت را تمیز کن."},{"lang":"en-US","text":"Clean your computer mouse from time to time."}]}],"metadata":{"dataset_id":"menschen-a2","unit_order":258,"tags":["menschen-a2","a2"]},"provenance":{"sources":[{"source_id":"menschen_a2_user_screenshots","source_kind":"course","what_was_verified":["orthography","persian_gloss","morphology","example_attestation"],"verification_status":"verified","locator":"screenshot-9:row-30;source-order=258","accessed_at":"2026-09-02","evidence_note":"Authoritative user-supplied source row. Raw German bundle: reinigen, reinigt, reinigte, hat gereinigt"},{"source_id":"assistant_translation_review","source_kind":"other","what_was_verified":["persian_example_translation","english_example_translation"],"verification_status":"verified","accessed_at":"2026-09-02","evidence_note":"Production translation generated and sense-alignment reviewed against the German example and canonical Persian meaning; this is internal production evidence, not an external lexicon claim."}]}},"present":"reinigt","preterite":"reinigte","perfect":"hat gereinigt","participle_ii":"","auxiliary":"haben","reflexive":false,"is_reflexive":false,"is_separable":false,"rection":"","typingCore":"reinigen","typingStandard":"reinigen","typingTargetLang":"de-DE","typingTargetDir":"ltr","typingTargetLabel":"Wort"}	menschen-a2; a2		258
ma2-lu-0259	de-vocabulary	German	verb	Menschen A2	A2			schneiden	بریدن، برش دادن	Deutsch	فارسی	de-DE	fa-IR	front-core	[{"text":"Soll ich dir eine Scheibe Brot schneiden?","lang":"de-DE","role":"example","label":"ma2-lu-0259-ex-001","order":1},{"text":"Shall I cut you a slice of bread?","lang":"en-US","role":"example","label":"translation:ma2-lu-0259-ex-001","order":2}]	[]	[]	[{"title":"Formen","items":["Präsens (3. Sg.): schneidet","Präteritum: schnitt","Perfekt: hat geschnitten","Hilfsverb: haben"]},{"title":"Grammar Notes","items":["Akkusativobjekt; optionales Dativobjekt (Quellennotation)"]}]	{"entry_type":"verb","canonical_entry_type":"verb","learning_unit_id":"ma2-lu-0259","semantic_identity":"ma2-lu-0259","german_learning_contract":"gfp-german-learning-content@1.0.0","semantic_contract":"gfp-german-language-content@3.1.3","source_profile_id":"menschen-a2@2.1.0","german_definition":"","english":"","direction_policy":"language-pair","canonical_unit":{"id":"ma2-lu-0259","type":"verb","headword":"schneiden","persian_meaning":"بریدن، برش دادن","core":{"present_3sg":"schneidet","preterite_3sg":"schnitt","perfect":"hat geschnitten","auxiliary":"haben","reflexive":false,"separability":"non_prefixed"},"examples":[{"id":"ma2-lu-0259-ex-001","lang":"de-DE","text":"Soll ich dir eine Scheibe Brot schneiden?","order":1,"translations":[{"lang":"fa-IR","text":"یک برش نان برایت ببرم؟"},{"lang":"en-US","text":"Shall I cut you a slice of bread?"}]}],"metadata":{"dataset_id":"menschen-a2","unit_order":259,"tags":["menschen-a2","a2"]},"provenance":{"sources":[{"source_id":"menschen_a2_user_screenshots","source_kind":"course","what_was_verified":["orthography","persian_gloss","morphology","example_attestation"],"verification_status":"verified","locator":"screenshot-10:row-1;source-order=259","accessed_at":"2026-09-02","evidence_note":"Authoritative user-supplied source row. Raw German bundle: schneiden [(+D)+A], schneidet, schnitt, hat geschnitten"},{"source_id":"assistant_translation_review","source_kind":"other","what_was_verified":["persian_example_translation","english_example_translation"],"verification_status":"verified","accessed_at":"2026-09-02","evidence_note":"Production translation generated and sense-alignment reviewed against the German example and canonical Persian meaning; this is internal production evidence, not an external lexicon claim."}]},"details":{"grammar_notes":["Akkusativobjekt; optionales Dativobjekt (Quellennotation)"]}},"present":"schneidet","preterite":"schnitt","perfect":"hat geschnitten","participle_ii":"","auxiliary":"haben","reflexive":false,"is_reflexive":false,"is_separable":false,"rection":"","typingCore":"schneiden","typingStandard":"schneiden","typingTargetLang":"de-DE","typingTargetDir":"ltr","typingTargetLabel":"Wort"}	menschen-a2; a2		259
ma2-lu-0260	de-vocabulary	German	phrase	Menschen A2	A2			sich schneiden (Akk.)	خود را بریدن، زخمی شدن	Deutsch	فارسی	de-DE	fa-IR	front-core	[{"text":"Jemandem, sich die Fingernägel schneiden","lang":"de-DE","role":"example","label":"ma2-lu-0260-ex-001","order":1},{"text":"to cut one's fingernails","lang":"en-US","role":"example","label":"translation:ma2-lu-0260-ex-001","order":2}]	[]	[]	[]	{"entry_type":"phrase","canonical_entry_type":"phrase","learning_unit_id":"ma2-lu-0260","semantic_identity":"ma2-lu-0260","german_learning_contract":"gfp-german-learning-content@1.0.0","semantic_contract":"gfp-german-language-content@3.1.3","source_profile_id":"menschen-a2@2.1.0","german_definition":"","english":"","direction_policy":"language-pair","canonical_unit":{"id":"ma2-lu-0260","type":"phrase","headword":"sich schneiden (Akk.)","persian_meaning":"خود را بریدن، زخمی شدن","core":{"structure":"sich schneiden (Akk.)"},"examples":[{"id":"ma2-lu-0260-ex-001","lang":"de-DE","text":"Jemandem, sich die Fingernägel schneiden","order":1,"translations":[{"lang":"fa-IR","text":"ناخن‌های خود را کوتاه کردن"},{"lang":"en-US","text":"to cut one's fingernails"}]}],"metadata":{"dataset_id":"menschen-a2","unit_order":260,"tags":["menschen-a2","a2"]},"provenance":{"sources":[{"source_id":"menschen_a2_user_screenshots","source_kind":"course","what_was_verified":["orthography","persian_gloss","example_attestation"],"verification_status":"verified","locator":"screenshot-10:row-2;source-order=260","accessed_at":"2026-09-02","evidence_note":"Authoritative user-supplied source row. Raw German bundle: sich schneiden [+A]"},{"source_id":"assistant_translation_review","source_kind":"other","what_was_verified":["persian_example_translation","english_example_translation"],"verification_status":"verified","accessed_at":"2026-09-02","evidence_note":"Production translation generated and sense-alignment reviewed against the German example and canonical Persian meaning; this is internal production evidence, not an external lexicon claim."}]}}}	menschen-a2; a2		260
ma2-lu-0261	de-vocabulary	German	phrase	Menschen A2	A2			unterwegs sein	در راه یا در حرکت بودن	Deutsch	فارسی	de-DE	fa-IR	front-core	[{"text":"Gestern war ich den ganzen Tag unterwegs","lang":"de-DE","role":"example","label":"ma2-lu-0261-ex-001","order":1},{"text":"I was out and about all day yesterday.","lang":"en-US","role":"example","label":"translation:ma2-lu-0261-ex-001","order":2}]	[]	[]	[]	{"entry_type":"phrase","canonical_entry_type":"phrase","learning_unit_id":"ma2-lu-0261","semantic_identity":"ma2-lu-0261","german_learning_contract":"gfp-german-learning-content@1.0.0","semantic_contract":"gfp-german-language-content@3.1.3","source_profile_id":"menschen-a2@2.1.0","german_definition":"","english":"","direction_policy":"language-pair","canonical_unit":{"id":"ma2-lu-0261","type":"phrase","headword":"unterwegs sein","persian_meaning":"در راه یا در حرکت بودن","core":{"structure":"unterwegs sein"},"examples":[{"id":"ma2-lu-0261-ex-001","lang":"de-DE","text":"Gestern war ich den ganzen Tag unterwegs","order":1,"translations":[{"lang":"fa-IR","text":"دیروز تمام روز در راه بودم."},{"lang":"en-US","text":"I was out and about all day yesterday."}]}],"metadata":{"dataset_id":"menschen-a2","unit_order":261,"tags":["menschen-a2","a2"]},"provenance":{"sources":[{"source_id":"menschen_a2_user_screenshots","source_kind":"course","what_was_verified":["orthography","persian_gloss","example_attestation"],"verification_status":"verified","locator":"screenshot-10:row-3;source-order=261","accessed_at":"2026-09-02","evidence_note":"Authoritative user-supplied source row. Raw German bundle: unterwegs sein, ist unterwegs, war unterwegs, ist unterwegs gewesen"},{"source_id":"assistant_translation_review","source_kind":"other","what_was_verified":["persian_example_translation","english_example_translation"],"verification_status":"verified","accessed_at":"2026-09-02","evidence_note":"Production translation generated and sense-alignment reviewed against the German example and canonical Persian meaning; this is internal production evidence, not an external lexicon claim."}]}}}	menschen-a2; a2		261
ma2-lu-0262	de-vocabulary	German	verb	Menschen A2	A2			sich anmelden	ثبت‌نام کردن	Deutsch	فارسی	de-DE	fa-IR	front-core	[{"text":"Wo kann ich mich anmelden?","lang":"de-DE","role":"example","label":"ma2-lu-0262-ex-001","order":1},{"text":"Where can I register?","lang":"en-US","role":"example","label":"translation:ma2-lu-0262-ex-001","order":2}]	[]	[]	[{"title":"Formen","items":["Präsens (3. Sg.): meldet sich an","Präteritum: meldete sich an","Perfekt: hat sich angemeldet","Hilfsverb: haben"]},{"title":"Grammar Notes","items":["Akkusativobjekt (Quellennotation)"]}]	{"entry_type":"verb","canonical_entry_type":"verb","learning_unit_id":"ma2-lu-0262","semantic_identity":"ma2-lu-0262","german_learning_contract":"gfp-german-learning-content@1.0.0","semantic_contract":"gfp-german-language-content@3.1.3","source_profile_id":"menschen-a2@2.1.0","german_definition":"","english":"","direction_policy":"language-pair","canonical_unit":{"id":"ma2-lu-0262","type":"verb","headword":"sich anmelden","persian_meaning":"ثبت‌نام کردن","core":{"present_3sg":"meldet sich an","preterite_3sg":"meldete sich an","perfect":"hat sich angemeldet","auxiliary":"haben","reflexive":true,"separability":"separable"},"examples":[{"id":"ma2-lu-0262-ex-001","lang":"de-DE","text":"Wo kann ich mich anmelden?","order":1,"translations":[{"lang":"fa-IR","text":"کجا می‌توانم ثبت‌نام کنم؟"},{"lang":"en-US","text":"Where can I register?"}]}],"metadata":{"dataset_id":"menschen-a2","unit_order":262,"tags":["menschen-a2","a2"]},"provenance":{"sources":[{"source_id":"menschen_a2_user_screenshots","source_kind":"course","what_was_verified":["orthography","persian_gloss","morphology","example_attestation"],"verification_status":"verified","locator":"screenshot-10:row-4;source-order=262","accessed_at":"2026-09-02","evidence_note":"Authoritative user-supplied source row. Raw German bundle: sich anmelden [+A], meldete sich an, hat sich angemeldet"},{"source_id":"assistant_translation_review","source_kind":"other","what_was_verified":["persian_example_translation","english_example_translation"],"verification_status":"verified","accessed_at":"2026-09-02","evidence_note":"Production translation generated and sense-alignment reviewed against the German example and canonical Persian meaning; this is internal production evidence, not an external lexicon claim."}]},"details":{"grammar_notes":["Akkusativobjekt (Quellennotation)"]}},"present":"meldet sich an","preterite":"meldete sich an","perfect":"hat sich angemeldet","participle_ii":"","auxiliary":"haben","reflexive":true,"is_reflexive":true,"is_separable":true,"rection":"","typingCore":"sich anmelden","typingStandard":"sich anmelden","typingTargetLang":"de-DE","typingTargetDir":"ltr","typingTargetLabel":"Wort"}	menschen-a2; a2		262
ma2-lu-0263	de-vocabulary	German	verb	Menschen A2	A2			anklicken	کلیک کردن	Deutsch	فارسی	de-DE	fa-IR	front-core	[{"text":"Zum Vergrößern anklicken.","lang":"de-DE","role":"example","label":"ma2-lu-0263-ex-001","order":1},{"text":"Click to enlarge.","lang":"en-US","role":"example","label":"translation:ma2-lu-0263-ex-001","order":2}]	[]	[]	[{"title":"Formen","items":["Präsens (3. Sg.): klickt an","Präteritum: klickte an","Perfekt: hat angeklickt","Hilfsverb: haben"]}]	{"entry_type":"verb","canonical_entry_type":"verb","learning_unit_id":"ma2-lu-0263","semantic_identity":"ma2-lu-0263","german_learning_contract":"gfp-german-learning-content@1.0.0","semantic_contract":"gfp-german-language-content@3.1.3","source_profile_id":"menschen-a2@2.1.0","german_definition":"","english":"","direction_policy":"language-pair","canonical_unit":{"id":"ma2-lu-0263","type":"verb","headword":"anklicken","persian_meaning":"کلیک کردن","core":{"present_3sg":"klickt an","preterite_3sg":"klickte an","perfect":"hat angeklickt","auxiliary":"haben","reflexive":false,"separability":"separable"},"examples":[{"id":"ma2-lu-0263-ex-001","lang":"de-DE","text":"Zum Vergrößern anklicken.","order":1,"translations":[{"lang":"fa-IR","text":"برای بزرگ‌نمایی کلیک کنید."},{"lang":"en-US","text":"Click to enlarge."}]}],"metadata":{"dataset_id":"menschen-a2","unit_order":263,"tags":["menschen-a2","a2"]},"provenance":{"sources":[{"source_id":"menschen_a2_user_screenshots","source_kind":"course","what_was_verified":["orthography","persian_gloss","morphology","example_attestation"],"verification_status":"verified","locator":"screenshot-10:row-5;source-order=263","accessed_at":"2026-09-02","evidence_note":"Authoritative user-supplied source row. Raw German bundle: anklicken, klickt an, klickte an, hat angeklickt"},{"source_id":"assistant_translation_review","source_kind":"other","what_was_verified":["persian_example_translation","english_example_translation"],"verification_status":"verified","accessed_at":"2026-09-02","evidence_note":"Production translation generated and sense-alignment reviewed against the German example and canonical Persian meaning; this is internal production evidence, not an external lexicon claim."}]}},"present":"klickt an","preterite":"klickte an","perfect":"hat angeklickt","participle_ii":"","auxiliary":"haben","reflexive":false,"is_reflexive":false,"is_separable":true,"rection":"","typingCore":"anklicken","typingStandard":"anklicken","typingTargetLang":"de-DE","typingTargetDir":"ltr","typingTargetLabel":"Wort"}	menschen-a2; a2		263
ma2-lu-0264	de-vocabulary	German	verb	Menschen A2	A2			bestätigen	تأیید کردن	Deutsch	فارسی	de-DE	fa-IR	front-core	[{"text":"Die Firma hat mir den Termin schriftlich bestätigt.","lang":"de-DE","role":"example","label":"ma2-lu-0264-ex-001","order":1},{"text":"The company confirmed the appointment to me in writing.","lang":"en-US","role":"example","label":"translation:ma2-lu-0264-ex-001","order":2}]	[]	[]	[{"title":"Formen","items":["Präsens (3. Sg.): bestätigt","Präteritum: bestätigte","Perfekt: hat bestätigt","Hilfsverb: haben"]},{"title":"Grammar Notes","items":["Akkusativobjekt (Quellennotation)"]}]	{"entry_type":"verb","canonical_entry_type":"verb","learning_unit_id":"ma2-lu-0264","semantic_identity":"ma2-lu-0264","german_learning_contract":"gfp-german-learning-content@1.0.0","semantic_contract":"gfp-german-language-content@3.1.3","source_profile_id":"menschen-a2@2.1.0","german_definition":"","english":"","direction_policy":"language-pair","canonical_unit":{"id":"ma2-lu-0264","type":"verb","headword":"bestätigen","persian_meaning":"تأیید کردن","core":{"present_3sg":"bestätigt","preterite_3sg":"bestätigte","perfect":"hat bestätigt","auxiliary":"haben","reflexive":false,"separability":"inseparable"},"examples":[{"id":"ma2-lu-0264-ex-001","lang":"de-DE","text":"Die Firma hat mir den Termin schriftlich bestätigt.","order":1,"translations":[{"lang":"fa-IR","text":"شرکت وقت ملاقات را کتبی برای من تأیید کرده است."},{"lang":"en-US","text":"The company confirmed the appointment to me in writing."}]}],"metadata":{"dataset_id":"menschen-a2","unit_order":264,"tags":["menschen-a2","a2"]},"provenance":{"sources":[{"source_id":"menschen_a2_user_screenshots","source_kind":"course","what_was_verified":["orthography","persian_gloss","morphology","example_attestation"],"verification_status":"verified","locator":"screenshot-10:row-6;source-order=264","accessed_at":"2026-09-02","evidence_note":"Authoritative user-supplied source row. Raw German bundle: bestätigen [+A], bestätigt, bestätigte, hat bestätigt"},{"source_id":"assistant_translation_review","source_kind":"other","what_was_verified":["persian_example_translation","english_example_translation"],"verification_status":"verified","accessed_at":"2026-09-02","evidence_note":"Production translation generated and sense-alignment reviewed against the German example and canonical Persian meaning; this is internal production evidence, not an external lexicon claim."}]},"details":{"grammar_notes":["Akkusativobjekt (Quellennotation)"]}},"present":"bestätigt","preterite":"bestätigte","perfect":"hat bestätigt","participle_ii":"","auxiliary":"haben","reflexive":false,"is_reflexive":false,"is_separable":false,"rection":"","typingCore":"bestätigen","typingStandard":"bestätigen","typingTargetLang":"de-DE","typingTargetDir":"ltr","typingTargetLabel":"Wort"}	menschen-a2; a2		264
ma2-lu-0265	de-vocabulary	German	phrase	Menschen A2	A2			sich bestätigen (Akk.)	تأیید شدن، درست از آب درآمدن	Deutsch	فارسی	de-DE	fa-IR	front-core	[{"text":"Die Nachricht, der Verdacht, das Gerücht hat sich bestätigt","lang":"de-DE","role":"example","label":"ma2-lu-0265-ex-001","order":1},{"text":"The news, suspicion, or rumor has been confirmed.","lang":"en-US","role":"example","label":"translation:ma2-lu-0265-ex-001","order":2}]	[]	[]	[]	{"entry_type":"phrase","canonical_entry_type":"phrase","learning_unit_id":"ma2-lu-0265","semantic_identity":"ma2-lu-0265","german_learning_contract":"gfp-german-learning-content@1.0.0","semantic_contract":"gfp-german-language-content@3.1.3","source_profile_id":"menschen-a2@2.1.0","german_definition":"","english":"","direction_policy":"language-pair","canonical_unit":{"id":"ma2-lu-0265","type":"phrase","headword":"sich bestätigen (Akk.)","persian_meaning":"تأیید شدن، درست از آب درآمدن","core":{"structure":"sich bestätigen (Akk.)"},"examples":[{"id":"ma2-lu-0265-ex-001","lang":"de-DE","text":"Die Nachricht, der Verdacht, das Gerücht hat sich bestätigt","order":1,"translations":[{"lang":"fa-IR","text":"خبر، شک یا شایعه تأیید شده است."},{"lang":"en-US","text":"The news, suspicion, or rumor has been confirmed."}]}],"metadata":{"dataset_id":"menschen-a2","unit_order":265,"tags":["menschen-a2","a2"]},"provenance":{"sources":[{"source_id":"menschen_a2_user_screenshots","source_kind":"course","what_was_verified":["orthography","persian_gloss","example_attestation"],"verification_status":"verified","locator":"screenshot-10:row-7;source-order=265","accessed_at":"2026-09-02","evidence_note":"Authoritative user-supplied source row. Raw German bundle: sich bestätigen [+A]"},{"source_id":"assistant_translation_review","source_kind":"other","what_was_verified":["persian_example_translation","english_example_translation"],"verification_status":"verified","accessed_at":"2026-09-02","evidence_note":"Production translation generated and sense-alignment reviewed against the German example and canonical Persian meaning; this is internal production evidence, not an external lexicon claim."}]}}}	menschen-a2; a2		265
ma2-lu-0267	de-vocabulary	German	phrase	Menschen A2	A2			etw. in etw. (Akk.) eingeben (nur Daten / Informationen)	داده‌ای را در جایی وارد کردن	Deutsch	فارسی	de-DE	fa-IR	front-core	[{"text":"Er gab das Passwort in das Feld ein.","lang":"de-DE","role":"example","label":"ma2-lu-0267-ex-001","order":1},{"text":"He entered the password into the field.","lang":"en-US","role":"example","label":"translation:ma2-lu-0267-ex-001","order":2}]	[]	[]	[]	{"entry_type":"phrase","canonical_entry_type":"phrase","learning_unit_id":"ma2-lu-0267","semantic_identity":"ma2-lu-0267","german_learning_contract":"gfp-german-learning-content@1.0.0","semantic_contract":"gfp-german-language-content@3.1.3","source_profile_id":"menschen-a2@2.1.0","german_definition":"","english":"","direction_policy":"language-pair","canonical_unit":{"id":"ma2-lu-0267","type":"phrase","headword":"etw. in etw. (Akk.) eingeben (nur Daten / Informationen)","persian_meaning":"داده‌ای را در جایی وارد کردن","core":{"structure":"etw. in etw. (Akk.) eingeben (nur Daten / Informationen)"},"examples":[{"id":"ma2-lu-0267-ex-001","lang":"de-DE","text":"Er gab das Passwort in das Feld ein.","order":1,"translations":[{"lang":"fa-IR","text":"او رمز عبور را در کادر وارد کرد."},{"lang":"en-US","text":"He entered the password into the field."}]}],"metadata":{"dataset_id":"menschen-a2","unit_order":267,"tags":["menschen-a2","a2"]},"provenance":{"sources":[{"source_id":"menschen_a2_user_screenshots","source_kind":"course","what_was_verified":["orthography","persian_gloss","example_attestation"],"verification_status":"verified","locator":"screenshot-10:row-9;source-order=267","accessed_at":"2026-09-02","evidence_note":"Authoritative user-supplied source row. Raw German bundle: etw. in etw.Akk. eingeben (nur Daten / Informationen)"},{"source_id":"assistant_translation_review","source_kind":"other","what_was_verified":["persian_example_translation","english_example_translation"],"verification_status":"verified","accessed_at":"2026-09-02","evidence_note":"Production translation generated and sense-alignment reviewed against the German example and canonical Persian meaning; this is internal production evidence, not an external lexicon claim."}]}}}	menschen-a2; a2		267
ma2-lu-0268	de-vocabulary	German	verb	Menschen A2	A2			herunterladen	دانلود کردن	Deutsch	فارسی	de-DE	fa-IR	front-core	[{"text":"Ich habe mir Musik aus dem Internet heruntergeladen.","lang":"de-DE","role":"example","label":"ma2-lu-0268-ex-001","order":1},{"text":"I downloaded music from the internet.","lang":"en-US","role":"example","label":"translation:ma2-lu-0268-ex-001","order":2}]	[]	[]	[{"title":"Formen","items":["Präsens (3. Sg.): lädt herunter","Präteritum: lud herunter","Perfekt: hat heruntergeladen","Hilfsverb: haben"]}]	{"entry_type":"verb","canonical_entry_type":"verb","learning_unit_id":"ma2-lu-0268","semantic_identity":"ma2-lu-0268","german_learning_contract":"gfp-german-learning-content@1.0.0","semantic_contract":"gfp-german-language-content@3.1.3","source_profile_id":"menschen-a2@2.1.0","german_definition":"","english":"","direction_policy":"language-pair","canonical_unit":{"id":"ma2-lu-0268","type":"verb","headword":"herunterladen","persian_meaning":"دانلود کردن","core":{"present_3sg":"lädt herunter","preterite_3sg":"lud herunter","perfect":"hat heruntergeladen","auxiliary":"haben","reflexive":false,"separability":"separable"},"examples":[{"id":"ma2-lu-0268-ex-001","lang":"de-DE","text":"Ich habe mir Musik aus dem Internet heruntergeladen.","order":1,"translations":[{"lang":"fa-IR","text":"از اینترنت برای خودم موسیقی دانلود کرده‌ام."},{"lang":"en-US","text":"I downloaded music from the internet."}]}],"metadata":{"dataset_id":"menschen-a2","unit_order":268,"tags":["menschen-a2","a2"]},"provenance":{"sources":[{"source_id":"menschen_a2_user_screenshots","source_kind":"course","what_was_verified":["orthography","persian_gloss","morphology","example_attestation"],"verification_status":"verified","locator":"screenshot-10:row-10;source-order=268","accessed_at":"2026-09-02","evidence_note":"Authoritative user-supplied source row. Raw German bundle: herunterladen, lud herunter, hat heruntergeladen / downloaden"},{"source_id":"assistant_translation_review","source_kind":"other","what_was_verified":["persian_example_translation","english_example_translation"],"verification_status":"verified","accessed_at":"2026-09-02","evidence_note":"Production translation generated and sense-alignment reviewed against the German example and canonical Persian meaning; this is internal production evidence, not an external lexicon claim."}]}},"present":"lädt herunter","preterite":"lud herunter","perfect":"hat heruntergeladen","participle_ii":"","auxiliary":"haben","reflexive":false,"is_reflexive":false,"is_separable":true,"rection":"","typingCore":"herunterladen","typingStandard":"herunterladen","typingTargetLang":"de-DE","typingTargetDir":"ltr","typingTargetLabel":"Wort"}	menschen-a2; a2		268
ma2-lu-0269	de-vocabulary	German	verb	Menschen A2	A2			zurückgeben	پس دادن	Deutsch	فارسی	de-DE	fa-IR	front-core	[{"text":"Ich muss die geliehenen Bücher zurückgeben.","lang":"de-DE","role":"example","label":"ma2-lu-0269-ex-001","order":1},{"text":"I have to return the borrowed books.","lang":"en-US","role":"example","label":"translation:ma2-lu-0269-ex-001","order":2}]	[]	[]	[{"title":"Formen","items":["Präsens (3. Sg.): gibt zurück","Präteritum: gab zurück","Perfekt: hat zurückgegeben","Hilfsverb: haben"]},{"title":"Grammar Notes","items":["Dativobjekt (Quellennotation)"]}]	{"entry_type":"verb","canonical_entry_type":"verb","learning_unit_id":"ma2-lu-0269","semantic_identity":"ma2-lu-0269","german_learning_contract":"gfp-german-learning-content@1.0.0","semantic_contract":"gfp-german-language-content@3.1.3","source_profile_id":"menschen-a2@2.1.0","german_definition":"","english":"","direction_policy":"language-pair","canonical_unit":{"id":"ma2-lu-0269","type":"verb","headword":"zurückgeben","persian_meaning":"پس دادن","core":{"present_3sg":"gibt zurück","preterite_3sg":"gab zurück","perfect":"hat zurückgegeben","auxiliary":"haben","reflexive":false,"separability":"separable"},"examples":[{"id":"ma2-lu-0269-ex-001","lang":"de-DE","text":"Ich muss die geliehenen Bücher zurückgeben.","order":1,"translations":[{"lang":"fa-IR","text":"باید کتاب‌های قرض‌گرفته‌شده را پس بدهم."},{"lang":"en-US","text":"I have to return the borrowed books."}]}],"metadata":{"dataset_id":"menschen-a2","unit_order":269,"tags":["menschen-a2","a2"]},"provenance":{"sources":[{"source_id":"menschen_a2_user_screenshots","source_kind":"course","what_was_verified":["orthography","persian_gloss","morphology","example_attestation"],"verification_status":"verified","locator":"screenshot-10:row-11;source-order=269","accessed_at":"2026-09-02","evidence_note":"Authoritative user-supplied source row. Raw German bundle: zurückgeben [+D], gibt zurück, gab zurück, hat zurückgegeben"},{"source_id":"assistant_translation_review","source_kind":"other","what_was_verified":["persian_example_translation","english_example_translation"],"verification_status":"verified","accessed_at":"2026-09-02","evidence_note":"Production translation generated and sense-alignment reviewed against the German example and canonical Persian meaning; this is internal production evidence, not an external lexicon claim."}]},"details":{"grammar_notes":["Dativobjekt (Quellennotation)"]}},"present":"gibt zurück","preterite":"gab zurück","perfect":"hat zurückgegeben","participle_ii":"","auxiliary":"haben","reflexive":false,"is_reflexive":false,"is_separable":true,"rection":"","typingCore":"zurückgeben","typingStandard":"zurückgeben","typingTargetLang":"de-DE","typingTargetDir":"ltr","typingTargetLabel":"Wort"}	menschen-a2; a2		269
ma2-lu-0270	de-vocabulary	German	verb	Menschen A2	A2			benutzen	استفاده کردن، به کار بردن	Deutsch	فارسی	de-DE	fa-IR	front-core	[{"text":"Bitte benutze dein Taschentuch.","lang":"de-DE","role":"example","label":"ma2-lu-0270-ex-001","order":1},{"text":"Please use your handkerchief.","lang":"en-US","role":"example","label":"translation:ma2-lu-0270-ex-001","order":2}]	[]	[]	[{"title":"Formen","items":["Präsens (3. Sg.): benutzt","Präteritum: benutzte","Perfekt: hat benutzt","Hilfsverb: haben"]},{"title":"Grammar Notes","items":["Akkusativobjekt (Quellennotation)"]}]	{"entry_type":"verb","canonical_entry_type":"verb","learning_unit_id":"ma2-lu-0270","semantic_identity":"ma2-lu-0270","german_learning_contract":"gfp-german-learning-content@1.0.0","semantic_contract":"gfp-german-language-content@3.1.3","source_profile_id":"menschen-a2@2.1.0","german_definition":"","english":"","direction_policy":"language-pair","canonical_unit":{"id":"ma2-lu-0270","type":"verb","headword":"benutzen","persian_meaning":"استفاده کردن، به کار بردن","core":{"present_3sg":"benutzt","preterite_3sg":"benutzte","perfect":"hat benutzt","auxiliary":"haben","reflexive":false,"separability":"inseparable"},"examples":[{"id":"ma2-lu-0270-ex-001","lang":"de-DE","text":"Bitte benutze dein Taschentuch.","order":1,"translations":[{"lang":"fa-IR","text":"لطفاً از دستمالت استفاده کن."},{"lang":"en-US","text":"Please use your handkerchief."}]}],"metadata":{"dataset_id":"menschen-a2","unit_order":270,"tags":["menschen-a2","a2"]},"provenance":{"sources":[{"source_id":"menschen_a2_user_screenshots","source_kind":"course","what_was_verified":["orthography","persian_gloss","morphology","example_attestation"],"verification_status":"verified","locator":"screenshot-10:row-12;source-order=270","accessed_at":"2026-09-02","evidence_note":"Authoritative user-supplied source row. Raw German bundle: benutzen [+A], benutzt, benutzte, hat benutzt"},{"source_id":"assistant_translation_review","source_kind":"other","what_was_verified":["persian_example_translation","english_example_translation"],"verification_status":"verified","accessed_at":"2026-09-02","evidence_note":"Production translation generated and sense-alignment reviewed against the German example and canonical Persian meaning; this is internal production evidence, not an external lexicon claim."}]},"details":{"grammar_notes":["Akkusativobjekt (Quellennotation)"]}},"present":"benutzt","preterite":"benutzte","perfect":"hat benutzt","participle_ii":"","auxiliary":"haben","reflexive":false,"is_reflexive":false,"is_separable":false,"rection":"","typingCore":"benutzen","typingStandard":"benutzen","typingTargetLang":"de-DE","typingTargetDir":"ltr","typingTargetLabel":"Wort"}	menschen-a2; a2		270
ma2-lu-0271	de-vocabulary	German	verb	Menschen A2	A2			erreichen	رسیدن، به دست آوردن، تماس گرفتن	Deutsch	فارسی	de-DE	fa-IR	front-core	[{"text":"Wann kann ich dich erreichen?","lang":"de-DE","role":"example","label":"ma2-lu-0271-ex-001","order":1},{"text":"When can I reach you?","lang":"en-US","role":"example","label":"translation:ma2-lu-0271-ex-001","order":2}]	[]	[]	[{"title":"Formen","items":["Präsens (3. Sg.): erreicht","Präteritum: erreichte","Perfekt: hat erreicht","Hilfsverb: haben"]},{"title":"Grammar Notes","items":["Akkusativobjekt (Quellennotation)"]}]	{"entry_type":"verb","canonical_entry_type":"verb","learning_unit_id":"ma2-lu-0271","semantic_identity":"ma2-lu-0271","german_learning_contract":"gfp-german-learning-content@1.0.0","semantic_contract":"gfp-german-language-content@3.1.3","source_profile_id":"menschen-a2@2.1.0","german_definition":"","english":"","direction_policy":"language-pair","canonical_unit":{"id":"ma2-lu-0271","type":"verb","headword":"erreichen","persian_meaning":"رسیدن، به دست آوردن، تماس گرفتن","core":{"present_3sg":"erreicht","preterite_3sg":"erreichte","perfect":"hat erreicht","auxiliary":"haben","reflexive":false,"separability":"inseparable"},"examples":[{"id":"ma2-lu-0271-ex-001","lang":"de-DE","text":"Wann kann ich dich erreichen?","order":1,"translations":[{"lang":"fa-IR","text":"چه زمانی می‌توانم با تو تماس بگیرم؟"},{"lang":"en-US","text":"When can I reach you?"}]}],"metadata":{"dataset_id":"menschen-a2","unit_order":271,"tags":["menschen-a2","a2"]},"provenance":{"sources":[{"source_id":"menschen_a2_user_screenshots","source_kind":"course","what_was_verified":["orthography","persian_gloss","morphology","example_attestation"],"verification_status":"verified","locator":"screenshot-10:row-13;source-order=271","accessed_at":"2026-09-02","evidence_note":"Authoritative user-supplied source row. Raw German bundle: erreichen [+A], erreicht, erreichte, hat erreicht"},{"source_id":"assistant_translation_review","source_kind":"other","what_was_verified":["persian_example_translation","english_example_translation"],"verification_status":"verified","accessed_at":"2026-09-02","evidence_note":"Production translation generated and sense-alignment reviewed against the German example and canonical Persian meaning; this is internal production evidence, not an external lexicon claim."}]},"details":{"grammar_notes":["Akkusativobjekt (Quellennotation)"]}},"present":"erreicht","preterite":"erreichte","perfect":"hat erreicht","participle_ii":"","auxiliary":"haben","reflexive":false,"is_reflexive":false,"is_separable":false,"rection":"","typingCore":"erreichen","typingStandard":"erreichen","typingTargetLang":"de-DE","typingTargetDir":"ltr","typingTargetLabel":"Wort"}	menschen-a2; a2		271
ma2-lu-0272	de-vocabulary	German	verb	Menschen A2	A2			besitzen	مالک بودن، داشتن	Deutsch	فارسی	de-DE	fa-IR	front-core	[{"text":"Ich besitze keinen Porsche.","lang":"de-DE","role":"example","label":"ma2-lu-0272-ex-001","order":1},{"text":"I don't own a Porsche.","lang":"en-US","role":"example","label":"translation:ma2-lu-0272-ex-001","order":2}]	[]	[]	[{"title":"Formen","items":["Präsens (3. Sg.): besitzt","Präteritum: besaß","Perfekt: hat besessen","Hilfsverb: haben"]},{"title":"Grammar Notes","items":["Akkusativobjekt (Quellennotation)"]}]	{"entry_type":"verb","canonical_entry_type":"verb","learning_unit_id":"ma2-lu-0272","semantic_identity":"ma2-lu-0272","german_learning_contract":"gfp-german-learning-content@1.0.0","semantic_contract":"gfp-german-language-content@3.1.3","source_profile_id":"menschen-a2@2.1.0","german_definition":"","english":"","direction_policy":"language-pair","canonical_unit":{"id":"ma2-lu-0272","type":"verb","headword":"besitzen","persian_meaning":"مالک بودن، داشتن","core":{"present_3sg":"besitzt","preterite_3sg":"besaß","perfect":"hat besessen","auxiliary":"haben","reflexive":false,"separability":"inseparable"},"examples":[{"id":"ma2-lu-0272-ex-001","lang":"de-DE","text":"Ich besitze keinen Porsche.","order":1,"translations":[{"lang":"fa-IR","text":"من پورشه ندارم."},{"lang":"en-US","text":"I don't own a Porsche."}]}],"metadata":{"dataset_id":"menschen-a2","unit_order":272,"tags":["menschen-a2","a2"]},"provenance":{"sources":[{"source_id":"menschen_a2_user_screenshots","source_kind":"course","what_was_verified":["orthography","persian_gloss","morphology","example_attestation"],"verification_status":"verified","locator":"screenshot-10:row-14;source-order=272","accessed_at":"2026-09-02","evidence_note":"Authoritative user-supplied source row. Raw German bundle: besitzen [+A], besitzt, besaß, hat besessen"},{"source_id":"assistant_translation_review","source_kind":"other","what_was_verified":["persian_example_translation","english_example_translation"],"verification_status":"verified","accessed_at":"2026-09-02","evidence_note":"Production translation generated and sense-alignment reviewed against the German example and canonical Persian meaning; this is internal production evidence, not an external lexicon claim."}]},"details":{"grammar_notes":["Akkusativobjekt (Quellennotation)"]}},"present":"besitzt","preterite":"besaß","perfect":"hat besessen","participle_ii":"","auxiliary":"haben","reflexive":false,"is_reflexive":false,"is_separable":false,"rection":"","typingCore":"besitzen","typingStandard":"besitzen","typingTargetLang":"de-DE","typingTargetDir":"ltr","typingTargetLabel":"Wort"}	menschen-a2; a2		272
ma2-lu-0273	de-vocabulary	German	verb	Menschen A2	A2			teilen	تقسیم کردن	Deutsch	فارسی	de-DE	fa-IR	front-core	[{"text":"Teilst du dein Geld mit mir?","lang":"de-DE","role":"example","label":"ma2-lu-0273-ex-001","order":1},{"text":"Will you share your money with me?","lang":"en-US","role":"example","label":"translation:ma2-lu-0273-ex-001","order":2}]	[]	[]	[{"title":"Formen","items":["Präsens (3. Sg.): teilt","Präteritum: teilte","Perfekt: hat geteilt","Hilfsverb: haben"]},{"title":"Grammar Notes","items":["Akkusativobjekt (Quellennotation)"]}]	{"entry_type":"verb","canonical_entry_type":"verb","learning_unit_id":"ma2-lu-0273","semantic_identity":"ma2-lu-0273","german_learning_contract":"gfp-german-learning-content@1.0.0","semantic_contract":"gfp-german-language-content@3.1.3","source_profile_id":"menschen-a2@2.1.0","german_definition":"","english":"","direction_policy":"language-pair","canonical_unit":{"id":"ma2-lu-0273","type":"verb","headword":"teilen","persian_meaning":"تقسیم کردن","core":{"present_3sg":"teilt","preterite_3sg":"teilte","perfect":"hat geteilt","auxiliary":"haben","reflexive":false,"separability":"non_prefixed"},"examples":[{"id":"ma2-lu-0273-ex-001","lang":"de-DE","text":"Teilst du dein Geld mit mir?","order":1,"translations":[{"lang":"fa-IR","text":"پولت را با من تقسیم می‌کنی؟"},{"lang":"en-US","text":"Will you share your money with me?"}]}],"metadata":{"dataset_id":"menschen-a2","unit_order":273,"tags":["menschen-a2","a2"]},"provenance":{"sources":[{"source_id":"menschen_a2_user_screenshots","source_kind":"course","what_was_verified":["orthography","persian_gloss","morphology","example_attestation"],"verification_status":"verified","locator":"screenshot-10:row-15;source-order=273","accessed_at":"2026-09-02","evidence_note":"Authoritative user-supplied source row. Raw German bundle: teilen [+A], teilt, teilte, hat geteilt"},{"source_id":"assistant_translation_review","source_kind":"other","what_was_verified":["persian_example_translation","english_example_translation"],"verification_status":"verified","accessed_at":"2026-09-02","evidence_note":"Production translation generated and sense-alignment reviewed against the German example and canonical Persian meaning; this is internal production evidence, not an external lexicon claim."}]},"details":{"grammar_notes":["Akkusativobjekt (Quellennotation)"]}},"present":"teilt","preterite":"teilte","perfect":"hat geteilt","participle_ii":"","auxiliary":"haben","reflexive":false,"is_reflexive":false,"is_separable":false,"rection":"","typingCore":"teilen","typingStandard":"teilen","typingTargetLang":"de-DE","typingTargetDir":"ltr","typingTargetLabel":"Wort"}	menschen-a2; a2		273
ma2-lu-0274	de-vocabulary	German	phrase	Menschen A2	A2			sich teilen (Akk.)	تقسیم یا منشعب شدن	Deutsch	فارسی	de-DE	fa-IR	front-core	[{"text":"Zwei Stellen teilen sich die Aufgaben innerhalb des RMS","lang":"de-DE","role":"example","label":"ma2-lu-0274-ex-001","order":1},{"text":"Two departments share the tasks within the RMS.","lang":"en-US","role":"example","label":"translation:ma2-lu-0274-ex-001","order":2}]	[]	[]	[]	{"entry_type":"phrase","canonical_entry_type":"phrase","learning_unit_id":"ma2-lu-0274","semantic_identity":"ma2-lu-0274","german_learning_contract":"gfp-german-learning-content@1.0.0","semantic_contract":"gfp-german-language-content@3.1.3","source_profile_id":"menschen-a2@2.1.0","german_definition":"","english":"","direction_policy":"language-pair","canonical_unit":{"id":"ma2-lu-0274","type":"phrase","headword":"sich teilen (Akk.)","persian_meaning":"تقسیم یا منشعب شدن","core":{"structure":"sich teilen (Akk.)"},"examples":[{"id":"ma2-lu-0274-ex-001","lang":"de-DE","text":"Zwei Stellen teilen sich die Aufgaben innerhalb des RMS","order":1,"translations":[{"lang":"fa-IR","text":"دو بخش وظایف را در داخل RMS بین خود تقسیم می‌کنند."},{"lang":"en-US","text":"Two departments share the tasks within the RMS."}]}],"metadata":{"dataset_id":"menschen-a2","unit_order":274,"tags":["menschen-a2","a2"]},"provenance":{"sources":[{"source_id":"menschen_a2_user_screenshots","source_kind":"course","what_was_verified":["orthography","persian_gloss","example_attestation"],"verification_status":"verified","locator":"screenshot-10:row-16;source-order=274","accessed_at":"2026-09-02","evidence_note":"Authoritative user-supplied source row. Raw German bundle: sich teilen [+A]"},{"source_id":"assistant_translation_review","source_kind":"other","what_was_verified":["persian_example_translation","english_example_translation"],"verification_status":"verified","accessed_at":"2026-09-02","evidence_note":"Production translation generated and sense-alignment reviewed against the German example and canonical Persian meaning; this is internal production evidence, not an external lexicon claim."}]}}}	menschen-a2; a2		274
ma2-lu-0275	de-vocabulary	German	verb	Menschen A2	A2			berichten	گزارش دادن، تعریف کردن	Deutsch	فارسی	de-DE	fa-IR	front-core	[{"text":"Ich habe ihm alles berichtet.","lang":"de-DE","role":"example","label":"ma2-lu-0275-ex-001","order":1},{"text":"I told him everything.","lang":"en-US","role":"example","label":"translation:ma2-lu-0275-ex-001","order":2}]	[]	[]	[{"title":"Formen","items":["Präsens (3. Sg.): berichtet","Präteritum: berichtete","Perfekt: hat berichtet","Hilfsverb: haben"]}]	{"entry_type":"verb","canonical_entry_type":"verb","learning_unit_id":"ma2-lu-0275","semantic_identity":"ma2-lu-0275","german_learning_contract":"gfp-german-learning-content@1.0.0","semantic_contract":"gfp-german-language-content@3.1.3","source_profile_id":"menschen-a2@2.1.0","german_definition":"","english":"","direction_policy":"language-pair","canonical_unit":{"id":"ma2-lu-0275","type":"verb","headword":"berichten","persian_meaning":"گزارش دادن، تعریف کردن","core":{"present_3sg":"berichtet","preterite_3sg":"berichtete","perfect":"hat berichtet","auxiliary":"haben","reflexive":false,"separability":"inseparable"},"examples":[{"id":"ma2-lu-0275-ex-001","lang":"de-DE","text":"Ich habe ihm alles berichtet.","order":1,"translations":[{"lang":"fa-IR","text":"همه چیز را به او گزارش دادم."},{"lang":"en-US","text":"I told him everything."}]}],"metadata":{"dataset_id":"menschen-a2","unit_order":275,"tags":["menschen-a2","a2"]},"provenance":{"sources":[{"source_id":"menschen_a2_user_screenshots","source_kind":"course","what_was_verified":["orthography","persian_gloss","morphology","example_attestation"],"verification_status":"verified","locator":"screenshot-10:row-17;source-order=275","accessed_at":"2026-09-02","evidence_note":"Authoritative user-supplied source row. Raw German bundle: berichten, berichtet, berichtete, hat berichtet / Bericht erstatten"},{"source_id":"assistant_translation_review","source_kind":"other","what_was_verified":["persian_example_translation","english_example_translation"],"verification_status":"verified","accessed_at":"2026-09-02","evidence_note":"Production translation generated and sense-alignment reviewed against the German example and canonical Persian meaning; this is internal production evidence, not an external lexicon claim."}]}},"present":"berichtet","preterite":"berichtete","perfect":"hat berichtet","participle_ii":"","auxiliary":"haben","reflexive":false,"is_reflexive":false,"is_separable":false,"rection":"","typingCore":"berichten","typingStandard":"berichten","typingTargetLang":"de-DE","typingTargetDir":"ltr","typingTargetLabel":"Wort"}	menschen-a2; a2		275
ma2-lu-0276	de-vocabulary	German	phrase	Menschen A2	A2			über etw. (Akk.) berichten	درباره چیزی گزارش دادن	Deutsch	فارسی	de-DE	fa-IR	front-core	[{"text":"Sie berichtete über die Reise, von dem Unfall","lang":"de-DE","role":"example","label":"ma2-lu-0276-ex-001","order":1},{"text":"She reported on the trip and the accident.","lang":"en-US","role":"example","label":"translation:ma2-lu-0276-ex-001","order":2}]	[]	[]	[]	{"entry_type":"phrase","canonical_entry_type":"phrase","learning_unit_id":"ma2-lu-0276","semantic_identity":"ma2-lu-0276","german_learning_contract":"gfp-german-learning-content@1.0.0","semantic_contract":"gfp-german-language-content@3.1.3","source_profile_id":"menschen-a2@2.1.0","german_definition":"","english":"","direction_policy":"language-pair","canonical_unit":{"id":"ma2-lu-0276","type":"phrase","headword":"über etw. (Akk.) berichten","persian_meaning":"درباره چیزی گزارش دادن","core":{"structure":"über etw. (Akk.) berichten"},"examples":[{"id":"ma2-lu-0276-ex-001","lang":"de-DE","text":"Sie berichtete über die Reise, von dem Unfall","order":1,"translations":[{"lang":"fa-IR","text":"او درباره سفر و حادثه گزارش داد."},{"lang":"en-US","text":"She reported on the trip and the accident."}]}],"metadata":{"dataset_id":"menschen-a2","unit_order":276,"tags":["menschen-a2","a2"]},"provenance":{"sources":[{"source_id":"menschen_a2_user_screenshots","source_kind":"course","what_was_verified":["orthography","persian_gloss","example_attestation"],"verification_status":"verified","locator":"screenshot-10:row-18;source-order=276","accessed_at":"2026-09-02","evidence_note":"Authoritative user-supplied source row. Raw German bundle: über etw.Akk. berichten"},{"source_id":"assistant_translation_review","source_kind":"other","what_was_verified":["persian_example_translation","english_example_translation"],"verification_status":"verified","accessed_at":"2026-09-02","evidence_note":"Production translation generated and sense-alignment reviewed against the German example and canonical Persian meaning; this is internal production evidence, not an external lexicon claim."}]}}}	menschen-a2; a2		276
ma2-lu-0277	de-vocabulary	German	verb	Menschen A2	A2			kündigen	فسخ یا لغو کردن، استعفا دادن	Deutsch	فارسی	de-DE	fa-IR	front-core	[{"text":"Ich kündige meine Stelle.","lang":"de-DE","role":"example","label":"ma2-lu-0277-ex-001","order":1},{"text":"I am resigning from my job.","lang":"en-US","role":"example","label":"translation:ma2-lu-0277-ex-001","order":2}]	[]	[]	[{"title":"Formen","items":["Präsens (3. Sg.): kündigt","Präteritum: kündigte","Perfekt: hat gekündigt","Hilfsverb: haben"]},{"title":"Grammar Notes","items":["Dativ- oder Akkusativobjekt je nach Verwendung (Quellennotation)"]}]	{"entry_type":"verb","canonical_entry_type":"verb","learning_unit_id":"ma2-lu-0277","semantic_identity":"ma2-lu-0277","german_learning_contract":"gfp-german-learning-content@1.0.0","semantic_contract":"gfp-german-language-content@3.1.3","source_profile_id":"menschen-a2@2.1.0","german_definition":"","english":"","direction_policy":"language-pair","canonical_unit":{"id":"ma2-lu-0277","type":"verb","headword":"kündigen","persian_meaning":"فسخ یا لغو کردن، استعفا دادن","core":{"present_3sg":"kündigt","preterite_3sg":"kündigte","perfect":"hat gekündigt","auxiliary":"haben","reflexive":false,"separability":"non_prefixed"},"examples":[{"id":"ma2-lu-0277-ex-001","lang":"de-DE","text":"Ich kündige meine Stelle.","order":1,"translations":[{"lang":"fa-IR","text":"من از شغلم استعفا می‌دهم."},{"lang":"en-US","text":"I am resigning from my job."}]}],"metadata":{"dataset_id":"menschen-a2","unit_order":277,"tags":["menschen-a2","a2"]},"provenance":{"sources":[{"source_id":"menschen_a2_user_screenshots","source_kind":"course","what_was_verified":["orthography","persian_gloss","morphology","example_attestation"],"verification_status":"verified","locator":"screenshot-10:row-19;source-order=277","accessed_at":"2026-09-02","evidence_note":"Authoritative user-supplied source row. Raw German bundle: kündigen [+D/+A], kündigt, kündigte, hat gekündigt"},{"source_id":"assistant_translation_review","source_kind":"other","what_was_verified":["persian_example_translation","english_example_translation"],"verification_status":"verified","accessed_at":"2026-09-02","evidence_note":"Production translation generated and sense-alignment reviewed against the German example and canonical Persian meaning; this is internal production evidence, not an external lexicon claim."}]},"details":{"grammar_notes":["Dativ- oder Akkusativobjekt je nach Verwendung (Quellennotation)"]}},"present":"kündigt","preterite":"kündigte","perfect":"hat gekündigt","participle_ii":"","auxiliary":"haben","reflexive":false,"is_reflexive":false,"is_separable":false,"rection":"","typingCore":"kündigen","typingStandard":"kündigen","typingTargetLang":"de-DE","typingTargetDir":"ltr","typingTargetLabel":"Wort"}	menschen-a2; a2		277
ma2-lu-0278	de-vocabulary	German	phrase	Menschen A2	A2			mit etw. (Dat.) zufrieden sein	از چیزی راضی بودن	Deutsch	فارسی	de-DE	fa-IR	front-core	[{"text":"Ich bin mit der Wohnung zufrieden.","lang":"de-DE","role":"example","label":"ma2-lu-0278-ex-001","order":1},{"text":"I am satisfied with the apartment.","lang":"en-US","role":"example","label":"translation:ma2-lu-0278-ex-001","order":2}]	[]	[]	[]	{"entry_type":"phrase","canonical_entry_type":"phrase","learning_unit_id":"ma2-lu-0278","semantic_identity":"ma2-lu-0278","german_learning_contract":"gfp-german-learning-content@1.0.0","semantic_contract":"gfp-german-language-content@3.1.3","source_profile_id":"menschen-a2@2.1.0","german_definition":"","english":"","direction_policy":"language-pair","canonical_unit":{"id":"ma2-lu-0278","type":"phrase","headword":"mit etw. (Dat.) zufrieden sein","persian_meaning":"از چیزی راضی بودن","core":{"structure":"mit etw. (Dat.) zufrieden sein"},"examples":[{"id":"ma2-lu-0278-ex-001","lang":"de-DE","text":"Ich bin mit der Wohnung zufrieden.","order":1,"translations":[{"lang":"fa-IR","text":"من از آپارتمان راضی هستم."},{"lang":"en-US","text":"I am satisfied with the apartment."}]}],"metadata":{"dataset_id":"menschen-a2","unit_order":278,"tags":["menschen-a2","a2"]},"provenance":{"sources":[{"source_id":"menschen_a2_user_screenshots","source_kind":"course","what_was_verified":["orthography","persian_gloss","example_attestation"],"verification_status":"verified","locator":"screenshot-10:row-20;source-order=278","accessed_at":"2026-09-02","evidence_note":"Authoritative user-supplied source row. Raw German bundle: mit etw.Dat. zufrieden sein / er ist mit nichts zufrieden"},{"source_id":"assistant_translation_review","source_kind":"other","what_was_verified":["persian_example_translation","english_example_translation"],"verification_status":"verified","accessed_at":"2026-09-02","evidence_note":"Production translation generated and sense-alignment reviewed against the German example and canonical Persian meaning; this is internal production evidence, not an external lexicon claim."}]}}}	menschen-a2; a2		278
ma2-lu-0279	de-vocabulary	German	verb	Menschen A2	A2			kopieren	کپی کردن	Deutsch	فارسی	de-DE	fa-IR	front-core	[{"text":"Kann ich mir diesen Artikel kopieren?","lang":"de-DE","role":"example","label":"ma2-lu-0279-ex-001","order":1},{"text":"Can I copy this article for myself?","lang":"en-US","role":"example","label":"translation:ma2-lu-0279-ex-001","order":2}]	[]	[]	[{"title":"Formen","items":["Präsens (3. Sg.): kopiert","Präteritum: kopierte","Perfekt: hat kopiert","Hilfsverb: haben"]},{"title":"Grammar Notes","items":["Akkusativobjekt (Quellennotation)"]}]	{"entry_type":"verb","canonical_entry_type":"verb","learning_unit_id":"ma2-lu-0279","semantic_identity":"ma2-lu-0279","german_learning_contract":"gfp-german-learning-content@1.0.0","semantic_contract":"gfp-german-language-content@3.1.3","source_profile_id":"menschen-a2@2.1.0","german_definition":"","english":"","direction_policy":"language-pair","canonical_unit":{"id":"ma2-lu-0279","type":"verb","headword":"kopieren","persian_meaning":"کپی کردن","core":{"present_3sg":"kopiert","preterite_3sg":"kopierte","perfect":"hat kopiert","auxiliary":"haben","reflexive":false,"separability":"non_prefixed"},"examples":[{"id":"ma2-lu-0279-ex-001","lang":"de-DE","text":"Kann ich mir diesen Artikel kopieren?","order":1,"translations":[{"lang":"fa-IR","text":"می‌توانم این مقاله را برای خودم کپی کنم؟"},{"lang":"en-US","text":"Can I copy this article for myself?"}]}],"metadata":{"dataset_id":"menschen-a2","unit_order":279,"tags":["menschen-a2","a2"]},"provenance":{"sources":[{"source_id":"menschen_a2_user_screenshots","source_kind":"course","what_was_verified":["orthography","persian_gloss","morphology","example_attestation"],"verification_status":"verified","locator":"screenshot-10:row-21;source-order=279","accessed_at":"2026-09-02","evidence_note":"Authoritative user-supplied source row. Raw German bundle: kopieren [+A], kopiert, kopierte, hat kopiert"},{"source_id":"assistant_translation_review","source_kind":"other","what_was_verified":["persian_example_translation","english_example_translation"],"verification_status":"verified","accessed_at":"2026-09-02","evidence_note":"Production translation generated and sense-alignment reviewed against the German example and canonical Persian meaning; this is internal production evidence, not an external lexicon claim."}]},"details":{"grammar_notes":["Akkusativobjekt (Quellennotation)"]}},"present":"kopiert","preterite":"kopierte","perfect":"hat kopiert","participle_ii":"","auxiliary":"haben","reflexive":false,"is_reflexive":false,"is_separable":false,"rection":"","typingCore":"kopieren","typingStandard":"kopieren","typingTargetLang":"de-DE","typingTargetDir":"ltr","typingTargetLabel":"Wort"}	menschen-a2; a2		279
ma2-lu-0280	de-vocabulary	German	verb	Menschen A2	A2			stören	مزاحم شدن، مختل کردن	Deutsch	فارسی	de-DE	fa-IR	front-core	[{"text":"Der Baulärm stört mich sehr.","lang":"de-DE","role":"example","label":"ma2-lu-0280-ex-001","order":1},{"text":"The construction noise bothers me a lot.","lang":"en-US","role":"example","label":"translation:ma2-lu-0280-ex-001","order":2}]	[]	[]	[{"title":"Formen","items":["Präsens (3. Sg.): stört","Präteritum: störte","Perfekt: hat gestört","Hilfsverb: haben"]},{"title":"Grammar Notes","items":["Akkusativobjekt (Quellennotation)"]}]	{"entry_type":"verb","canonical_entry_type":"verb","learning_unit_id":"ma2-lu-0280","semantic_identity":"ma2-lu-0280","german_learning_contract":"gfp-german-learning-content@1.0.0","semantic_contract":"gfp-german-language-content@3.1.3","source_profile_id":"menschen-a2@2.1.0","german_definition":"","english":"","direction_policy":"language-pair","canonical_unit":{"id":"ma2-lu-0280","type":"verb","headword":"stören","persian_meaning":"مزاحم شدن، مختل کردن","core":{"present_3sg":"stört","preterite_3sg":"störte","perfect":"hat gestört","auxiliary":"haben","reflexive":false,"separability":"non_prefixed"},"examples":[{"id":"ma2-lu-0280-ex-001","lang":"de-DE","text":"Der Baulärm stört mich sehr.","order":1,"translations":[{"lang":"fa-IR","text":"سر و صدای ساخت‌وساز خیلی مزاحمم می‌شود."},{"lang":"en-US","text":"The construction noise bothers me a lot."}]}],"metadata":{"dataset_id":"menschen-a2","unit_order":280,"tags":["menschen-a2","a2"]},"provenance":{"sources":[{"source_id":"menschen_a2_user_screenshots","source_kind":"course","what_was_verified":["orthography","persian_gloss","morphology","example_attestation"],"verification_status":"verified","locator":"screenshot-10:row-22;source-order=280","accessed_at":"2026-09-02","evidence_note":"Authoritative user-supplied source row. Raw German bundle: stören [+A], stört, störte, hat gestört"},{"source_id":"assistant_translation_review","source_kind":"other","what_was_verified":["persian_example_translation","english_example_translation"],"verification_status":"verified","accessed_at":"2026-09-02","evidence_note":"Production translation generated and sense-alignment reviewed against the German example and canonical Persian meaning; this is internal production evidence, not an external lexicon claim."}]},"details":{"grammar_notes":["Akkusativobjekt (Quellennotation)"]}},"present":"stört","preterite":"störte","perfect":"hat gestört","participle_ii":"","auxiliary":"haben","reflexive":false,"is_reflexive":false,"is_separable":false,"rection":"","typingCore":"stören","typingStandard":"stören","typingTargetLang":"de-DE","typingTargetDir":"ltr","typingTargetLabel":"Wort"}	menschen-a2; a2		280
ma2-lu-0281	de-vocabulary	German	verb	Menschen A2	A2			vorhaben	قصد یا برنامه داشتن	Deutsch	فارسی	de-DE	fa-IR	front-core	[{"text":"Er hat vor, sein Haus zu verkaufen.","lang":"de-DE","role":"example","label":"ma2-lu-0281-ex-001","order":1},{"text":"He intends to sell his house.","lang":"en-US","role":"example","label":"translation:ma2-lu-0281-ex-001","order":2}]	[]	[]	[{"title":"Formen","items":["Präsens (3. Sg.): hat vor","Präteritum: hatte vor","Perfekt: hat vorgehabt","Hilfsverb: haben"]},{"title":"Grammar Notes","items":["Akkusativobjekt (Quellennotation)"]}]	{"entry_type":"verb","canonical_entry_type":"verb","learning_unit_id":"ma2-lu-0281","semantic_identity":"ma2-lu-0281","german_learning_contract":"gfp-german-learning-content@1.0.0","semantic_contract":"gfp-german-language-content@3.1.3","source_profile_id":"menschen-a2@2.1.0","german_definition":"","english":"","direction_policy":"language-pair","canonical_unit":{"id":"ma2-lu-0281","type":"verb","headword":"vorhaben","persian_meaning":"قصد یا برنامه داشتن","core":{"present_3sg":"hat vor","preterite_3sg":"hatte vor","perfect":"hat vorgehabt","auxiliary":"haben","reflexive":false,"separability":"separable"},"examples":[{"id":"ma2-lu-0281-ex-001","lang":"de-DE","text":"Er hat vor, sein Haus zu verkaufen.","order":1,"translations":[{"lang":"fa-IR","text":"او قصد دارد خانه‌اش را بفروشد."},{"lang":"en-US","text":"He intends to sell his house."}]}],"metadata":{"dataset_id":"menschen-a2","unit_order":281,"tags":["menschen-a2","a2"]},"provenance":{"sources":[{"source_id":"menschen_a2_user_screenshots","source_kind":"course","what_was_verified":["orthography","persian_gloss","morphology","example_attestation"],"verification_status":"verified","locator":"screenshot-10:row-23;source-order=281","accessed_at":"2026-09-02","evidence_note":"Authoritative user-supplied source row. Raw German bundle: vorhaben [+A], hat vor, hatte vor, hat vorgehabt / beabsichtigen"},{"source_id":"assistant_translation_review","source_kind":"other","what_was_verified":["persian_example_translation","english_example_translation"],"verification_status":"verified","accessed_at":"2026-09-02","evidence_note":"Production translation generated and sense-alignment reviewed against the German example and canonical Persian meaning; this is internal production evidence, not an external lexicon claim."}]},"details":{"grammar_notes":["Akkusativobjekt (Quellennotation)"]}},"present":"hat vor","preterite":"hatte vor","perfect":"hat vorgehabt","participle_ii":"","auxiliary":"haben","reflexive":false,"is_reflexive":false,"is_separable":true,"rection":"","typingCore":"vorhaben","typingStandard":"vorhaben","typingTargetLang":"de-DE","typingTargetDir":"ltr","typingTargetLabel":"Wort"}	menschen-a2; a2		281
ma2-lu-0282	de-vocabulary	German	verb	Menschen A2	A2			ausdrucken	چاپ کردن	Deutsch	فارسی	de-DE	fa-IR	front-core	[{"text":"Der Drucker druckt den Text aus","lang":"de-DE","role":"example","label":"ma2-lu-0282-ex-001","order":1},{"text":"The printer prints the text.","lang":"en-US","role":"example","label":"translation:ma2-lu-0282-ex-001","order":2}]	[]	[]	[{"title":"Formen","items":["Präsens (3. Sg.): druckt aus","Präteritum: druckte aus","Perfekt: hat ausgedruckt","Hilfsverb: haben"]}]	{"entry_type":"verb","canonical_entry_type":"verb","learning_unit_id":"ma2-lu-0282","semantic_identity":"ma2-lu-0282","german_learning_contract":"gfp-german-learning-content@1.0.0","semantic_contract":"gfp-german-language-content@3.1.3","source_profile_id":"menschen-a2@2.1.0","german_definition":"","english":"","direction_policy":"language-pair","canonical_unit":{"id":"ma2-lu-0282","type":"verb","headword":"ausdrucken","persian_meaning":"چاپ کردن","core":{"present_3sg":"druckt aus","preterite_3sg":"druckte aus","perfect":"hat ausgedruckt","auxiliary":"haben","reflexive":false,"separability":"separable"},"examples":[{"id":"ma2-lu-0282-ex-001","lang":"de-DE","text":"Der Drucker druckt den Text aus","order":1,"translations":[{"lang":"fa-IR","text":"چاپگر متن را چاپ می‌کند."},{"lang":"en-US","text":"The printer prints the text."}]}],"metadata":{"dataset_id":"menschen-a2","unit_order":282,"tags":["menschen-a2","a2"]},"provenance":{"sources":[{"source_id":"menschen_a2_user_screenshots","source_kind":"course","what_was_verified":["orthography","persian_gloss","morphology","example_attestation"],"verification_status":"verified","locator":"screenshot-10:row-24;source-order=282","accessed_at":"2026-09-02","evidence_note":"Authoritative user-supplied source row. Raw German bundle: ausdrucken, druckt aus, druckte aus, hat ausgedruckt"},{"source_id":"assistant_translation_review","source_kind":"other","what_was_verified":["persian_example_translation","english_example_translation"],"verification_status":"verified","accessed_at":"2026-09-02","evidence_note":"Production translation generated and sense-alignment reviewed against the German example and canonical Persian meaning; this is internal production evidence, not an external lexicon claim."}]}},"present":"druckt aus","preterite":"druckte aus","perfect":"hat ausgedruckt","participle_ii":"","auxiliary":"haben","reflexive":false,"is_reflexive":false,"is_separable":true,"rection":"","typingCore":"ausdrucken","typingStandard":"ausdrucken","typingTargetLang":"de-DE","typingTargetDir":"ltr","typingTargetLabel":"Wort"}	menschen-a2; a2		282
ma2-lu-0283	de-vocabulary	German	verb	Menschen A2	A2			trennen	جدا کردن	Deutsch	فارسی	de-DE	fa-IR	front-core	[{"text":"Der Fluss trennt die beiden Länder.","lang":"de-DE","role":"example","label":"ma2-lu-0283-ex-001","order":1},{"text":"The river separates the two countries.","lang":"en-US","role":"example","label":"translation:ma2-lu-0283-ex-001","order":2}]	[]	[]	[{"title":"Formen","items":["Präsens (3. Sg.): trennt","Präteritum: trennte","Perfekt: hat getrennt","Hilfsverb: haben"]}]	{"entry_type":"verb","canonical_entry_type":"verb","learning_unit_id":"ma2-lu-0283","semantic_identity":"ma2-lu-0283","german_learning_contract":"gfp-german-learning-content@1.0.0","semantic_contract":"gfp-german-language-content@3.1.3","source_profile_id":"menschen-a2@2.1.0","german_definition":"","english":"","direction_policy":"language-pair","canonical_unit":{"id":"ma2-lu-0283","type":"verb","headword":"trennen","persian_meaning":"جدا کردن","core":{"present_3sg":"trennt","preterite_3sg":"trennte","perfect":"hat getrennt","auxiliary":"haben","reflexive":false,"separability":"non_prefixed"},"examples":[{"id":"ma2-lu-0283-ex-001","lang":"de-DE","text":"Der Fluss trennt die beiden Länder.","order":1,"translations":[{"lang":"fa-IR","text":"رودخانه این دو کشور را از هم جدا می‌کند."},{"lang":"en-US","text":"The river separates the two countries."}]}],"metadata":{"dataset_id":"menschen-a2","unit_order":283,"tags":["menschen-a2","a2"]},"provenance":{"sources":[{"source_id":"menschen_a2_user_screenshots","source_kind":"course","what_was_verified":["orthography","persian_gloss","morphology","example_attestation"],"verification_status":"verified","locator":"screenshot-10:row-25;source-order=283","accessed_at":"2026-09-02","evidence_note":"Authoritative user-supplied source row. Raw German bundle: trennen, trennte, hat getrennt"},{"source_id":"assistant_translation_review","source_kind":"other","what_was_verified":["persian_example_translation","english_example_translation"],"verification_status":"verified","accessed_at":"2026-09-02","evidence_note":"Production translation generated and sense-alignment reviewed against the German example and canonical Persian meaning; this is internal production evidence, not an external lexicon claim."}]}},"present":"trennt","preterite":"trennte","perfect":"hat getrennt","participle_ii":"","auxiliary":"haben","reflexive":false,"is_reflexive":false,"is_separable":false,"rection":"","typingCore":"trennen","typingStandard":"trennen","typingTargetLang":"de-DE","typingTargetDir":"ltr","typingTargetLabel":"Wort"}	menschen-a2; a2		283
ma2-lu-0284	de-vocabulary	German	verb	Menschen A2	A2			sich trennen	از هم جدا شدن، طلاق گرفتن	Deutsch	فارسی	de-DE	fa-IR	front-core	[{"text":"Sie hat sich von ihrem Mann getrennt.","lang":"de-DE","role":"example","label":"ma2-lu-0284-ex-001","order":1},{"text":"She has separated from her husband.","lang":"en-US","role":"example","label":"translation:ma2-lu-0284-ex-001","order":2}]	[]	[]	[{"title":"Formen","items":["Präsens (3. Sg.): trennt sich","Präteritum: trennte sich","Perfekt: hat sich getrennt","Hilfsverb: haben"]},{"title":"Grammar Notes","items":["Akkusativobjekt (Quellennotation)"]}]	{"entry_type":"verb","canonical_entry_type":"verb","learning_unit_id":"ma2-lu-0284","semantic_identity":"ma2-lu-0284","german_learning_contract":"gfp-german-learning-content@1.0.0","semantic_contract":"gfp-german-language-content@3.1.3","source_profile_id":"menschen-a2@2.1.0","german_definition":"","english":"","direction_policy":"language-pair","canonical_unit":{"id":"ma2-lu-0284","type":"verb","headword":"sich trennen","persian_meaning":"از هم جدا شدن، طلاق گرفتن","core":{"present_3sg":"trennt sich","preterite_3sg":"trennte sich","perfect":"hat sich getrennt","auxiliary":"haben","reflexive":true,"separability":"non_prefixed"},"examples":[{"id":"ma2-lu-0284-ex-001","lang":"de-DE","text":"Sie hat sich von ihrem Mann getrennt.","order":1,"translations":[{"lang":"fa-IR","text":"او از شوهرش جدا شده است."},{"lang":"en-US","text":"She has separated from her husband."}]}],"metadata":{"dataset_id":"menschen-a2","unit_order":284,"tags":["menschen-a2","a2"]},"provenance":{"sources":[{"source_id":"menschen_a2_user_screenshots","source_kind":"course","what_was_verified":["orthography","persian_gloss","morphology","example_attestation"],"verification_status":"verified","locator":"screenshot-10:row-26;source-order=284","accessed_at":"2026-09-02","evidence_note":"Authoritative user-supplied source row. Raw German bundle: sich trennen [+A], trennte sich, hat sich getrennt"},{"source_id":"assistant_translation_review","source_kind":"other","what_was_verified":["persian_example_translation","english_example_translation"],"verification_status":"verified","accessed_at":"2026-09-02","evidence_note":"Production translation generated and sense-alignment reviewed against the German example and canonical Persian meaning; this is internal production evidence, not an external lexicon claim."}]},"details":{"grammar_notes":["Akkusativobjekt (Quellennotation)"]}},"present":"trennt sich","preterite":"trennte sich","perfect":"hat sich getrennt","participle_ii":"","auxiliary":"haben","reflexive":true,"is_reflexive":true,"is_separable":false,"rection":"","typingCore":"sich trennen","typingStandard":"sich trennen","typingTargetLang":"de-DE","typingTargetDir":"ltr","typingTargetLabel":"Wort"}	menschen-a2; a2		284
ma2-lu-0285	de-vocabulary	German	phrase	Menschen A2	A2			sich von jdm. trennen	از کسی جدا شدن	Deutsch	فارسی	de-DE	fa-IR	front-core	[{"text":"Das Ehepaar hat sich getrennt","lang":"de-DE","role":"example","label":"ma2-lu-0285-ex-001","order":1},{"text":"The couple has separated.","lang":"en-US","role":"example","label":"translation:ma2-lu-0285-ex-001","order":2}]	[]	[]	[]	{"entry_type":"phrase","canonical_entry_type":"phrase","learning_unit_id":"ma2-lu-0285","semantic_identity":"ma2-lu-0285","german_learning_contract":"gfp-german-learning-content@1.0.0","semantic_contract":"gfp-german-language-content@3.1.3","source_profile_id":"menschen-a2@2.1.0","german_definition":"","english":"","direction_policy":"language-pair","canonical_unit":{"id":"ma2-lu-0285","type":"phrase","headword":"sich von jdm. trennen","persian_meaning":"از کسی جدا شدن","core":{"structure":"sich von jdm. trennen"},"examples":[{"id":"ma2-lu-0285-ex-001","lang":"de-DE","text":"Das Ehepaar hat sich getrennt","order":1,"translations":[{"lang":"fa-IR","text":"این زوج از هم جدا شده‌اند."},{"lang":"en-US","text":"The couple has separated."}]}],"metadata":{"dataset_id":"menschen-a2","unit_order":285,"tags":["menschen-a2","a2"]},"provenance":{"sources":[{"source_id":"menschen_a2_user_screenshots","source_kind":"course","what_was_verified":["orthography","persian_gloss","example_attestation"],"verification_status":"verified","locator":"screenshot-10:row-27;source-order=285","accessed_at":"2026-09-02","evidence_note":"Authoritative user-supplied source row. Raw German bundle: sich von jdm. trennen"},{"source_id":"assistant_translation_review","source_kind":"other","what_was_verified":["persian_example_translation","english_example_translation"],"verification_status":"verified","accessed_at":"2026-09-02","evidence_note":"Production translation generated and sense-alignment reviewed against the German example and canonical Persian meaning; this is internal production evidence, not an external lexicon claim."}]}}}	menschen-a2; a2		285
ma2-lu-0287	de-vocabulary	German	verb	Menschen A2	A2			beantragen	درخواست کردن	Deutsch	فارسی	de-DE	fa-IR	front-core	[{"text":"Er habe das Arbeitslosengeld beantragt.","lang":"de-DE","role":"example","label":"ma2-lu-0287-ex-001","order":1},{"text":"He applied for unemployment benefits.","lang":"en-US","role":"example","label":"translation:ma2-lu-0287-ex-001","order":2}]	[]	[]	[{"title":"Formen","items":["Präsens (3. Sg.): beantragt","Präteritum: beantragte","Perfekt: hat beantragt","Hilfsverb: haben"]},{"title":"Grammar Notes","items":["Akkusativobjekt (Quellennotation)"]}]	{"entry_type":"verb","canonical_entry_type":"verb","learning_unit_id":"ma2-lu-0287","semantic_identity":"ma2-lu-0287","german_learning_contract":"gfp-german-learning-content@1.0.0","semantic_contract":"gfp-german-language-content@3.1.3","source_profile_id":"menschen-a2@2.1.0","german_definition":"","english":"","direction_policy":"language-pair","canonical_unit":{"id":"ma2-lu-0287","type":"verb","headword":"beantragen","persian_meaning":"درخواست کردن","core":{"present_3sg":"beantragt","preterite_3sg":"beantragte","perfect":"hat beantragt","auxiliary":"haben","reflexive":false,"separability":"inseparable"},"examples":[{"id":"ma2-lu-0287-ex-001","lang":"de-DE","text":"Er habe das Arbeitslosengeld beantragt.","order":1,"translations":[{"lang":"fa-IR","text":"او برای دریافت کمک‌هزینه بیکاری درخواست داده است."},{"lang":"en-US","text":"He applied for unemployment benefits."}]}],"metadata":{"dataset_id":"menschen-a2","unit_order":287,"tags":["menschen-a2","a2"]},"provenance":{"sources":[{"source_id":"menschen_a2_user_screenshots","source_kind":"course","what_was_verified":["orthography","persian_gloss","morphology","example_attestation"],"verification_status":"verified","locator":"screenshot-10:row-29;source-order=287","accessed_at":"2026-09-02","evidence_note":"Authoritative user-supplied source row. Raw German bundle: beantragen [+A], beantragt, beantragte, hat beantragt"},{"source_id":"assistant_translation_review","source_kind":"other","what_was_verified":["persian_example_translation","english_example_translation"],"verification_status":"verified","accessed_at":"2026-09-02","evidence_note":"Production translation generated and sense-alignment reviewed against the German example and canonical Persian meaning; this is internal production evidence, not an external lexicon claim."}]},"details":{"grammar_notes":["Akkusativobjekt (Quellennotation)"]}},"present":"beantragt","preterite":"beantragte","perfect":"hat beantragt","participle_ii":"","auxiliary":"haben","reflexive":false,"is_reflexive":false,"is_separable":false,"rection":"","typingCore":"beantragen","typingStandard":"beantragen","typingTargetLang":"de-DE","typingTargetDir":"ltr","typingTargetLabel":"Wort"}	menschen-a2; a2		287
ma2-lu-0288	de-vocabulary	German	phrase	Menschen A2	A2			die Erinnerung an jdn./etw. wach halten	یاد کسی یا چیزی را زنده نگه داشتن	Deutsch	فارسی	de-DE	fa-IR	front-core	[{"text":"Wir halten die Erinnerung an ihn wach.","lang":"de-DE","role":"example","label":"ma2-lu-0288-ex-001","order":1},{"text":"We keep his memory alive.","lang":"en-US","role":"example","label":"translation:ma2-lu-0288-ex-001","order":2}]	[]	[]	[]	{"entry_type":"phrase","canonical_entry_type":"phrase","learning_unit_id":"ma2-lu-0288","semantic_identity":"ma2-lu-0288","german_learning_contract":"gfp-german-learning-content@1.0.0","semantic_contract":"gfp-german-language-content@3.1.3","source_profile_id":"menschen-a2@2.1.0","german_definition":"","english":"","direction_policy":"language-pair","canonical_unit":{"id":"ma2-lu-0288","type":"phrase","headword":"die Erinnerung an jdn./etw. wach halten","persian_meaning":"یاد کسی یا چیزی را زنده نگه داشتن","core":{"structure":"die Erinnerung an jdn./etw. wach halten"},"examples":[{"id":"ma2-lu-0288-ex-001","lang":"de-DE","text":"Wir halten die Erinnerung an ihn wach.","order":1,"translations":[{"lang":"fa-IR","text":"ما یاد او را زنده نگه می‌داریم."},{"lang":"en-US","text":"We keep his memory alive."}]}],"metadata":{"dataset_id":"menschen-a2","unit_order":288,"tags":["menschen-a2","a2"]},"provenance":{"sources":[{"source_id":"menschen_a2_user_screenshots","source_kind":"course","what_was_verified":["orthography","persian_gloss","example_attestation"],"verification_status":"verified","locator":"screenshot-10:row-30;source-order=288","accessed_at":"2026-09-02","evidence_note":"Authoritative user-supplied source row. Raw German bundle: die Erinnerung an jdn./etw. wach halten / im Gedächtnis behalten / sich erinnern an"},{"source_id":"assistant_translation_review","source_kind":"other","what_was_verified":["persian_example_translation","english_example_translation"],"verification_status":"verified","accessed_at":"2026-09-02","evidence_note":"Production translation generated and sense-alignment reviewed against the German example and canonical Persian meaning; this is internal production evidence, not an external lexicon claim."}]}}}	menschen-a2; a2		288
ma2-lu-0289	de-vocabulary	German	verb	Menschen A2	A2			vermissen	دلتنگ کسی یا چیزی بودن، نبود چیزی را حس کردن	Deutsch	فارسی	de-DE	fa-IR	front-core	[{"text":"Die Kinder, die Ehefrau, den Freund sehr vermissen","lang":"de-DE","role":"example","label":"ma2-lu-0289-ex-001","order":1},{"text":"to miss the children, one's wife, or a friend very much","lang":"en-US","role":"example","label":"translation:ma2-lu-0289-ex-001","order":2}]	[]	[]	[{"title":"Formen","items":["Präsens (3. Sg.): vermisst","Präteritum: vermisste","Perfekt: hat vermisst","Hilfsverb: haben"]},{"title":"Grammar Notes","items":["Akkusativobjekt (Quellennotation)"]}]	{"entry_type":"verb","canonical_entry_type":"verb","learning_unit_id":"ma2-lu-0289","semantic_identity":"ma2-lu-0289","german_learning_contract":"gfp-german-learning-content@1.0.0","semantic_contract":"gfp-german-language-content@3.1.3","source_profile_id":"menschen-a2@2.1.0","german_definition":"","english":"","direction_policy":"language-pair","canonical_unit":{"id":"ma2-lu-0289","type":"verb","headword":"vermissen","persian_meaning":"دلتنگ کسی یا چیزی بودن، نبود چیزی را حس کردن","core":{"present_3sg":"vermisst","preterite_3sg":"vermisste","perfect":"hat vermisst","auxiliary":"haben","reflexive":false,"separability":"inseparable"},"examples":[{"id":"ma2-lu-0289-ex-001","lang":"de-DE","text":"Die Kinder, die Ehefrau, den Freund sehr vermissen","order":1,"translations":[{"lang":"fa-IR","text":"خیلی دلتنگ بچه‌ها، همسر یا دوست بودن"},{"lang":"en-US","text":"to miss the children, one's wife, or a friend very much"}]}],"metadata":{"dataset_id":"menschen-a2","unit_order":289,"tags":["menschen-a2","a2"]},"provenance":{"sources":[{"source_id":"menschen_a2_user_screenshots","source_kind":"course","what_was_verified":["orthography","persian_gloss","morphology","example_attestation"],"verification_status":"verified","locator":"screenshot-11:row-1;source-order=289","accessed_at":"2026-09-02","evidence_note":"Authoritative user-supplied source row. Raw German bundle: vermissen [+A], vermisst, vermisste, hat vermisst"},{"source_id":"assistant_translation_review","source_kind":"other","what_was_verified":["persian_example_translation","english_example_translation"],"verification_status":"verified","accessed_at":"2026-09-02","evidence_note":"Production translation generated and sense-alignment reviewed against the German example and canonical Persian meaning; this is internal production evidence, not an external lexicon claim."}]},"details":{"grammar_notes":["Akkusativobjekt (Quellennotation)"]}},"present":"vermisst","preterite":"vermisste","perfect":"hat vermisst","participle_ii":"","auxiliary":"haben","reflexive":false,"is_reflexive":false,"is_separable":false,"rection":"","typingCore":"vermissen","typingStandard":"vermissen","typingTargetLang":"de-DE","typingTargetDir":"ltr","typingTargetLabel":"Wort"}	menschen-a2; a2		289
ma2-lu-0290	de-vocabulary	German	verb	Menschen A2	A2			sich verspäten	دیر کردن، تأخیر داشتن	Deutsch	فارسی	de-DE	fa-IR	front-core	[{"text":"Warum hast du dich so lange verspätet?","lang":"de-DE","role":"example","label":"ma2-lu-0290-ex-001","order":1},{"text":"Why were you so late?","lang":"en-US","role":"example","label":"translation:ma2-lu-0290-ex-001","order":2}]	[]	[]	[{"title":"Formen","items":["Präsens (3. Sg.): verspätet sich","Präteritum: verspätete sich","Perfekt: hat sich verspätet","Hilfsverb: haben"]},{"title":"Grammar Notes","items":["Akkusativobjekt (Quellennotation)"]}]	{"entry_type":"verb","canonical_entry_type":"verb","learning_unit_id":"ma2-lu-0290","semantic_identity":"ma2-lu-0290","german_learning_contract":"gfp-german-learning-content@1.0.0","semantic_contract":"gfp-german-language-content@3.1.3","source_profile_id":"menschen-a2@2.1.0","german_definition":"","english":"","direction_policy":"language-pair","canonical_unit":{"id":"ma2-lu-0290","type":"verb","headword":"sich verspäten","persian_meaning":"دیر کردن، تأخیر داشتن","core":{"present_3sg":"verspätet sich","preterite_3sg":"verspätete sich","perfect":"hat sich verspätet","auxiliary":"haben","reflexive":true,"separability":"inseparable"},"examples":[{"id":"ma2-lu-0290-ex-001","lang":"de-DE","text":"Warum hast du dich so lange verspätet?","order":1,"translations":[{"lang":"fa-IR","text":"چرا این‌قدر دیر کردی؟"},{"lang":"en-US","text":"Why were you so late?"}]}],"metadata":{"dataset_id":"menschen-a2","unit_order":290,"tags":["menschen-a2","a2"]},"provenance":{"sources":[{"source_id":"menschen_a2_user_screenshots","source_kind":"course","what_was_verified":["orthography","persian_gloss","morphology","example_attestation"],"verification_status":"verified","locator":"screenshot-11:row-2;source-order=290","accessed_at":"2026-09-02","evidence_note":"Authoritative user-supplied source row. Raw German bundle: sich verspäten [+A], verspätete sich, hat sich verspätet"},{"source_id":"assistant_translation_review","source_kind":"other","what_was_verified":["persian_example_translation","english_example_translation"],"verification_status":"verified","accessed_at":"2026-09-02","evidence_note":"Production translation generated and sense-alignment reviewed against the German example and canonical Persian meaning; this is internal production evidence, not an external lexicon claim."}]},"details":{"grammar_notes":["Akkusativobjekt (Quellennotation)"]}},"present":"verspätet sich","preterite":"verspätete sich","perfect":"hat sich verspätet","participle_ii":"","auxiliary":"haben","reflexive":true,"is_reflexive":true,"is_separable":false,"rection":"","typingCore":"sich verspäten","typingStandard":"sich verspäten","typingTargetLang":"de-DE","typingTargetDir":"ltr","typingTargetLabel":"Wort"}	menschen-a2; a2		290
ma2-lu-0291	de-vocabulary	German	verb	Menschen A2	A2			leiten	مدیریت و هدایت کردن	Deutsch	فارسی	de-DE	fa-IR	front-core	[{"text":"Einen Betrieb, eine Schule leiten","lang":"de-DE","role":"example","label":"ma2-lu-0291-ex-001","order":1},{"text":"to run a business or a school","lang":"en-US","role":"example","label":"translation:ma2-lu-0291-ex-001","order":2}]	[]	[]	[{"title":"Formen","items":["Präsens (3. Sg.): leitet","Präteritum: leitete","Perfekt: hat geleitet","Hilfsverb: haben"]}]	{"entry_type":"verb","canonical_entry_type":"verb","learning_unit_id":"ma2-lu-0291","semantic_identity":"ma2-lu-0291","german_learning_contract":"gfp-german-learning-content@1.0.0","semantic_contract":"gfp-german-language-content@3.1.3","source_profile_id":"menschen-a2@2.1.0","german_definition":"","english":"","direction_policy":"language-pair","canonical_unit":{"id":"ma2-lu-0291","type":"verb","headword":"leiten","persian_meaning":"مدیریت و هدایت کردن","core":{"present_3sg":"leitet","preterite_3sg":"leitete","perfect":"hat geleitet","auxiliary":"haben","reflexive":false,"separability":"non_prefixed"},"examples":[{"id":"ma2-lu-0291-ex-001","lang":"de-DE","text":"Einen Betrieb, eine Schule leiten","order":1,"translations":[{"lang":"fa-IR","text":"یک شرکت یا مدرسه را اداره کردن"},{"lang":"en-US","text":"to run a business or a school"}]}],"metadata":{"dataset_id":"menschen-a2","unit_order":291,"tags":["menschen-a2","a2"]},"provenance":{"sources":[{"source_id":"menschen_a2_user_screenshots","source_kind":"course","what_was_verified":["orthography","persian_gloss","morphology","example_attestation"],"verification_status":"verified","locator":"screenshot-11:row-3;source-order=291","accessed_at":"2026-09-02","evidence_note":"Authoritative user-supplied source row. Raw German bundle: leiten, leitet, leitete, hat geleitet"},{"source_id":"assistant_translation_review","source_kind":"other","what_was_verified":["persian_example_translation","english_example_translation"],"verification_status":"verified","accessed_at":"2026-09-02","evidence_note":"Production translation generated and sense-alignment reviewed against the German example and canonical Persian meaning; this is internal production evidence, not an external lexicon claim."}]}},"present":"leitet","preterite":"leitete","perfect":"hat geleitet","participle_ii":"","auxiliary":"haben","reflexive":false,"is_reflexive":false,"is_separable":false,"rection":"","typingCore":"leiten","typingStandard":"leiten","typingTargetLang":"de-DE","typingTargetDir":"ltr","typingTargetLabel":"Wort"}	menschen-a2; a2		291
ma2-lu-0293	de-vocabulary	German	verb	Menschen A2	A2			ausfallen	لغو شدن، از کار افتادن	Deutsch	فارسی	de-DE	fa-IR	front-core	[{"text":"Nächste Woche fällt der Kurs aus","lang":"de-DE","role":"example","label":"ma2-lu-0293-ex-001","order":1},{"text":"The class is canceled next week.","lang":"en-US","role":"example","label":"translation:ma2-lu-0293-ex-001","order":2}]	[]	[]	[{"title":"Formen","items":["Präsens (3. Sg.): fällt aus","Präteritum: fiel aus","Perfekt: ist ausgefallen","Hilfsverb: sein"]}]	{"entry_type":"verb","canonical_entry_type":"verb","learning_unit_id":"ma2-lu-0293","semantic_identity":"ma2-lu-0293","german_learning_contract":"gfp-german-learning-content@1.0.0","semantic_contract":"gfp-german-language-content@3.1.3","source_profile_id":"menschen-a2@2.1.0","german_definition":"","english":"","direction_policy":"language-pair","canonical_unit":{"id":"ma2-lu-0293","type":"verb","headword":"ausfallen","persian_meaning":"لغو شدن، از کار افتادن","core":{"present_3sg":"fällt aus","preterite_3sg":"fiel aus","perfect":"ist ausgefallen","auxiliary":"sein","reflexive":false,"separability":"separable"},"examples":[{"id":"ma2-lu-0293-ex-001","lang":"de-DE","text":"Nächste Woche fällt der Kurs aus","order":1,"translations":[{"lang":"fa-IR","text":"هفته آینده کلاس برگزار نمی‌شود."},{"lang":"en-US","text":"The class is canceled next week."}]}],"metadata":{"dataset_id":"menschen-a2","unit_order":293,"tags":["menschen-a2","a2"]},"provenance":{"sources":[{"source_id":"menschen_a2_user_screenshots","source_kind":"course","what_was_verified":["orthography","persian_gloss","morphology","example_attestation"],"verification_status":"verified","locator":"screenshot-11:row-5;source-order=293","accessed_at":"2026-09-02","evidence_note":"Authoritative user-supplied source row. Raw German bundle: ausfallen, fällt aus, fiel aus, ist ausgefallen"},{"source_id":"assistant_translation_review","source_kind":"other","what_was_verified":["persian_example_translation","english_example_translation"],"verification_status":"verified","accessed_at":"2026-09-02","evidence_note":"Production translation generated and sense-alignment reviewed against the German example and canonical Persian meaning; this is internal production evidence, not an external lexicon claim."}]}},"present":"fällt aus","preterite":"fiel aus","perfect":"ist ausgefallen","participle_ii":"","auxiliary":"sein","reflexive":false,"is_reflexive":false,"is_separable":true,"rection":"","typingCore":"ausfallen","typingStandard":"ausfallen","typingTargetLang":"de-DE","typingTargetDir":"ltr","typingTargetLabel":"Wort"}	menschen-a2; a2		293
ma2-lu-0294	de-vocabulary	German	verb	Menschen A2	A2			informieren	اطلاع دادن، باخبر کردن	Deutsch	فارسی	de-DE	fa-IR	front-core	[{"text":"Mein Chef wollte mich heute informieren","lang":"de-DE","role":"example","label":"ma2-lu-0294-ex-001","order":1},{"text":"My boss wanted to inform me today.","lang":"en-US","role":"example","label":"translation:ma2-lu-0294-ex-001","order":2}]	[]	[]	[{"title":"Formen","items":["Präsens (3. Sg.): informiert","Präteritum: informierte","Perfekt: hat informiert","Hilfsverb: haben"]},{"title":"Grammar Notes","items":["Akkusativobjekt (Quellennotation)"]}]	{"entry_type":"verb","canonical_entry_type":"verb","learning_unit_id":"ma2-lu-0294","semantic_identity":"ma2-lu-0294","german_learning_contract":"gfp-german-learning-content@1.0.0","semantic_contract":"gfp-german-language-content@3.1.3","source_profile_id":"menschen-a2@2.1.0","german_definition":"","english":"","direction_policy":"language-pair","canonical_unit":{"id":"ma2-lu-0294","type":"verb","headword":"informieren","persian_meaning":"اطلاع دادن، باخبر کردن","core":{"present_3sg":"informiert","preterite_3sg":"informierte","perfect":"hat informiert","auxiliary":"haben","reflexive":false,"separability":"non_prefixed"},"examples":[{"id":"ma2-lu-0294-ex-001","lang":"de-DE","text":"Mein Chef wollte mich heute informieren","order":1,"translations":[{"lang":"fa-IR","text":"رئیسم می‌خواست امروز من را مطلع کند."},{"lang":"en-US","text":"My boss wanted to inform me today."}]}],"metadata":{"dataset_id":"menschen-a2","unit_order":294,"tags":["menschen-a2","a2"]},"provenance":{"sources":[{"source_id":"menschen_a2_user_screenshots","source_kind":"course","what_was_verified":["orthography","persian_gloss","morphology","example_attestation"],"verification_status":"verified","locator":"screenshot-11:row-6;source-order=294","accessed_at":"2026-09-02","evidence_note":"Authoritative user-supplied source row. Raw German bundle: informieren [+A], informierte, hat informiert"},{"source_id":"assistant_translation_review","source_kind":"other","what_was_verified":["persian_example_translation","english_example_translation"],"verification_status":"verified","accessed_at":"2026-09-02","evidence_note":"Production translation generated and sense-alignment reviewed against the German example and canonical Persian meaning; this is internal production evidence, not an external lexicon claim."}]},"details":{"grammar_notes":["Akkusativobjekt (Quellennotation)"]}},"present":"informiert","preterite":"informierte","perfect":"hat informiert","participle_ii":"","auxiliary":"haben","reflexive":false,"is_reflexive":false,"is_separable":false,"rection":"","typingCore":"informieren","typingStandard":"informieren","typingTargetLang":"de-DE","typingTargetDir":"ltr","typingTargetLabel":"Wort"}	menschen-a2; a2		294
ma2-lu-0295	de-vocabulary	German	phrase	Menschen A2	A2			sich über jdn./etw. informieren	درباره کسی یا چیزی اطلاعات کسب کردن	Deutsch	فارسی	de-DE	fa-IR	front-core	[{"text":"Informieren Sie mich doch bitte kurz über den Stand der Dinge.","lang":"de-DE","role":"example","label":"ma2-lu-0295-ex-001","order":1},{"text":"Please briefly inform me about the current state of affairs.","lang":"en-US","role":"example","label":"translation:ma2-lu-0295-ex-001","order":2}]	[]	[]	[]	{"entry_type":"phrase","canonical_entry_type":"phrase","learning_unit_id":"ma2-lu-0295","semantic_identity":"ma2-lu-0295","german_learning_contract":"gfp-german-learning-content@1.0.0","semantic_contract":"gfp-german-language-content@3.1.3","source_profile_id":"menschen-a2@2.1.0","german_definition":"","english":"","direction_policy":"language-pair","canonical_unit":{"id":"ma2-lu-0295","type":"phrase","headword":"sich über jdn./etw. informieren","persian_meaning":"درباره کسی یا چیزی اطلاعات کسب کردن","core":{"structure":"sich über jdn./etw. informieren"},"examples":[{"id":"ma2-lu-0295-ex-001","lang":"de-DE","text":"Informieren Sie mich doch bitte kurz über den Stand der Dinge.","order":1,"translations":[{"lang":"fa-IR","text":"لطفاً کوتاه من را از وضعیت فعلی امور باخبر کنید."},{"lang":"en-US","text":"Please briefly inform me about the current state of affairs."}]}],"metadata":{"dataset_id":"menschen-a2","unit_order":295,"tags":["menschen-a2","a2"]},"provenance":{"sources":[{"source_id":"menschen_a2_user_screenshots","source_kind":"course","what_was_verified":["orthography","persian_gloss","example_attestation"],"verification_status":"verified","locator":"screenshot-11:row-7;source-order=295","accessed_at":"2026-09-02","evidence_note":"Authoritative user-supplied source row. Raw German bundle: sich über jdn./etw. informieren"},{"source_id":"assistant_translation_review","source_kind":"other","what_was_verified":["persian_example_translation","english_example_translation"],"verification_status":"verified","accessed_at":"2026-09-02","evidence_note":"Production translation generated and sense-alignment reviewed against the German example and canonical Persian meaning; this is internal production evidence, not an external lexicon claim."}]}}}	menschen-a2; a2		295
ma2-lu-0296	de-vocabulary	German	verb	Menschen A2	A2			umbuchen	رزرو را تغییر دادن	Deutsch	فارسی	de-DE	fa-IR	front-core	[{"text":"Eine Planänderung zwang uns, den Flug umzubuchen.","lang":"de-DE","role":"example","label":"ma2-lu-0296-ex-001","order":1},{"text":"A change of plans forced us to rebook the flight.","lang":"en-US","role":"example","label":"translation:ma2-lu-0296-ex-001","order":2}]	[]	[]	[{"title":"Formen","items":["Präsens (3. Sg.): bucht um","Präteritum: buchte um","Perfekt: hat umgebucht","Hilfsverb: haben"]},{"title":"Grammar Notes","items":["Akkusativobjekt (Quellennotation)"]}]	{"entry_type":"verb","canonical_entry_type":"verb","learning_unit_id":"ma2-lu-0296","semantic_identity":"ma2-lu-0296","german_learning_contract":"gfp-german-learning-content@1.0.0","semantic_contract":"gfp-german-language-content@3.1.3","source_profile_id":"menschen-a2@2.1.0","german_definition":"","english":"","direction_policy":"language-pair","canonical_unit":{"id":"ma2-lu-0296","type":"verb","headword":"umbuchen","persian_meaning":"رزرو را تغییر دادن","core":{"present_3sg":"bucht um","preterite_3sg":"buchte um","perfect":"hat umgebucht","auxiliary":"haben","reflexive":false,"separability":"separable"},"examples":[{"id":"ma2-lu-0296-ex-001","lang":"de-DE","text":"Eine Planänderung zwang uns, den Flug umzubuchen.","order":1,"translations":[{"lang":"fa-IR","text":"تغییر برنامه ما را مجبور کرد پرواز را دوباره رزرو کنیم."},{"lang":"en-US","text":"A change of plans forced us to rebook the flight."}]}],"metadata":{"dataset_id":"menschen-a2","unit_order":296,"tags":["menschen-a2","a2"]},"provenance":{"sources":[{"source_id":"menschen_a2_user_screenshots","source_kind":"course","what_was_verified":["orthography","persian_gloss","morphology","example_attestation"],"verification_status":"verified","locator":"screenshot-11:row-8;source-order=296","accessed_at":"2026-09-02","evidence_note":"Authoritative user-supplied source row. Raw German bundle: umbuchen [+A], bucht um, buchte um, hat umgebucht"},{"source_id":"assistant_translation_review","source_kind":"other","what_was_verified":["persian_example_translation","english_example_translation"],"verification_status":"verified","accessed_at":"2026-09-02","evidence_note":"Production translation generated and sense-alignment reviewed against the German example and canonical Persian meaning; this is internal production evidence, not an external lexicon claim."}]},"details":{"grammar_notes":["Akkusativobjekt (Quellennotation)"]}},"present":"bucht um","preterite":"buchte um","perfect":"hat umgebucht","participle_ii":"","auxiliary":"haben","reflexive":false,"is_reflexive":false,"is_separable":true,"rection":"","typingCore":"umbuchen","typingStandard":"umbuchen","typingTargetLang":"de-DE","typingTargetDir":"ltr","typingTargetLabel":"Wort"}	menschen-a2; a2		296
ma2-lu-0297	de-vocabulary	German	verb	Menschen A2	A2			ausrasten	از کوره در رفتن، عصبانی شدن	Deutsch	فارسی	de-DE	fa-IR	front-core	[{"text":"Er ist total ausgerastet. / Er ist plötzlich wütend geworden.","lang":"de-DE","role":"example","label":"ma2-lu-0297-ex-001","order":1},{"text":"He completely lost his temper. / He suddenly became very angry.","lang":"en-US","role":"example","label":"translation:ma2-lu-0297-ex-001","order":2}]	[]	[]	[{"title":"Formen","items":["Präsens (3. Sg.): rastet aus","Präteritum: rastete aus","Perfekt: hat ausgerastet","Hilfsverb: haben"]}]	{"entry_type":"verb","canonical_entry_type":"verb","learning_unit_id":"ma2-lu-0297","semantic_identity":"ma2-lu-0297","german_learning_contract":"gfp-german-learning-content@1.0.0","semantic_contract":"gfp-german-language-content@3.1.3","source_profile_id":"menschen-a2@2.1.0","german_definition":"","english":"","direction_policy":"language-pair","canonical_unit":{"id":"ma2-lu-0297","type":"verb","headword":"ausrasten","persian_meaning":"از کوره در رفتن، عصبانی شدن","core":{"present_3sg":"rastet aus","preterite_3sg":"rastete aus","perfect":"hat ausgerastet","auxiliary":"haben","reflexive":false,"separability":"separable"},"examples":[{"id":"ma2-lu-0297-ex-001","lang":"de-DE","text":"Er ist total ausgerastet. / Er ist plötzlich wütend geworden.","order":1,"translations":[{"lang":"fa-IR","text":"او کاملاً از کوره در رفت. / ناگهان خیلی عصبانی شد."},{"lang":"en-US","text":"He completely lost his temper. / He suddenly became very angry."}]}],"metadata":{"dataset_id":"menschen-a2","unit_order":297,"tags":["menschen-a2","a2"]},"provenance":{"sources":[{"source_id":"menschen_a2_user_screenshots","source_kind":"course","what_was_verified":["orthography","persian_gloss","morphology","example_attestation"],"verification_status":"verified","locator":"screenshot-11:row-9;source-order=297","accessed_at":"2026-09-02","evidence_note":"Authoritative user-supplied source row. Raw German bundle: ausrasten, rastete aus/ausrastete, hat ausgerastet / durchdrehen"},{"source_id":"assistant_translation_review","source_kind":"other","what_was_verified":["persian_example_translation","english_example_translation"],"verification_status":"verified","accessed_at":"2026-09-02","evidence_note":"Production translation generated and sense-alignment reviewed against the German example and canonical Persian meaning; this is internal production evidence, not an external lexicon claim."}]}},"present":"rastet aus","preterite":"rastete aus","perfect":"hat ausgerastet","participle_ii":"","auxiliary":"haben","reflexive":false,"is_reflexive":false,"is_separable":true,"rection":"","typingCore":"ausrasten","typingStandard":"ausrasten","typingTargetLang":"de-DE","typingTargetDir":"ltr","typingTargetLabel":"Wort"}	menschen-a2; a2		297
